2026-07-11 06:07:02 | INFO | trading.strategy2_signal_filter:check:493 | S2 skip: approach>=block (G3, level exhausted) | {'symbol': 'BUSDT', 'level': 0.2462, 'approach_count': 4, 'block_threshold': 4}
2026-07-11 06:07:02 | INFO | trading.strategy2_signal_filter:check:505 | S2: level marked dead, monitor will stop sending proximity | {'symbol': 'BUSDT', 'level': 0.2462, 'approach_count': 4}
2026-07-11 06:07:02 | INFO | __main__:_proximity_loop:1258 | Proximity alert sent | {'symbol': 'BUSDT', 'level': 0.2462, 'distance_pct': 1.7165668662674642}
2026-07-11 06:07:02 | INFO | trading.strategy2_signal_filter:check:641 | S2 market phase | {'symbol': 'BUSDT', 'phase': 'drop_tradeable', 'note': 'drop_tradeable:bq=0.90'}
2026-07-11 06:09:20 | INFO | __main__:_proximity_arm_loop:1948 | proximity-arm activated | {'symbol': 'USUSDT', 'level': 0.0224, 'type': 'pump_base', 'strength': 5, 'dist_atr': 1.95}
2026-07-11 06:09:20 | INFO | __main__:_run_phase1:414 | Pump degraded, skipping monitoring | {'symbol': 'USUSDT', 'health': 40, 'broken': 0, 'correction': '74%'}
2026-07-11 06:13:16 | INFO | __main__:_auto_screener_loop:306 | Auto screener completed | {'total': 1, 'new': 0}
2026-07-11 06:13:45 | INFO | trading.price_tracker:_save_post_exit_range:187 | post_exit_tracker saved | {'trade_id': '31412e75-62a6-47ed-812d-9aead6d38447', 'high': 0.002157, 'low': 0.001956}
2026-07-11 06:13:50 | INFO | __main__:_proximity_arm_loop:1948 | proximity-arm activated | {'symbol': 'TACUSDT', 'level': 0.003371, 'type': 'pump_base', 'strength': 5, 'dist_atr': 1.2}
2026-07-11 06:13:50 | INFO | __main__:_run_phase1:414 | Pump degraded, skipping monitoring | {'symbol': 'TACUSDT', 'health': 40, 'broken': 0, 'correction': '143%'}
2026-07-11 06:16:20 | INFO | __main__:_proximity_arm_loop:1948 | proximity-arm activated | {'symbol': 'EVAAUSDT', 'level': 1.9309, 'type': 'pump_base', 'strength': 5, 'dist_atr': 1.76}
2026-07-11 06:16:20 | INFO | __main__:_run_phase1:414 | Pump degraded, skipping monitoring | {'symbol': 'EVAAUSDT', 'health': 25, 'broken': 0, 'correction': '95%'}
2026-07-11 06:19:19 | INFO | __main__:_proximity_loop:1381 | Weak level touch resolved | {'symbol': 'SKLUSDT', 'level': 0.00523, 'event': 'zakol', 'fill_depth': 0.5544933078393954}
2026-07-11 06:23:19 | INFO | __main__:_auto_screener_loop:306 | Auto screener completed | {'total': 2, 'new': 0}
2026-07-11 06:29:09 | INFO | __main__:_proximity_loop:1381 | Weak level touch resolved | {'symbol': 'SKLUSDT', 'level': 0.00523, 'event': 'bounce', 'fill_depth': 0.0}
2026-07-11 06:29:59 | INFO | trading.strategy5_live:_open_live:200 | S5Live OPEN | {'trade_id': '3273482a-e0c2-4111-ac3f-27558250fb1a', 'symbol': 'BUSDT', 'entry': 0.256, 'qty': 390.0, 'sl': 0.2530199, 'tp1': 0.2589801, 'tp2': 0.2619602, 'basis': 'pump+8.8% 2.0h retr1.5%/5c trigvol1.4x phase=unknown vdecay=0.68'}
2026-07-11 06:30:00 | INFO | trading.strategy5_continuation:_open_trade:363 | S5 trade opened | {'trade_id': '6538e79a-d10a-4788-9fe5-c30bedc7c064', 'symbol': 'BUSDT', 'entry': 0.2563, 'sl': 0.2530199, 'tp1': 0.2595801, 'tp2': 0.2628602, 'growth': 8.8, 'hours_since_peak': 2.0, 'trig_vol_ratio': 1.42}
2026-07-11 06:33:21 | INFO | __main__:_auto_screener_loop:306 | Auto screener completed | {'total': 1, 'new': 0}
2026-07-11 06:35:21 | INFO | __main__:_proximity_arm_loop:1948 | proximity-arm activated | {'symbol': 'XPINUSDT', 'level': 0.002087, 'type': 'pump_base', 'strength': 5, 'dist_atr': 1.34}
2026-07-11 06:35:22 | INFO | __main__:_run_phase1:652 | Level monitoring started | {'symbol': 'XPINUSDT', 'level': 0.001814, 'strength': 5}
2026-07-11 06:36:36 | WARNING | trading.strategy5_live:_finalize_closed:320 | S5Live: no executions, PnL estimated | {'trade_id': '3273482a-e0c2-4111-ac3f-27558250fb1a'}
2026-07-11 06:37:51 | INFO | __main__:_stale_monitor_loop:1179 | Stale monitor cancelled — rebuilding | {'symbol': 'XPINUSDT', 'level': 0.001814, 'current': 0.0021, 'distance_pct': 13.6}
2026-07-11 06:37:51 | INFO | __main__:_monitored:798 | Monitor cancelled | {'symbol': 'XPINUSDT', 'level': 0.001814}
2026-07-11 06:39:21 | INFO | __main__:_proximity_arm_loop:1948 | proximity-arm activated | {'symbol': 'USUSDT', 'level': 0.0224, 'type': 'pump_base', 'strength': 5, 'dist_atr': 1.06}
2026-07-11 06:39:21 | INFO | __main__:_run_phase1:414 | Pump degraded, skipping monitoring | {'symbol': 'USUSDT', 'health': 40, 'broken': 0, 'correction': '78%'}
2026-07-11 06:41:05 | INFO | __main__:_trigger_loop:357 | Trigger activated | {'symbol': 'MMTUSDT'}
2026-07-11 06:41:06 | INFO | __main__:_run_phase1:535 | No strong levels found | {'symbol': 'MMTUSDT', 'total_levels': 1}
2026-07-11 06:42:17 | INFO | __main__:_monitored:787 | Level outcome saved | {'symbol': 'BUSDT', 'level': 0.2462, 'result': 'пробой', 'outcome': 'breakout', 'duration': 2449.2}
2026-07-11 06:42:17 | INFO | __main__:_start_next_level_after_breakout:933 | Next level from cache started | {'symbol': 'BUSDT', 'level': 0.23522}
2026-07-11 06:42:21 | INFO | __main__:_proximity_arm_loop:1948 | proximity-arm activated | {'symbol': 'MMTUSDT', 'level': 0.1845, 'type': 'pump_base', 'strength': 5, 'dist_atr': 1.7}
2026-07-11 06:42:32 | INFO | __main__:_proximity_loop:1258 | Proximity alert sent | {'symbol': 'BUSDT', 'level': 0.23522, 'distance_pct': 1.828046744574288}
2026-07-11 06:42:32 | INFO | trading.strategy2_signal_filter:check:641 | S2 market phase | {'symbol': 'BUSDT', 'phase': 'drop_tradeable', 'note': 'drop_tradeable:bq=0.54'}
2026-07-11 06:42:32 | INFO | trading.strategy2_signal_filter:check:641 | S2 market phase | {'symbol': 'BUSDT', 'phase': 'drop_tradeable', 'note': 'drop_tradeable:bq=0.54'}
2026-07-11 06:42:37 | INFO | trading.strategy2_signal_filter:check:641 | S2 market phase | {'symbol': 'BUSDT', 'phase': 'drop_tradeable', 'note': 'drop_tradeable:bq=0.54'}
2026-07-11 06:42:52 | INFO | trading.strategy2_signal_filter:check:641 | S2 market phase | {'symbol': 'BUSDT', 'phase': 'drop_tradeable', 'note': 'drop_tradeable:bq=0.54'}
2026-07-11 06:42:52 | INFO | trading.strategy2_signal_filter:check:641 | S2 market phase | {'symbol': 'BUSDT', 'phase': 'drop_tradeable', 'note': 'drop_tradeable:bq=0.54'}
2026-07-11 06:42:57 | INFO | trading.strategy2_signal_filter:check:641 | S2 market phase | {'symbol': 'BUSDT', 'phase': 'drop_tradeable', 'note': 'drop_tradeable:bq=0.54'}
2026-07-11 06:43:02 | INFO | trading.strategy2_signal_filter:check:641 | S2 market phase | {'symbol': 'BUSDT', 'phase': 'drop_tradeable', 'note': 'drop_tradeable:bq=0.54'}
2026-07-11 06:43:07 | INFO | trading.strategy2_signal_filter:check:641 | S2 market phase | {'symbol': 'BUSDT', 'phase': 'drop_tradeable', 'note': 'drop_tradeable:bq=0.54'}
2026-07-11 06:43:07 | INFO | trading.strategy2_signal_filter:check:641 | S2 market phase | {'symbol': 'BUSDT', 'phase': 'drop_tradeable', 'note': 'drop_tradeable:bq=0.54'}
2026-07-11 06:43:12 | INFO | trading.strategy2_signal_filter:check:641 | S2 market phase | {'symbol': 'BUSDT', 'phase': 'drop_tradeable', 'note': 'drop_tradeable:bq=0.54'}
2026-07-11 06:43:18 | INFO | trading.strategy2_signal_filter:check:641 | S2 market phase | {'symbol': 'BUSDT', 'phase': 'drop_tradeable', 'note': 'drop_tradeable:bq=0.54'}
2026-07-11 06:43:23 | INFO | trading.strategy2_signal_filter:check:641 | S2 market phase | {'symbol': 'BUSDT', 'phase': 'drop_tradeable', 'note': 'drop_tradeable:bq=0.54'}
2026-07-11 06:43:23 | INFO | trading.strategy2_signal_filter:check:641 | S2 market phase | {'symbol': 'BUSDT', 'phase': 'drop_tradeable', 'note': 'drop_tradeable:bq=0.54'}
2026-07-11 06:43:24 | INFO | __main__:_auto_screener_loop:306 | Auto screener completed | {'total': 2, 'new': 0}
2026-07-11 06:43:28 | INFO | trading.strategy2_signal_filter:check:641 | S2 market phase | {'symbol': 'BUSDT', 'phase': 'drop_tradeable', 'note': 'drop_tradeable:bq=0.54'}
2026-07-11 06:43:38 | INFO | trading.strategy2_signal_filter:check:641 | S2 market phase | {'symbol': 'BUSDT', 'phase': 'drop_tradeable', 'note': 'drop_tradeable:bq=0.54'}
2026-07-11 06:43:51 | INFO | __main__:_proximity_arm_loop:1948 | proximity-arm activated | {'symbol': 'TACUSDT', 'level': 0.0033, 'type': 'pump_base', 'strength': 5, 'dist_atr': 2.6}
2026-07-11 06:43:51 | INFO | __main__:_run_phase1:414 | Pump degraded, skipping monitoring | {'symbol': 'TACUSDT', 'health': 40, 'broken': 0, 'correction': '221%'}
2026-07-11 06:43:53 | INFO | trading.strategy2_signal_filter:check:641 | S2 market phase | {'symbol': 'BUSDT', 'phase': 'drop_tradeable', 'note': 'drop_tradeable:bq=0.54'}
2026-07-11 06:44:08 | INFO | analysis.monitor:start_monitor:126 | monitor: skip level with non-positive p_bounce (won't pass entry filter) | {'symbol': 'BUSDT', 'level': 0.24119, 'level_type': 'body_level', 'p_bounce': 0.0, 'expected_depth': 0.0}
2026-07-11 06:44:08 | INFO | __main__:_monitored:798 | Monitor cancelled | {'symbol': 'BUSDT', 'level': 0.23522}
2026-07-11 06:44:08 | INFO | trading.strategy2_signal_filter:check:641 | S2 market phase | {'symbol': 'BUSDT', 'phase': 'drop_tradeable', 'note': 'drop_tradeable:bq=0.54'}
2026-07-11 06:44:08 | INFO | trading.strategy2_signal_filter:check:641 | S2 market phase | {'symbol': 'BUSDT', 'phase': 'drop_tradeable', 'note': 'drop_tradeable:bq=0.54'}
2026-07-11 06:44:08 | INFO | __main__:_start_resistance_after_bounce:1116 | Resistance monitor started | {'symbol': 'BUSDT', 'resistance': 0.24119, 'from_support': 0.23522}
2026-07-11 06:44:09 | INFO | __main__:_monitored:787 | Level outcome saved | {'symbol': 'BUSDT', 'level': 0.24119, 'result': 'отбой', 'outcome': None, 'duration': 0.0}
2026-07-11 06:44:21 | INFO | __main__:_proximity_arm_loop:1948 | proximity-arm activated | {'symbol': 'BUSDT', 'level': 0.2339, 'type': 'pump_base', 'strength': 5, 'dist_atr': 1.33}
2026-07-11 06:44:22 | INFO | __main__:_run_phase1:652 | Level monitoring started | {'symbol': 'BUSDT', 'level': 0.2324, 'strength': 5}
2026-07-11 06:44:57 | INFO | trading.strategy2_signal_filter:check:641 | S2 market phase | {'symbol': 'BUSDT', 'phase': 'drop_tradeable', 'note': 'drop_tradeable:bq=0.54'}
2026-07-11 06:44:59 | INFO | __main__:_proximity_loop:1258 | Proximity alert sent | {'symbol': 'BUSDT', 'level': 0.2324, 'distance_pct': 1.8995356690586762}
2026-07-11 06:44:59 | INFO | trading.strategy2_signal_filter:check:641 | S2 market phase | {'symbol': 'BUSDT', 'phase': 'drop_tradeable', 'note': 'drop_tradeable:bq=0.54'}
2026-07-11 06:45:02 | INFO | trading.strategy2_signal_filter:check:641 | S2 market phase | {'symbol': 'BUSDT', 'phase': 'drop_tradeable', 'note': 'drop_tradeable:bq=0.54'}
2026-07-11 06:45:07 | INFO | trading.strategy2_signal_filter:check:641 | S2 market phase | {'symbol': 'BUSDT', 'phase': 'drop_tradeable', 'note': 'drop_tradeable:bq=0.54'}
2026-07-11 06:45:47 | INFO | __main__:_monitored:787 | Level outcome saved | {'symbol': 'BUSDT', 'level': 0.2324, 'result': 'пробой', 'outcome': 'breakout', 'duration': 85.1}
2026-07-11 06:45:47 | INFO | __main__:_start_next_level_after_breakout:998 | No next level started but cache has candidates, keeping symbol | {'symbol': 'BUSDT'}
2026-07-11 06:46:51 | INFO | __main__:_proximity_arm_loop:1948 | proximity-arm activated | {'symbol': 'EVAAUSDT', 'level': 1.9333, 'type': 'pump_base', 'strength': 5, 'dist_atr': 1.37}
2026-07-11 06:46:51 | INFO | __main__:_run_phase1:414 | Pump degraded, skipping monitoring | {'symbol': 'EVAAUSDT', 'health': 40, 'broken': 0, 'correction': '88%'}
2026-07-11 06:48:23 | INFO | __main__:_trigger_loop:357 | Trigger activated | {'symbol': 'EVAAUSDT'}
2026-07-11 06:48:23 | INFO | __main__:_run_phase1:414 | Pump degraded, skipping monitoring | {'symbol': 'EVAAUSDT', 'health': 40, 'broken': 0, 'correction': '76%'}
2026-07-11 06:49:34 | INFO | __main__:_proximity_loop:1381 | Weak level touch resolved | {'symbol': 'SKLUSDT', 'level': 0.00523, 'event': 'bounce', 'fill_depth': 0.0}
2026-07-11 06:53:26 | INFO | __main__:_auto_screener_loop:306 | Auto screener completed | {'total': 2, 'new': 0}
2026-07-11 06:59:03 | INFO | __main__:_proximity_loop:1381 | Weak level touch resolved | {'symbol': 'SKLUSDT', 'level': 0.00523, 'event': 'zakol', 'fill_depth': 0.4015296367112846}
2026-07-11 07:03:29 | INFO | __main__:_auto_screener_loop:306 | Auto screener completed | {'total': 2, 'new': 0}
2026-07-11 07:05:22 | INFO | __main__:_proximity_arm_loop:1948 | proximity-arm activated | {'symbol': 'XPINUSDT', 'level': 0.001919, 'type': 'pump_base', 'strength': 5, 'dist_atr': 2.78}
2026-07-11 07:05:22 | INFO | __main__:_run_phase1:652 | Level monitoring started | {'symbol': 'XPINUSDT', 'level': 0.00190097, 'strength': 5}
2026-07-11 07:06:25 | INFO | __main__:_proximity_loop:1381 | Weak level touch resolved | {'symbol': 'SKLUSDT', 'level': 0.00523, 'event': 'bounce', 'fill_depth': 0.0}
2026-07-11 07:06:41 | INFO | trading.price_tracker:_save_post_exit_range:187 | post_exit_tracker saved | {'trade_id': '6538e79a-d10a-4788-9fe5-c30bedc7c064', 'high': 0.2561, 'low': 0.1943}
2026-07-11 07:09:18 | INFO | __main__:_trigger_loop:357 | Trigger activated | {'symbol': 'LABUSDT'}
2026-07-11 07:09:18 | INFO | __main__:_run_phase1:414 | Pump degraded, skipping monitoring | {'symbol': 'LABUSDT', 'health': 40, 'broken': 0, 'correction': '138%'}
2026-07-11 07:12:22 | INFO | __main__:_proximity_arm_loop:1948 | proximity-arm activated | {'symbol': 'MMTUSDT', 'level': 0.1845, 'type': 'pump_base', 'strength': 5, 'dist_atr': 1.16}
2026-07-11 07:12:22 | INFO | __main__:_run_phase1:535 | No strong levels found | {'symbol': 'MMTUSDT', 'total_levels': 1}
2026-07-11 07:13:32 | INFO | __main__:_auto_screener_loop:306 | Auto screener completed | {'total': 2, 'new': 0}
2026-07-11 07:15:28 | INFO | __main__:_trigger_loop:357 | Trigger activated | {'symbol': 'TACUSDT'}
2026-07-11 07:15:28 | INFO | __main__:_run_phase1:414 | Pump degraded, skipping monitoring | {'symbol': 'TACUSDT', 'health': 40, 'broken': 0, 'correction': '232%'}
2026-07-11 07:16:22 | INFO | __main__:_proximity_arm_loop:1948 | proximity-arm activated | {'symbol': 'BUSDT', 'level': 0.1898, 'type': 'pump_base', 'strength': 5, 'dist_atr': 1.88}
2026-07-11 07:16:23 | INFO | __main__:_run_phase1:652 | Level monitoring started | {'symbol': 'BUSDT', 'level': 0.1898, 'strength': 5}
2026-07-11 07:16:52 | INFO | __main__:_proximity_arm_loop:1948 | proximity-arm activated | {'symbol': 'TACUSDT', 'level': 0.003371, 'type': 'pump_base', 'strength': 5, 'dist_atr': 1.69}
2026-07-11 07:16:52 | INFO | __main__:_proximity_arm_loop:1948 | proximity-arm activated | {'symbol': 'EVAAUSDT', 'level': 1.8214, 'type': 'pump_base', 'strength': 5, 'dist_atr': 1.57}
2026-07-11 07:16:52 | INFO | __main__:_run_phase1:414 | Pump degraded, skipping monitoring | {'symbol': 'TACUSDT', 'health': 40, 'broken': 0, 'correction': '216%'}
2026-07-11 07:16:52 | INFO | __main__:_run_phase1:414 | Pump degraded, skipping monitoring | {'symbol': 'EVAAUSDT', 'health': 25, 'broken': 0, 'correction': '107%'}
2026-07-11 07:17:30 | INFO | __main__:_proximity_loop:1258 | Proximity alert sent | {'symbol': 'BUSDT', 'level': 0.1898, 'distance_pct': 1.9628099173553708}
2026-07-11 07:17:30 | INFO | trading.strategy2_signal_filter:check:641 | S2 market phase | {'symbol': 'BUSDT', 'phase': 'bleed', 'note': 'bleed:bq=0.37,dir_eff=0.52'}
2026-07-11 07:17:56 | INFO | trading.strategy2_signal_filter:check:641 | S2 market phase | {'symbol': 'BUSDT', 'phase': 'bleed', 'note': 'bleed:bq=0.37,dir_eff=0.52'}
2026-07-11 07:17:58 | INFO | trading.strategy2_signal_filter:check:641 | S2 market phase | {'symbol': 'BUSDT', 'phase': 'bleed', 'note': 'bleed:bq=0.37,dir_eff=0.52'}
2026-07-11 07:18:03 | INFO | trading.strategy2_signal_filter:check:641 | S2 market phase | {'symbol': 'BUSDT', 'phase': 'bleed', 'note': 'bleed:bq=0.37,dir_eff=0.52'}
2026-07-11 07:18:11 | INFO | trading.strategy2_signal_filter:check:641 | S2 market phase | {'symbol': 'BUSDT', 'phase': 'bleed', 'note': 'bleed:bq=0.37,dir_eff=0.52'}
2026-07-11 07:18:31 | INFO | trading.strategy2_signal_filter:check:641 | S2 market phase | {'symbol': 'BUSDT', 'phase': 'bleed', 'note': 'bleed:bq=0.37,dir_eff=0.52'}
2026-07-11 07:18:33 | INFO | trading.strategy2_signal_filter:check:641 | S2 market phase | {'symbol': 'BUSDT', 'phase': 'bleed', 'note': 'bleed:bq=0.37,dir_eff=0.52'}
2026-07-11 07:18:38 | INFO | trading.strategy2_signal_filter:check:641 | S2 market phase | {'symbol': 'BUSDT', 'phase': 'bleed', 'note': 'bleed:bq=0.37,dir_eff=0.52'}
2026-07-11 07:18:43 | INFO | trading.strategy2_signal_filter:check:641 | S2 market phase | {'symbol': 'BUSDT', 'phase': 'bleed', 'note': 'bleed:bq=0.37,dir_eff=0.51'}
2026-07-11 07:18:46 | INFO | trading.strategy2_signal_filter:check:641 | S2 market phase | {'symbol': 'BUSDT', 'phase': 'bleed', 'note': 'bleed:bq=0.37,dir_eff=0.51'}
2026-07-11 07:18:48 | INFO | trading.strategy2_signal_filter:check:641 | S2 market phase | {'symbol': 'BUSDT', 'phase': 'bleed', 'note': 'bleed:bq=0.37,dir_eff=0.51'}
2026-07-11 07:18:53 | INFO | trading.strategy2_signal_filter:check:641 | S2 market phase | {'symbol': 'BUSDT', 'phase': 'bleed', 'note': 'bleed:bq=0.37,dir_eff=0.51'}
2026-07-11 07:18:58 | INFO | trading.strategy2_signal_filter:check:641 | S2 market phase | {'symbol': 'BUSDT', 'phase': 'bleed', 'note': 'bleed:bq=0.37,dir_eff=0.51'}
2026-07-11 07:19:02 | INFO | trading.strategy2_signal_filter:check:641 | S2 market phase | {'symbol': 'BUSDT', 'phase': 'bleed', 'note': 'bleed:bq=0.37,dir_eff=0.51'}
2026-07-11 07:19:03 | INFO | trading.strategy2_signal_filter:check:641 | S2 market phase | {'symbol': 'BUSDT', 'phase': 'bleed', 'note': 'bleed:bq=0.37,dir_eff=0.51'}
2026-07-11 07:19:17 | INFO | trading.strategy2_signal_filter:check:641 | S2 market phase | {'symbol': 'BUSDT', 'phase': 'bleed', 'note': 'bleed:bq=0.37,dir_eff=0.53'}
2026-07-11 07:19:23 | INFO | trading.strategy2_signal_filter:check:641 | S2 market phase | {'symbol': 'BUSDT', 'phase': 'bleed', 'note': 'bleed:bq=0.37,dir_eff=0.54'}
2026-07-11 07:19:28 | INFO | trading.strategy2_signal_filter:check:641 | S2 market phase | {'symbol': 'BUSDT', 'phase': 'bleed', 'note': 'bleed:bq=0.37,dir_eff=0.54'}
2026-07-11 07:19:32 | INFO | trading.strategy2_signal_filter:check:641 | S2 market phase | {'symbol': 'BUSDT', 'phase': 'bleed', 'note': 'bleed:bq=0.37,dir_eff=0.54'}
2026-07-11 07:19:47 | INFO | trading.strategy2_signal_filter:check:641 | S2 market phase | {'symbol': 'BUSDT', 'phase': 'bleed', 'note': 'bleed:bq=0.37,dir_eff=0.54'}
2026-07-11 07:19:47 | INFO | trading.strategy5_continuation:_open_trade:363 | S5 trade opened | {'trade_id': 'c9eeeda5-d718-4522-9d3d-07c0d500214e', 'symbol': 'XPINUSDT', 'entry': 0.002049, 'sl': 0.0020079835, 'tp1': 0.0020900165, 'tp2': 0.002131033, 'growth': 8.6, 'hours_since_peak': 1.6, 'trig_vol_ratio': 1.91}
2026-07-11 07:19:49 | INFO | trading.strategy5_live:_open_live:200 | S5Live OPEN | {'trade_id': '47536d13-7379-4588-bfc2-884aef934b84', 'symbol': 'XPINUSDT', 'entry': 0.0020466, 'qty': 48800.0, 'sl': 0.0020079835000000002, 'tp1': 0.0020852164999999997, 'tp2': 0.0021238329999999995, 'basis': 'pump+8.6% 1.6h retr3.0%/4c trigvol1.9x phase=drop_tradeable vdecay=1.08'}
2026-07-11 07:20:03 | INFO | trading.strategy2_signal_filter:check:641 | S2 market phase | {'symbol': 'BUSDT', 'phase': 'bleed', 'note': 'bleed:bq=0.37,dir_eff=0.55'}
2026-07-11 07:20:18 | INFO | trading.strategy2_signal_filter:check:641 | S2 market phase | {'symbol': 'BUSDT', 'phase': 'bleed', 'note': 'bleed:bq=0.37,dir_eff=0.56'}
2026-07-11 07:20:33 | INFO | trading.strategy2_signal_filter:check:641 | S2 market phase | {'symbol': 'BUSDT', 'phase': 'bleed', 'note': 'bleed:bq=0.37,dir_eff=0.56'}
2026-07-11 07:20:48 | INFO | trading.strategy2_signal_filter:check:641 | S2 market phase | {'symbol': 'BUSDT', 'phase': 'bleed', 'note': 'bleed:bq=0.37,dir_eff=0.56'}
2026-07-11 07:21:04 | INFO | trading.strategy2_signal_filter:check:641 | S2 market phase | {'symbol': 'BUSDT', 'phase': 'bleed', 'note': 'bleed:bq=0.37,dir_eff=0.56'}
2026-07-11 07:21:24 | INFO | trading.strategy2_signal_filter:check:641 | S2 market phase | {'symbol': 'BUSDT', 'phase': 'bleed', 'note': 'bleed:bq=0.37,dir_eff=0.55'}
2026-07-11 07:21:24 | INFO | trading.strategy2_signal_filter:check:641 | S2 market phase | {'symbol': 'BUSDT', 'phase': 'bleed', 'note': 'bleed:bq=0.37,dir_eff=0.55'}
2026-07-11 07:21:29 | INFO | trading.strategy2_signal_filter:check:641 | S2 market phase | {'symbol': 'BUSDT', 'phase': 'bleed', 'note': 'bleed:bq=0.37,dir_eff=0.55'}
2026-07-11 07:21:34 | INFO | trading.strategy2_signal_filter:check:641 | S2 market phase | {'symbol': 'BUSDT', 'phase': 'bleed', 'note': 'bleed:bq=0.37,dir_eff=0.54'}
2026-07-11 07:21:39 | INFO | trading.strategy2_signal_filter:check:641 | S2 market phase | {'symbol': 'BUSDT', 'phase': 'bleed', 'note': 'bleed:bq=0.37,dir_eff=0.54'}
2026-07-11 07:21:49 | INFO | trading.strategy2_signal_filter:check:641 | S2 market phase | {'symbol': 'BUSDT', 'phase': 'bleed', 'note': 'bleed:bq=0.37,dir_eff=0.55'}
2026-07-11 07:21:54 | INFO | trading.strategy2_signal_filter:check:641 | S2 market phase | {'symbol': 'BUSDT', 'phase': 'bleed', 'note': 'bleed:bq=0.37,dir_eff=0.55'}
2026-07-11 07:21:54 | INFO | trading.strategy2_signal_filter:check:641 | S2 market phase | {'symbol': 'BUSDT', 'phase': 'bleed', 'note': 'bleed:bq=0.37,dir_eff=0.55'}
2026-07-11 07:22:10 | INFO | trading.strategy2_signal_filter:check:641 | S2 market phase | {'symbol': 'BUSDT', 'phase': 'bleed', 'note': 'bleed:bq=0.37,dir_eff=0.56'}
2026-07-11 07:22:15 | INFO | trading.strategy2_signal_filter:check:641 | S2 market phase | {'symbol': 'BUSDT', 'phase': 'bleed', 'note': 'bleed:bq=0.37,dir_eff=0.56'}
2026-07-11 07:22:20 | INFO | trading.strategy2_signal_filter:check:641 | S2 market phase | {'symbol': 'BUSDT', 'phase': 'bleed', 'note': 'bleed:bq=0.37,dir_eff=0.56'}
2026-07-11 07:22:25 | INFO | trading.strategy2_signal_filter:check:641 | S2 market phase | {'symbol': 'BUSDT', 'phase': 'bleed', 'note': 'bleed:bq=0.37,dir_eff=0.56'}
2026-07-11 07:22:25 | INFO | trading.strategy2_signal_filter:check:641 | S2 market phase | {'symbol': 'BUSDT', 'phase': 'bleed', 'note': 'bleed:bq=0.37,dir_eff=0.56'}
2026-07-11 07:22:30 | INFO | trading.strategy2_signal_filter:check:641 | S2 market phase | {'symbol': 'BUSDT', 'phase': 'bleed', 'note': 'bleed:bq=0.37,dir_eff=0.56'}
2026-07-11 07:22:35 | INFO | trading.strategy2_signal_filter:check:641 | S2 market phase | {'symbol': 'BUSDT', 'phase': 'bleed', 'note': 'bleed:bq=0.37,dir_eff=0.56'}
2026-07-11 07:22:40 | INFO | trading.strategy2_signal_filter:check:641 | S2 market phase | {'symbol': 'BUSDT', 'phase': 'bleed', 'note': 'bleed:bq=0.37,dir_eff=0.56'}
2026-07-11 07:22:40 | INFO | trading.strategy2_signal_filter:check:641 | S2 market phase | {'symbol': 'BUSDT', 'phase': 'bleed', 'note': 'bleed:bq=0.37,dir_eff=0.56'}
2026-07-11 07:22:45 | INFO | trading.strategy2_signal_filter:check:641 | S2 market phase | {'symbol': 'BUSDT', 'phase': 'bleed', 'note': 'bleed:bq=0.37,dir_eff=0.56'}
2026-07-11 07:22:50 | INFO | trading.strategy2_signal_filter:check:641 | S2 market phase | {'symbol': 'BUSDT', 'phase': 'bleed', 'note': 'bleed:bq=0.37,dir_eff=0.57'}
2026-07-11 07:22:55 | INFO | trading.strategy2_signal_filter:check:641 | S2 market phase | {'symbol': 'BUSDT', 'phase': 'bleed', 'note': 'bleed:bq=0.37,dir_eff=0.57'}
2026-07-11 07:22:55 | INFO | trading.strategy2_signal_filter:check:641 | S2 market phase | {'symbol': 'BUSDT', 'phase': 'bleed', 'note': 'bleed:bq=0.37,dir_eff=0.57'}
2026-07-11 07:23:00 | INFO | trading.strategy2_signal_filter:check:641 | S2 market phase | {'symbol': 'BUSDT', 'phase': 'bleed', 'note': 'bleed:bq=0.37,dir_eff=0.57'}
2026-07-11 07:23:05 | INFO | trading.strategy2_signal_filter:check:641 | S2 market phase | {'symbol': 'BUSDT', 'phase': 'bleed', 'note': 'bleed:bq=0.37,dir_eff=0.57'}
2026-07-11 07:23:10 | INFO | trading.strategy2_signal_filter:check:641 | S2 market phase | {'symbol': 'BUSDT', 'phase': 'bleed', 'note': 'bleed:bq=0.37,dir_eff=0.57'}
2026-07-11 07:23:10 | INFO | trading.strategy2_signal_filter:check:641 | S2 market phase | {'symbol': 'BUSDT', 'phase': 'bleed', 'note': 'bleed:bq=0.37,dir_eff=0.57'}
2026-07-11 07:23:26 | INFO | trading.strategy2_signal_filter:check:641 | S2 market phase | {'symbol': 'BUSDT', 'phase': 'bleed', 'note': 'bleed:bq=0.37,dir_eff=0.56'}
2026-07-11 07:23:26 | INFO | trading.strategy2_signal_filter:check:641 | S2 market phase | {'symbol': 'BUSDT', 'phase': 'bleed', 'note': 'bleed:bq=0.37,dir_eff=0.56'}
2026-07-11 07:23:31 | INFO | trading.strategy2_signal_filter:check:641 | S2 market phase | {'symbol': 'BUSDT', 'phase': 'bleed', 'note': 'bleed:bq=0.37,dir_eff=0.56'}
2026-07-11 07:23:34 | INFO | __main__:_auto_screener_loop:306 | Auto screener completed | {'total': 2, 'new': 0}
2026-07-11 07:23:36 | INFO | trading.strategy2_signal_filter:check:641 | S2 market phase | {'symbol': 'BUSDT', 'phase': 'bleed', 'note': 'bleed:bq=0.37,dir_eff=0.56'}
2026-07-11 07:23:41 | INFO | trading.strategy2_signal_filter:check:641 | S2 market phase | {'symbol': 'BUSDT', 'phase': 'bleed', 'note': 'bleed:bq=0.37,dir_eff=0.57'}
2026-07-11 07:23:51 | INFO | trading.strategy2_signal_filter:check:641 | S2 market phase | {'symbol': 'BUSDT', 'phase': 'bleed', 'note': 'bleed:bq=0.37,dir_eff=0.56'}
2026-07-11 07:23:56 | INFO | trading.strategy2_signal_filter:check:641 | S2 market phase | {'symbol': 'BUSDT', 'phase': 'bleed', 'note': 'bleed:bq=0.37,dir_eff=0.56'}
2026-07-11 07:23:56 | INFO | trading.strategy2_signal_filter:check:641 | S2 market phase | {'symbol': 'BUSDT', 'phase': 'bleed', 'note': 'bleed:bq=0.37,dir_eff=0.56'}
2026-07-11 07:24:01 | INFO | trading.strategy2_signal_filter:check:641 | S2 market phase | {'symbol': 'BUSDT', 'phase': 'bleed', 'note': 'bleed:bq=0.37,dir_eff=0.56'}
2026-07-11 07:24:06 | INFO | trading.strategy2_signal_filter:check:641 | S2 market phase | {'symbol': 'BUSDT', 'phase': 'bleed', 'note': 'bleed:bq=0.37,dir_eff=0.56'}
2026-07-11 07:24:11 | INFO | trading.strategy2_signal_filter:check:641 | S2 market phase | {'symbol': 'BUSDT', 'phase': 'bleed', 'note': 'bleed:bq=0.37,dir_eff=0.56'}
2026-07-11 07:24:11 | INFO | trading.strategy2_signal_filter:check:641 | S2 market phase | {'symbol': 'BUSDT', 'phase': 'bleed', 'note': 'bleed:bq=0.37,dir_eff=0.56'}
2026-07-11 07:24:16 | INFO | trading.strategy2_signal_filter:check:641 | S2 market phase | {'symbol': 'BUSDT', 'phase': 'bleed', 'note': 'bleed:bq=0.37,dir_eff=0.56'}
2026-07-11 07:24:22 | INFO | trading.strategy2_signal_filter:check:641 | S2 market phase | {'symbol': 'BUSDT', 'phase': 'bleed', 'note': 'bleed:bq=0.37,dir_eff=0.56'}
2026-07-11 07:24:27 | INFO | trading.strategy2_signal_filter:check:641 | S2 market phase | {'symbol': 'BUSDT', 'phase': 'bleed', 'note': 'bleed:bq=0.37,dir_eff=0.56'}
2026-07-11 07:24:27 | INFO | trading.strategy2_signal_filter:check:641 | S2 market phase | {'symbol': 'BUSDT', 'phase': 'bleed', 'note': 'bleed:bq=0.37,dir_eff=0.56'}
2026-07-11 07:24:32 | INFO | trading.strategy2_signal_filter:check:641 | S2 market phase | {'symbol': 'BUSDT', 'phase': 'bleed', 'note': 'bleed:bq=0.37,dir_eff=0.56'}
2026-07-11 07:24:37 | INFO | trading.strategy2_signal_filter:check:641 | S2 market phase | {'symbol': 'BUSDT', 'phase': 'bleed', 'note': 'bleed:bq=0.37,dir_eff=0.56'}
2026-07-11 07:24:42 | INFO | trading.strategy2_signal_filter:check:641 | S2 market phase | {'symbol': 'BUSDT', 'phase': 'bleed', 'note': 'bleed:bq=0.37,dir_eff=0.55'}
2026-07-11 07:27:04 | INFO | trading.strategy2_signal_filter:check:641 | S2 market phase | {'symbol': 'BUSDT', 'phase': 'bleed', 'note': 'bleed:bq=0.37,dir_eff=0.52'}
2026-07-11 07:27:04 | INFO | trading.strategy2_signal_filter:check:641 | S2 market phase | {'symbol': 'BUSDT', 'phase': 'bleed', 'note': 'bleed:bq=0.37,dir_eff=0.52'}
2026-07-11 07:27:09 | INFO | trading.strategy2_signal_filter:check:641 | S2 market phase | {'symbol': 'BUSDT', 'phase': 'bleed', 'note': 'bleed:bq=0.37,dir_eff=0.52'}
2026-07-11 07:27:14 | INFO | trading.strategy2_signal_filter:check:641 | S2 market phase | {'symbol': 'BUSDT', 'phase': 'bleed', 'note': 'bleed:bq=0.37,dir_eff=0.52'}
2026-07-11 07:27:19 | INFO | trading.strategy2_signal_filter:check:641 | S2 market phase | {'symbol': 'BUSDT', 'phase': 'bleed', 'note': 'bleed:bq=0.37,dir_eff=0.52'}
2026-07-11 07:27:19 | INFO | trading.strategy2_signal_filter:check:641 | S2 market phase | {'symbol': 'BUSDT', 'phase': 'bleed', 'note': 'bleed:bq=0.37,dir_eff=0.52'}
2026-07-11 07:27:24 | INFO | trading.strategy2_signal_filter:check:641 | S2 market phase | {'symbol': 'BUSDT', 'phase': 'bleed', 'note': 'bleed:bq=0.37,dir_eff=0.52'}
2026-07-11 07:27:29 | INFO | trading.strategy2_signal_filter:check:641 | S2 market phase | {'symbol': 'BUSDT', 'phase': 'bleed', 'note': 'bleed:bq=0.37,dir_eff=0.52'}
2026-07-11 07:27:34 | INFO | trading.strategy2_signal_filter:check:641 | S2 market phase | {'symbol': 'BUSDT', 'phase': 'bleed', 'note': 'bleed:bq=0.37,dir_eff=0.52'}
2026-07-11 07:27:35 | INFO | trading.strategy2_signal_filter:check:641 | S2 market phase | {'symbol': 'BUSDT', 'phase': 'bleed', 'note': 'bleed:bq=0.37,dir_eff=0.52'}
2026-07-11 07:27:40 | INFO | trading.strategy2_signal_filter:check:641 | S2 market phase | {'symbol': 'BUSDT', 'phase': 'bleed', 'note': 'bleed:bq=0.37,dir_eff=0.52'}
2026-07-11 07:27:45 | INFO | trading.strategy2_signal_filter:check:641 | S2 market phase | {'symbol': 'BUSDT', 'phase': 'bleed', 'note': 'bleed:bq=0.37,dir_eff=0.52'}
2026-07-11 07:27:50 | INFO | trading.strategy2_signal_filter:check:641 | S2 market phase | {'symbol': 'BUSDT', 'phase': 'bleed', 'note': 'bleed:bq=0.37,dir_eff=0.52'}
2026-07-11 07:27:50 | INFO | trading.strategy2_signal_filter:check:641 | S2 market phase | {'symbol': 'BUSDT', 'phase': 'bleed', 'note': 'bleed:bq=0.37,dir_eff=0.52'}
2026-07-11 07:28:05 | INFO | trading.strategy2_signal_filter:check:641 | S2 market phase | {'symbol': 'BUSDT', 'phase': 'bleed', 'note': 'bleed:bq=0.37,dir_eff=0.52'}
2026-07-11 07:28:05 | INFO | trading.strategy2_signal_filter:check:641 | S2 market phase | {'symbol': 'BUSDT', 'phase': 'bleed', 'note': 'bleed:bq=0.37,dir_eff=0.52'}
2026-07-11 07:28:10 | INFO | trading.strategy2_signal_filter:check:641 | S2 market phase | {'symbol': 'BUSDT', 'phase': 'bleed', 'note': 'bleed:bq=0.37,dir_eff=0.52'}
2026-07-11 07:28:15 | INFO | trading.strategy2_signal_filter:check:641 | S2 market phase | {'symbol': 'BUSDT', 'phase': 'bleed', 'note': 'bleed:bq=0.37,dir_eff=0.52'}
2026-07-11 07:28:20 | INFO | trading.strategy2_signal_filter:check:641 | S2 market phase | {'symbol': 'BUSDT', 'phase': 'bleed', 'note': 'bleed:bq=0.37,dir_eff=0.54'}
2026-07-11 07:28:20 | INFO | trading.strategy2_signal_filter:check:641 | S2 market phase | {'symbol': 'BUSDT', 'phase': 'bleed', 'note': 'bleed:bq=0.37,dir_eff=0.54'}
2026-07-11 07:28:25 | INFO | trading.strategy2_signal_filter:check:641 | S2 market phase | {'symbol': 'BUSDT', 'phase': 'bleed', 'note': 'bleed:bq=0.37,dir_eff=0.54'}
2026-07-11 07:28:35 | INFO | trading.strategy2_signal_filter:check:641 | S2 market phase | {'symbol': 'BUSDT', 'phase': 'bleed', 'note': 'bleed:bq=0.37,dir_eff=0.53'}
2026-07-11 07:28:41 | INFO | trading.strategy2_signal_filter:check:641 | S2 market phase | {'symbol': 'BUSDT', 'phase': 'bleed', 'note': 'bleed:bq=0.37,dir_eff=0.54'}
2026-07-11 07:28:46 | INFO | trading.strategy2_signal_filter:check:641 | S2 market phase | {'symbol': 'BUSDT', 'phase': 'bleed', 'note': 'bleed:bq=0.37,dir_eff=0.54'}
2026-07-11 07:28:51 | INFO | trading.strategy2_signal_filter:check:641 | S2 market phase | {'symbol': 'BUSDT', 'phase': 'bleed', 'note': 'bleed:bq=0.37,dir_eff=0.54'}
2026-07-11 07:28:51 | INFO | trading.strategy2_signal_filter:check:641 | S2 market phase | {'symbol': 'BUSDT', 'phase': 'bleed', 'note': 'bleed:bq=0.37,dir_eff=0.54'}
2026-07-11 07:28:56 | INFO | trading.strategy2_signal_filter:check:641 | S2 market phase | {'symbol': 'BUSDT', 'phase': 'bleed', 'note': 'bleed:bq=0.37,dir_eff=0.54'}
2026-07-11 07:29:01 | INFO | trading.strategy2_signal_filter:check:641 | S2 market phase | {'symbol': 'BUSDT', 'phase': 'bleed', 'note': 'bleed:bq=0.37,dir_eff=0.54'}
2026-07-11 07:29:06 | INFO | trading.strategy2_signal_filter:check:641 | S2 market phase | {'symbol': 'BUSDT', 'phase': 'bleed', 'note': 'bleed:bq=0.37,dir_eff=0.54'}
2026-07-11 07:29:21 | INFO | trading.strategy2_signal_filter:check:641 | S2 market phase | {'symbol': 'BUSDT', 'phase': 'bleed', 'note': 'bleed:bq=0.37,dir_eff=0.54'}
2026-07-11 07:29:31 | INFO | trading.strategy2_signal_filter:check:641 | S2 market phase | {'symbol': 'BUSDT', 'phase': 'bleed', 'note': 'bleed:bq=0.37,dir_eff=0.53'}
2026-07-11 07:29:36 | INFO | trading.strategy2_signal_filter:check:641 | S2 market phase | {'symbol': 'BUSDT', 'phase': 'bleed', 'note': 'bleed:bq=0.37,dir_eff=0.53'}
2026-07-11 07:29:36 | INFO | trading.strategy2_signal_filter:check:641 | S2 market phase | {'symbol': 'BUSDT', 'phase': 'bleed', 'note': 'bleed:bq=0.37,dir_eff=0.53'}
2026-07-11 07:29:41 | INFO | __main__:_proximity_loop:1381 | Weak level touch resolved | {'symbol': 'SKLUSDT', 'level': 0.00523, 'event': 'bounce', 'fill_depth': 0.0}
2026-07-11 07:29:41 | INFO | trading.strategy2_signal_filter:check:641 | S2 market phase | {'symbol': 'BUSDT', 'phase': 'bleed', 'note': 'bleed:bq=0.37,dir_eff=0.53'}
2026-07-11 07:29:47 | INFO | trading.strategy2_signal_filter:check:641 | S2 market phase | {'symbol': 'BUSDT', 'phase': 'bleed', 'note': 'bleed:bq=0.37,dir_eff=0.53'}
2026-07-11 07:29:52 | INFO | trading.strategy2_signal_filter:check:641 | S2 market phase | {'symbol': 'BUSDT', 'phase': 'bleed', 'note': 'bleed:bq=0.37,dir_eff=0.53'}
2026-07-11 07:29:52 | INFO | trading.strategy2_signal_filter:check:641 | S2 market phase | {'symbol': 'BUSDT', 'phase': 'bleed', 'note': 'bleed:bq=0.37,dir_eff=0.53'}
2026-07-11 07:30:07 | INFO | trading.strategy2_signal_filter:check:641 | S2 market phase | {'symbol': 'BUSDT', 'phase': 'bleed', 'note': 'bleed:bq=0.37,dir_eff=0.54'}
2026-07-11 07:30:47 | INFO | trading.strategy2_signal_filter:check:641 | S2 market phase | {'symbol': 'BUSDT', 'phase': 'bleed', 'note': 'bleed:bq=0.37,dir_eff=0.57'}
2026-07-11 07:30:53 | INFO | trading.strategy2_signal_filter:check:641 | S2 market phase | {'symbol': 'BUSDT', 'phase': 'bleed', 'note': 'bleed:bq=0.37,dir_eff=0.57'}
2026-07-11 07:30:58 | INFO | trading.strategy2_signal_filter:check:641 | S2 market phase | {'symbol': 'BUSDT', 'phase': 'bleed', 'note': 'bleed:bq=0.37,dir_eff=0.57'}
2026-07-11 07:31:03 | INFO | trading.strategy2_signal_filter:check:641 | S2 market phase | {'symbol': 'BUSDT', 'phase': 'bleed', 'note': 'bleed:bq=0.37,dir_eff=0.57'}
2026-07-11 07:31:08 | INFO | trading.strategy2_signal_filter:check:641 | S2 market phase | {'symbol': 'BUSDT', 'phase': 'bleed', 'note': 'bleed:bq=0.37,dir_eff=0.57'}
2026-07-11 07:31:23 | INFO | trading.strategy2_signal_filter:check:641 | S2 market phase | {'symbol': 'BUSDT', 'phase': 'bleed', 'note': 'bleed:bq=0.37,dir_eff=0.59'}
2026-07-11 07:31:28 | INFO | trading.strategy2_signal_filter:check:641 | S2 market phase | {'symbol': 'BUSDT', 'phase': 'bleed', 'note': 'bleed:bq=0.37,dir_eff=0.59'}
2026-07-11 07:31:33 | INFO | trading.strategy2_signal_filter:check:641 | S2 market phase | {'symbol': 'BUSDT', 'phase': 'bleed', 'note': 'bleed:bq=0.37,dir_eff=0.59'}
2026-07-11 07:32:04 | INFO | trading.strategy2_signal_filter:check:641 | S2 market phase | {'symbol': 'BUSDT', 'phase': 'bleed', 'note': 'bleed:bq=0.37,dir_eff=0.59'}
2026-07-11 07:32:09 | INFO | trading.strategy2_signal_filter:check:641 | S2 market phase | {'symbol': 'BUSDT', 'phase': 'bleed', 'note': 'bleed:bq=0.37,dir_eff=0.59'}
2026-07-11 07:32:39 | INFO | trading.strategy2_signal_filter:check:641 | S2 market phase | {'symbol': 'BUSDT', 'phase': 'bleed', 'note': 'bleed:bq=0.37,dir_eff=0.58'}
2026-07-11 07:32:44 | INFO | trading.strategy2_signal_filter:check:641 | S2 market phase | {'symbol': 'BUSDT', 'phase': 'bleed', 'note': 'bleed:bq=0.37,dir_eff=0.58'}
2026-07-11 07:32:49 | INFO | trading.strategy2_signal_filter:check:641 | S2 market phase | {'symbol': 'BUSDT', 'phase': 'bleed', 'note': 'bleed:bq=0.37,dir_eff=0.58'}
2026-07-11 07:32:54 | INFO | trading.strategy2_signal_filter:check:641 | S2 market phase | {'symbol': 'BUSDT', 'phase': 'bleed', 'note': 'bleed:bq=0.37,dir_eff=0.58'}
2026-07-11 07:33:25 | INFO | trading.strategy2_signal_filter:check:641 | S2 market phase | {'symbol': 'BUSDT', 'phase': 'bleed', 'note': 'bleed:bq=0.37,dir_eff=0.58'}
2026-07-11 07:33:30 | INFO | trading.strategy2_signal_filter:check:641 | S2 market phase | {'symbol': 'BUSDT', 'phase': 'bleed', 'note': 'bleed:bq=0.37,dir_eff=0.58'}
2026-07-11 07:33:35 | INFO | trading.strategy2_signal_filter:check:641 | S2 market phase | {'symbol': 'BUSDT', 'phase': 'bleed', 'note': 'bleed:bq=0.37,dir_eff=0.58'}
2026-07-11 07:33:39 | INFO | __main__:_auto_screener_loop:306 | Auto screener completed | {'total': 2, 'new': 0}
2026-07-11 07:34:16 | INFO | trading.strategy2_signal_filter:check:641 | S2 market phase | {'symbol': 'BUSDT', 'phase': 'bleed', 'note': 'bleed:bq=0.37,dir_eff=0.57'}
2026-07-11 07:34:21 | INFO | trading.strategy2_signal_filter:check:641 | S2 market phase | {'symbol': 'BUSDT', 'phase': 'bleed', 'note': 'bleed:bq=0.37,dir_eff=0.57'}
2026-07-11 07:34:31 | INFO | __main__:_proximity_loop:1381 | Weak level touch resolved | {'symbol': 'SKLUSDT', 'level': 0.00523, 'event': 'bounce', 'fill_depth': 0.0}
2026-07-11 07:36:43 | INFO | trading.strategy2_signal_filter:check:641 | S2 market phase | {'symbol': 'BUSDT', 'phase': 'bleed', 'note': 'bleed:bq=0.37,dir_eff=0.56'}
2026-07-11 07:36:48 | INFO | trading.strategy2_signal_filter:check:641 | S2 market phase | {'symbol': 'BUSDT', 'phase': 'bleed', 'note': 'bleed:bq=0.37,dir_eff=0.56'}
2026-07-11 07:37:59 | INFO | analysis.monitor:start_monitor:126 | monitor: skip level with non-positive p_bounce (won't pass entry filter) | {'symbol': 'BUSDT', 'level': 0.1926, 'level_type': 'wick_level', 'p_bounce': 0.0, 'expected_depth': 0.0}
2026-07-11 07:37:59 | INFO | __main__:_monitored:798 | Monitor cancelled | {'symbol': 'BUSDT', 'level': 0.1898}
2026-07-11 07:37:59 | INFO | trading.strategy2_signal_filter:check:493 | S2 skip: approach>=block (G3, level exhausted) | {'symbol': 'BUSDT', 'level': 0.1898, 'approach_count': 4, 'block_threshold': 4}
2026-07-11 07:37:59 | INFO | trading.strategy2_signal_filter:check:505 | S2: level marked dead, monitor will stop sending proximity | {'symbol': 'BUSDT', 'level': 0.1898, 'approach_count': 4}
2026-07-11 07:37:59 | INFO | __main__:_start_resistance_after_bounce:1116 | Resistance monitor started | {'symbol': 'BUSDT', 'resistance': 0.1926, 'from_support': 0.1898}
2026-07-11 07:37:59 | INFO | __main__:_monitored:787 | Level outcome saved | {'symbol': 'BUSDT', 'level': 0.1926, 'result': 'отбой', 'outcome': None, 'duration': 0.0}
2026-07-11 07:43:43 | INFO | __main__:_auto_screener_loop:306 | Auto screener completed | {'total': 2, 'new': 0}
2026-07-11 07:45:15 | INFO | trading.strategy5_live:_finalize_closed:328 | S5Live CLOSED | {'trade_id': '47536d13-7379-4588-bfc2-884aef934b84', 'symbol': 'XPINUSDT', 'reason': 'sl_exchange', 'pnl': -2.2573, 'qty_mismatch': False}
2026-07-11 07:45:21 | INFO | __main__:_trigger_loop:357 | Trigger activated | {'symbol': 'XPINUSDT'}
2026-07-11 07:45:21 | INFO | __main__:_run_phase1:575 | Replaced old monitor with closer level | {'symbol': 'XPINUSDT', 'old': 0.00190097, 'new': 0.001919}
2026-07-11 07:45:21 | INFO | __main__:_monitored:798 | Monitor cancelled | {'symbol': 'XPINUSDT', 'level': 0.00190097}
2026-07-11 07:45:21 | INFO | __main__:_run_phase1:652 | Level monitoring started | {'symbol': 'XPINUSDT', 'level': 0.001919, 'strength': 5}
2026-07-11 07:46:06 | INFO | __main__:_proximity_loop:1381 | Weak level touch resolved | {'symbol': 'SKLUSDT', 'level': 0.00523, 'event': 'zakol', 'fill_depth': 1.4722753346080435}
2026-07-11 07:46:53 | INFO | __main__:_proximity_arm_loop:1948 | proximity-arm activated | {'symbol': 'TACUSDT', 'level': 0.003371, 'type': 'pump_base', 'strength': 5, 'dist_atr': 1.4}
2026-07-11 07:46:53 | INFO | __main__:_run_phase1:414 | Pump degraded, skipping monitoring | {'symbol': 'TACUSDT', 'health': 40, 'broken': 0, 'correction': '238%'}
2026-07-11 07:47:23 | INFO | __main__:_proximity_arm_loop:1948 | proximity-arm activated | {'symbol': 'BUSDT', 'level': 0.18515, 'type': 'pump_base', 'strength': 5, 'dist_atr': 1.19}
2026-07-11 07:49:23 | INFO | __main__:_proximity_arm_loop:1948 | proximity-arm activated | {'symbol': 'EVAAUSDT', 'level': 1.5978, 'type': 'pump_base', 'strength': 5, 'dist_atr': 3.95}
2026-07-11 07:49:23 | INFO | __main__:_run_phase1:414 | Pump degraded, skipping monitoring | {'symbol': 'EVAAUSDT', 'health': 40, 'broken': 0, 'correction': '129%'}
2026-07-11 07:53:45 | INFO | __main__:_auto_screener_loop:306 | Auto screener completed | {'total': 2, 'new': 0}
2026-07-11 08:00:10 | INFO | __main__:_trigger_loop:357 | Trigger activated | {'symbol': 'VELVETUSDT'}
2026-07-11 08:00:10 | INFO | __main__:_run_phase1:414 | Pump degraded, skipping monitoring | {'symbol': 'VELVETUSDT', 'health': 40, 'broken': 0, 'correction': '154%'}
2026-07-11 08:03:48 | INFO | __main__:_auto_screener_loop:306 | Auto screener completed | {'total': 2, 'new': 0}
2026-07-11 08:07:21 | INFO | __main__:_trigger_loop:357 | Trigger activated | {'symbol': 'USUSDT'}
2026-07-11 08:07:21 | INFO | __main__:_run_phase1:414 | Pump degraded, skipping monitoring | {'symbol': 'USUSDT', 'health': 40, 'broken': 0, 'correction': '92%'}
2026-07-11 08:09:18 | INFO | __main__:_trigger_loop:357 | Trigger activated | {'symbol': 'LABUSDT'}
2026-07-11 08:09:18 | INFO | __main__:_run_phase1:414 | Pump degraded, skipping monitoring | {'symbol': 'LABUSDT', 'health': 40, 'broken': 0, 'correction': '145%'}
2026-07-11 08:09:54 | INFO | __main__:_proximity_arm_loop:1948 | proximity-arm activated | {'symbol': 'MMTUSDT', 'level': 0.1845, 'type': 'pump_base', 'strength': 5, 'dist_atr': 1.2}
2026-07-11 08:13:51 | INFO | __main__:_auto_screener_loop:306 | Auto screener completed | {'total': 2, 'new': 0}
2026-07-11 08:15:33 | INFO | __main__:_trigger_loop:357 | Trigger activated | {'symbol': 'TACUSDT'}
2026-07-11 08:15:33 | INFO | __main__:_run_phase1:414 | Pump degraded, skipping monitoring | {'symbol': 'TACUSDT', 'health': 40, 'broken': 0, 'correction': '228%'}
2026-07-11 08:15:34 | INFO | __main__:_trigger_loop:357 | Trigger activated | {'symbol': 'EVAAUSDT'}
2026-07-11 08:15:34 | INFO | __main__:_run_phase1:414 | Pump degraded, skipping monitoring | {'symbol': 'EVAAUSDT', 'health': 40, 'broken': 0, 'correction': '107%'}
2026-07-11 08:15:36 | INFO | trading.price_tracker:_save_post_exit_range:187 | post_exit_tracker saved | {'trade_id': 'c9eeeda5-d718-4522-9d3d-07c0d500214e', 'high': 0.002077, 'low': 0.00193}
2026-07-11 08:17:25 | INFO | __main__:_proximity_arm_loop:1948 | proximity-arm activated | {'symbol': 'USUSDT', 'level': 0.0223, 'type': 'pump_base', 'strength': 5, 'dist_atr': 1.25}
2026-07-11 08:17:25 | INFO | __main__:_run_phase1:414 | Pump degraded, skipping monitoring | {'symbol': 'USUSDT', 'health': 40, 'broken': 0, 'correction': '71%'}
2026-07-11 08:18:55 | INFO | __main__:_proximity_arm_loop:1948 | proximity-arm activated | {'symbol': 'BUSDT', 'level': 0.18605, 'type': 'pump_base', 'strength': 5, 'dist_atr': 1.06}
2026-07-11 08:19:25 | INFO | __main__:_proximity_arm_loop:1948 | proximity-arm activated | {'symbol': 'EVAAUSDT', 'level': 1.8495, 'type': 'pump_base', 'strength': 5, 'dist_atr': 1.55}
2026-07-11 08:19:25 | INFO | __main__:_run_phase1:414 | Pump degraded, skipping monitoring | {'symbol': 'EVAAUSDT', 'health': 40, 'broken': 0, 'correction': '105%'}
2026-07-11 08:23:54 | INFO | __main__:_auto_screener_loop:306 | Auto screener completed | {'total': 2, 'new': 0}
2026-07-11 08:27:50 | INFO | __main__:_proximity_loop:1381 | Weak level touch resolved | {'symbol': 'SKLUSDT', 'level': 0.00523, 'event': 'zakol', 'fill_depth': 0.6118546845124265}
2026-07-11 08:33:56 | INFO | __main__:_auto_screener_loop:306 | Auto screener completed | {'total': 2, 'new': 0}
2026-07-11 08:43:09 | INFO | __main__:_proximity_loop:1381 | Weak level touch resolved | {'symbol': 'SKLUSDT', 'level': 0.00503308, 'event': 'bounce', 'fill_depth': 0.0}
2026-07-11 08:43:59 | INFO | __main__:_auto_screener_loop:306 | Auto screener completed | {'total': 1, 'new': 0}
2026-07-11 08:47:17 | INFO | __main__:_trigger_loop:357 | Trigger activated | {'symbol': 'XPINUSDT'}
2026-07-11 08:47:18 | INFO | __main__:_run_phase1:575 | Replaced old monitor with closer level | {'symbol': 'XPINUSDT', 'old': 0.001919, 'new': 0.002064}
2026-07-11 08:47:18 | INFO | __main__:_monitored:798 | Monitor cancelled | {'symbol': 'XPINUSDT', 'level': 0.001919}
2026-07-11 08:47:18 | INFO | __main__:_run_phase1:601 | Level broken in recent candles, skipping monitor | {'symbol': 'XPINUSDT', 'level': 0.002064, 'close_below': 9}
2026-07-11 08:53:26 | INFO | __main__:_proximity_arm_loop:1948 | proximity-arm activated | {'symbol': 'EVAAUSDT', 'level': 1.8214, 'type': 'pump_base', 'strength': 5, 'dist_atr': 1.12}
2026-07-11 08:53:26 | INFO | __main__:_run_phase1:414 | Pump degraded, skipping monitoring | {'symbol': 'EVAAUSDT', 'health': 40, 'broken': 0, 'correction': '111%'}
2026-07-11 08:53:28 | INFO | __main__:_proximity_loop:1381 | Weak level touch resolved | {'symbol': 'SKLUSDT', 'level': 0.00503308, 'event': 'bounce', 'fill_depth': 0.0}
2026-07-11 08:54:01 | INFO | __main__:_auto_screener_loop:306 | Auto screener completed | {'total': 1, 'new': 0}
2026-07-11 08:56:56 | INFO | __main__:_proximity_arm_loop:1948 | proximity-arm activated | {'symbol': 'XPINUSDT', 'level': 0.002104, 'type': 'pump_base', 'strength': 5, 'dist_atr': 4.0}
2026-07-11 08:56:57 | INFO | __main__:_run_phase1:601 | Level broken in recent candles, skipping monitor | {'symbol': 'XPINUSDT', 'level': 0.002104, 'close_below': 18}
2026-07-11 09:04:05 | INFO | __main__:_auto_screener_loop:306 | Auto screener completed | {'total': 1, 'new': 0}
2026-07-11 09:07:26 | INFO | __main__:_trigger_loop:357 | Trigger activated | {'symbol': 'USUSDT'}
2026-07-11 09:07:26 | INFO | __main__:_run_phase1:414 | Pump degraded, skipping monitoring | {'symbol': 'USUSDT', 'health': 40, 'broken': 0, 'correction': '107%'}
2026-07-11 09:07:27 | INFO | __main__:_proximity_arm_loop:1948 | proximity-arm activated | {'symbol': 'TACUSDT', 'level': 0.003371, 'type': 'pump_base', 'strength': 5, 'dist_atr': 1.28}
2026-07-11 09:07:27 | INFO | __main__:_run_phase1:414 | Pump degraded, skipping monitoring | {'symbol': 'TACUSDT', 'health': 20, 'broken': 0, 'correction': '258%'}
2026-07-11 09:10:57 | INFO | __main__:_proximity_arm_loop:1948 | proximity-arm activated | {'symbol': 'BUSDT', 'level': 0.1732, 'type': 'pump_base', 'strength': 5, 'dist_atr': 3.93}
2026-07-11 09:10:57 | INFO | __main__:_run_phase1:414 | Pump degraded, skipping monitoring | {'symbol': 'BUSDT', 'health': 40, 'broken': 0, 'correction': '124%'}
2026-07-11 09:14:07 | INFO | __main__:_auto_screener_loop:306 | Auto screener completed | {'total': 1, 'new': 0}
2026-07-11 09:15:38 | INFO | __main__:_trigger_loop:357 | Trigger activated | {'symbol': 'EVAAUSDT'}
2026-07-11 09:15:38 | INFO | __main__:_run_phase1:414 | Pump degraded, skipping monitoring | {'symbol': 'EVAAUSDT', 'health': 40, 'broken': 0, 'correction': '123%'}
2026-07-11 09:19:28 | INFO | __main__:_proximity_arm_loop:1948 | proximity-arm activated | {'symbol': 'MMTUSDT', 'level': 0.1845, 'type': 'pump_base', 'strength': 5, 'dist_atr': 1.2}
2026-07-11 09:19:28 | INFO | __main__:_run_phase1:535 | No strong levels found | {'symbol': 'MMTUSDT', 'total_levels': 1}
2026-07-11 09:23:58 | INFO | __main__:_proximity_arm_loop:1948 | proximity-arm activated | {'symbol': 'EVAAUSDT', 'level': 1.7492, 'type': 'pump_base', 'strength': 5, 'dist_atr': 1.05}
2026-07-11 09:23:58 | INFO | __main__:_run_phase1:414 | Pump degraded, skipping monitoring | {'symbol': 'EVAAUSDT', 'health': 40, 'broken': 0, 'correction': '121%'}
2026-07-11 09:24:10 | INFO | __main__:_auto_screener_loop:306 | Auto screener completed | {'total': 1, 'new': 0}
2026-07-11 09:27:14 | INFO | __main__:_trigger_loop:357 | Trigger activated | {'symbol': 'MMTUSDT'}
2026-07-11 09:27:14 | INFO | __main__:_run_phase1:601 | Level broken in recent candles, skipping monitor | {'symbol': 'MMTUSDT', 'level': 0.1855, 'close_below': 22}
2026-07-11 09:27:28 | INFO | __main__:_proximity_arm_loop:1948 | proximity-arm activated | {'symbol': 'XPINUSDT', 'level': 0.002111, 'type': 'pump_base', 'strength': 5, 'dist_atr': 3.96}
2026-07-11 09:27:28 | INFO | __main__:_run_phase1:652 | Level monitoring started | {'symbol': 'XPINUSDT', 'level': 0.002111, 'strength': 5}
2026-07-11 09:29:03 | INFO | trading.strategy2_signal_filter:check:641 | S2 market phase | {'symbol': 'XPINUSDT', 'phase': 'unknown', 'note': 'unknown:range=12.4%,dir_eff=0.17'}
2026-07-11 09:29:06 | INFO | __main__:_proximity_loop:1258 | Proximity alert sent | {'symbol': 'XPINUSDT', 'level': 0.002111, 'distance_pct': 1.768264308980914}
2026-07-11 09:29:06 | INFO | trading.strategy2_signal_filter:check:641 | S2 market phase | {'symbol': 'XPINUSDT', 'phase': 'unknown', 'note': 'unknown:range=12.4%,dir_eff=0.17'}
2026-07-11 09:29:08 | INFO | trading.strategy2_signal_filter:check:641 | S2 market phase | {'symbol': 'XPINUSDT', 'phase': 'unknown', 'note': 'unknown:range=12.4%,dir_eff=0.17'}
2026-07-11 09:29:13 | INFO | trading.strategy2_signal_filter:check:641 | S2 market phase | {'symbol': 'XPINUSDT', 'phase': 'unknown', 'note': 'unknown:range=12.4%,dir_eff=0.17'}
2026-07-11 09:29:18 | INFO | trading.strategy2_signal_filter:check:641 | S2 market phase | {'symbol': 'XPINUSDT', 'phase': 'unknown', 'note': 'unknown:range=12.4%,dir_eff=0.17'}
2026-07-11 09:29:21 | INFO | trading.strategy2_signal_filter:check:641 | S2 market phase | {'symbol': 'XPINUSDT', 'phase': 'unknown', 'note': 'unknown:range=12.4%,dir_eff=0.17'}
2026-07-11 09:29:23 | INFO | trading.strategy2_signal_filter:check:641 | S2 market phase | {'symbol': 'XPINUSDT', 'phase': 'unknown', 'note': 'unknown:range=12.4%,dir_eff=0.17'}
2026-07-11 09:29:28 | INFO | trading.strategy2_signal_filter:check:641 | S2 market phase | {'symbol': 'XPINUSDT', 'phase': 'unknown', 'note': 'unknown:range=12.4%,dir_eff=0.17'}
2026-07-11 09:29:33 | INFO | trading.strategy2_signal_filter:check:641 | S2 market phase | {'symbol': 'XPINUSDT', 'phase': 'unknown', 'note': 'unknown:range=12.4%,dir_eff=0.17'}
2026-07-11 09:29:36 | INFO | trading.strategy2_signal_filter:check:641 | S2 market phase | {'symbol': 'XPINUSDT', 'phase': 'unknown', 'note': 'unknown:range=12.4%,dir_eff=0.17'}
2026-07-11 09:29:38 | INFO | trading.strategy2_signal_filter:check:641 | S2 market phase | {'symbol': 'XPINUSDT', 'phase': 'unknown', 'note': 'unknown:range=12.4%,dir_eff=0.17'}
2026-07-11 09:29:53 | INFO | trading.strategy2_signal_filter:check:641 | S2 market phase | {'symbol': 'XPINUSDT', 'phase': 'unknown', 'note': 'unknown:range=12.4%,dir_eff=0.18'}
2026-07-11 09:29:56 | INFO | trading.strategy2_signal_filter:check:641 | S2 market phase | {'symbol': 'XPINUSDT', 'phase': 'unknown', 'note': 'unknown:range=12.4%,dir_eff=0.18'}
2026-07-11 09:29:58 | INFO | trading.strategy2_signal_filter:check:641 | S2 market phase | {'symbol': 'XPINUSDT', 'phase': 'unknown', 'note': 'unknown:range=12.4%,dir_eff=0.18'}
2026-07-11 09:30:03 | INFO | trading.strategy2_signal_filter:check:641 | S2 market phase | {'symbol': 'XPINUSDT', 'phase': 'unknown', 'note': 'unknown:range=12.4%,dir_eff=0.18'}
2026-07-11 09:30:17 | INFO | __main__:_trigger_loop:357 | Trigger activated | {'symbol': 'LABUSDT'}
2026-07-11 09:30:17 | INFO | __main__:_run_phase1:414 | Pump degraded, skipping monitoring | {'symbol': 'LABUSDT', 'health': 40, 'broken': 0, 'correction': '167%'}
2026-07-11 09:30:18 | INFO | trading.strategy2_signal_filter:check:641 | S2 market phase | {'symbol': 'XPINUSDT', 'phase': 'unknown', 'note': 'unknown:range=12.4%,dir_eff=0.11'}
2026-07-11 09:30:22 | INFO | trading.strategy2_signal_filter:check:641 | S2 market phase | {'symbol': 'XPINUSDT', 'phase': 'unknown', 'note': 'unknown:range=12.4%,dir_eff=0.11'}
2026-07-11 09:30:23 | INFO | trading.strategy2_signal_filter:check:641 | S2 market phase | {'symbol': 'XPINUSDT', 'phase': 'unknown', 'note': 'unknown:range=12.4%,dir_eff=0.11'}
2026-07-11 09:30:28 | INFO | trading.strategy2_signal_filter:check:641 | S2 market phase | {'symbol': 'XPINUSDT', 'phase': 'unknown', 'note': 'unknown:range=12.4%,dir_eff=0.11'}
2026-07-11 09:34:12 | INFO | __main__:_auto_screener_loop:306 | Auto screener completed | {'total': 1, 'new': 0}
2026-07-11 09:36:33 | INFO | trading.strategy2_signal_filter:check:641 | S2 market phase | {'symbol': 'XPINUSDT', 'phase': 'unknown', 'note': 'unknown:range=11.0%,dir_eff=0.09'}
2026-07-11 09:36:33 | INFO | trading.strategy2_signal_filter:check:641 | S2 market phase | {'symbol': 'XPINUSDT', 'phase': 'unknown', 'note': 'unknown:range=11.0%,dir_eff=0.09'}
2026-07-11 09:36:38 | INFO | trading.strategy2_signal_filter:check:641 | S2 market phase | {'symbol': 'XPINUSDT', 'phase': 'unknown', 'note': 'unknown:range=11.0%,dir_eff=0.09'}
2026-07-11 09:36:48 | INFO | trading.strategy2_signal_filter:check:641 | S2 market phase | {'symbol': 'XPINUSDT', 'phase': 'unknown', 'note': 'unknown:range=11.0%,dir_eff=0.10'}
2026-07-11 09:40:16 | INFO | trading.strategy2_signal_filter:check:641 | S2 market phase | {'symbol': 'XPINUSDT', 'phase': 'unknown', 'note': 'unknown:range=10.3%,dir_eff=0.08'}
2026-07-11 09:40:16 | INFO | trading.strategy2_signal_filter:check:641 | S2 market phase | {'symbol': 'XPINUSDT', 'phase': 'unknown', 'note': 'unknown:range=10.3%,dir_eff=0.08'}
2026-07-11 09:40:26 | INFO | trading.strategy2_signal_filter:check:641 | S2 market phase | {'symbol': 'XPINUSDT', 'phase': 'unknown', 'note': 'unknown:range=10.3%,dir_eff=0.09'}
2026-07-11 09:40:31 | INFO | trading.strategy2_signal_filter:check:641 | S2 market phase | {'symbol': 'XPINUSDT', 'phase': 'unknown', 'note': 'unknown:range=10.3%,dir_eff=0.09'}
2026-07-11 09:40:31 | INFO | trading.strategy2_signal_filter:check:641 | S2 market phase | {'symbol': 'XPINUSDT', 'phase': 'unknown', 'note': 'unknown:range=10.3%,dir_eff=0.09'}
2026-07-11 09:40:37 | INFO | trading.strategy2_signal_filter:check:641 | S2 market phase | {'symbol': 'XPINUSDT', 'phase': 'unknown', 'note': 'unknown:range=10.3%,dir_eff=0.09'}
2026-07-11 09:40:47 | INFO | trading.strategy2_signal_filter:check:641 | S2 market phase | {'symbol': 'XPINUSDT', 'phase': 'unknown', 'note': 'unknown:range=10.3%,dir_eff=0.08'}
2026-07-11 09:40:52 | INFO | trading.strategy2_signal_filter:check:641 | S2 market phase | {'symbol': 'XPINUSDT', 'phase': 'unknown', 'note': 'unknown:range=10.3%,dir_eff=0.09'}
2026-07-11 09:40:57 | INFO | trading.strategy2_signal_filter:check:641 | S2 market phase | {'symbol': 'XPINUSDT', 'phase': 'unknown', 'note': 'unknown:range=10.3%,dir_eff=0.09'}
2026-07-11 09:41:02 | INFO | trading.strategy2_signal_filter:check:641 | S2 market phase | {'symbol': 'XPINUSDT', 'phase': 'unknown', 'note': 'unknown:range=10.0%,dir_eff=0.11'}
2026-07-11 09:41:02 | INFO | trading.strategy2_signal_filter:check:641 | S2 market phase | {'symbol': 'XPINUSDT', 'phase': 'unknown', 'note': 'unknown:range=10.0%,dir_eff=0.11'}
2026-07-11 09:41:07 | INFO | trading.strategy2_signal_filter:check:641 | S2 market phase | {'symbol': 'XPINUSDT', 'phase': 'unknown', 'note': 'unknown:range=10.0%,dir_eff=0.11'}
2026-07-11 09:41:12 | INFO | trading.strategy2_signal_filter:check:641 | S2 market phase | {'symbol': 'XPINUSDT', 'phase': 'unknown', 'note': 'unknown:range=10.0%,dir_eff=0.11'}
2026-07-11 09:41:17 | INFO | trading.strategy2_signal_filter:check:641 | S2 market phase | {'symbol': 'XPINUSDT', 'phase': 'unknown', 'note': 'unknown:range=10.0%,dir_eff=0.09'}
2026-07-11 09:41:17 | INFO | trading.strategy2_signal_filter:check:641 | S2 market phase | {'symbol': 'XPINUSDT', 'phase': 'unknown', 'note': 'unknown:range=10.0%,dir_eff=0.09'}
2026-07-11 09:41:22 | INFO | trading.strategy2_signal_filter:check:641 | S2 market phase | {'symbol': 'XPINUSDT', 'phase': 'unknown', 'note': 'unknown:range=10.0%,dir_eff=0.09'}
2026-07-11 09:41:28 | INFO | __main__:_proximity_arm_loop:1948 | proximity-arm activated | {'symbol': 'BUSDT', 'level': 0.1641, 'type': 'pump_base', 'strength': 5, 'dist_atr': 3.78}
2026-07-11 09:41:28 | INFO | __main__:_run_phase1:414 | Pump degraded, skipping monitoring | {'symbol': 'BUSDT', 'health': 25, 'broken': 0, 'correction': '136%'}
2026-07-11 09:41:32 | INFO | trading.strategy2_signal_filter:check:641 | S2 market phase | {'symbol': 'XPINUSDT', 'phase': 'unknown', 'note': 'unknown:range=10.0%,dir_eff=0.09'}
2026-07-11 09:41:43 | INFO | trading.strategy2_signal_filter:check:641 | S2 market phase | {'symbol': 'XPINUSDT', 'phase': 'unknown', 'note': 'unknown:range=10.0%,dir_eff=0.09'}
2026-07-11 09:41:48 | INFO | trading.strategy2_signal_filter:check:641 | S2 market phase | {'symbol': 'XPINUSDT', 'phase': 'unknown', 'note': 'unknown:range=10.0%,dir_eff=0.09'}
2026-07-11 09:41:48 | INFO | trading.strategy2_signal_filter:check:641 | S2 market phase | {'symbol': 'XPINUSDT', 'phase': 'unknown', 'note': 'unknown:range=10.0%,dir_eff=0.09'}
2026-07-11 09:41:53 | INFO | trading.strategy2_signal_filter:check:641 | S2 market phase | {'symbol': 'XPINUSDT', 'phase': 'unknown', 'note': 'unknown:range=10.0%,dir_eff=0.09'}
2026-07-11 09:41:58 | INFO | trading.strategy2_signal_filter:check:641 | S2 market phase | {'symbol': 'XPINUSDT', 'phase': 'unknown', 'note': 'unknown:range=10.0%,dir_eff=0.09'}
2026-07-11 09:42:03 | INFO | trading.strategy2_signal_filter:check:641 | S2 market phase | {'symbol': 'XPINUSDT', 'phase': 'unknown', 'note': 'unknown:range=10.0%,dir_eff=0.09'}
2026-07-11 09:42:03 | INFO | trading.strategy2_signal_filter:check:641 | S2 market phase | {'symbol': 'XPINUSDT', 'phase': 'unknown', 'note': 'unknown:range=10.0%,dir_eff=0.09'}
2026-07-11 09:42:08 | INFO | trading.strategy2_signal_filter:check:641 | S2 market phase | {'symbol': 'XPINUSDT', 'phase': 'unknown', 'note': 'unknown:range=10.0%,dir_eff=0.10'}
2026-07-11 09:42:13 | INFO | trading.strategy2_signal_filter:check:641 | S2 market phase | {'symbol': 'XPINUSDT', 'phase': 'unknown', 'note': 'unknown:range=10.0%,dir_eff=0.10'}
2026-07-11 09:42:18 | INFO | trading.strategy2_signal_filter:check:641 | S2 market phase | {'symbol': 'XPINUSDT', 'phase': 'unknown', 'note': 'unknown:range=10.0%,dir_eff=0.08'}
2026-07-11 09:42:18 | INFO | trading.strategy2_signal_filter:check:641 | S2 market phase | {'symbol': 'XPINUSDT', 'phase': 'unknown', 'note': 'unknown:range=10.0%,dir_eff=0.08'}
2026-07-11 09:42:23 | INFO | trading.strategy2_signal_filter:check:641 | S2 market phase | {'symbol': 'XPINUSDT', 'phase': 'unknown', 'note': 'unknown:range=10.0%,dir_eff=0.08'}
2026-07-11 09:42:28 | INFO | trading.strategy2_signal_filter:check:641 | S2 market phase | {'symbol': 'XPINUSDT', 'phase': 'unknown', 'note': 'unknown:range=10.0%,dir_eff=0.07'}
2026-07-11 09:42:33 | INFO | trading.strategy2_signal_filter:check:641 | S2 market phase | {'symbol': 'XPINUSDT', 'phase': 'unknown', 'note': 'unknown:range=10.0%,dir_eff=0.07'}
2026-07-11 09:42:33 | INFO | trading.strategy2_signal_filter:check:641 | S2 market phase | {'symbol': 'XPINUSDT', 'phase': 'unknown', 'note': 'unknown:range=10.0%,dir_eff=0.07'}
2026-07-11 09:42:39 | INFO | trading.strategy2_signal_filter:check:641 | S2 market phase | {'symbol': 'XPINUSDT', 'phase': 'unknown', 'note': 'unknown:range=10.0%,dir_eff=0.07'}
2026-07-11 09:42:44 | INFO | trading.strategy2_signal_filter:check:641 | S2 market phase | {'symbol': 'XPINUSDT', 'phase': 'unknown', 'note': 'unknown:range=10.0%,dir_eff=0.06'}
2026-07-11 09:42:49 | INFO | trading.strategy2_signal_filter:check:641 | S2 market phase | {'symbol': 'XPINUSDT', 'phase': 'unknown', 'note': 'unknown:range=10.0%,dir_eff=0.06'}
2026-07-11 09:42:49 | INFO | trading.strategy2_signal_filter:check:641 | S2 market phase | {'symbol': 'XPINUSDT', 'phase': 'unknown', 'note': 'unknown:range=10.0%,dir_eff=0.06'}
2026-07-11 09:42:54 | INFO | trading.strategy2_signal_filter:check:641 | S2 market phase | {'symbol': 'XPINUSDT', 'phase': 'unknown', 'note': 'unknown:range=10.0%,dir_eff=0.06'}
2026-07-11 09:42:59 | INFO | trading.strategy2_signal_filter:check:641 | S2 market phase | {'symbol': 'XPINUSDT', 'phase': 'unknown', 'note': 'unknown:range=10.0%,dir_eff=0.06'}
2026-07-11 09:43:04 | INFO | trading.strategy2_signal_filter:check:641 | S2 market phase | {'symbol': 'XPINUSDT', 'phase': 'unknown', 'note': 'unknown:range=10.0%,dir_eff=0.06'}
2026-07-11 09:43:04 | INFO | trading.strategy2_signal_filter:check:641 | S2 market phase | {'symbol': 'XPINUSDT', 'phase': 'unknown', 'note': 'unknown:range=10.0%,dir_eff=0.06'}
2026-07-11 09:43:09 | INFO | trading.strategy2_signal_filter:check:641 | S2 market phase | {'symbol': 'XPINUSDT', 'phase': 'unknown', 'note': 'unknown:range=10.0%,dir_eff=0.05'}
2026-07-11 09:43:14 | INFO | trading.strategy2_signal_filter:check:641 | S2 market phase | {'symbol': 'XPINUSDT', 'phase': 'unknown', 'note': 'unknown:range=10.0%,dir_eff=0.05'}
2026-07-11 09:43:19 | INFO | trading.strategy2_signal_filter:check:641 | S2 market phase | {'symbol': 'XPINUSDT', 'phase': 'unknown', 'note': 'unknown:range=10.0%,dir_eff=0.06'}
2026-07-11 09:43:19 | INFO | trading.strategy2_signal_filter:check:641 | S2 market phase | {'symbol': 'XPINUSDT', 'phase': 'unknown', 'note': 'unknown:range=10.0%,dir_eff=0.06'}
2026-07-11 09:43:24 | INFO | trading.strategy2_signal_filter:check:641 | S2 market phase | {'symbol': 'XPINUSDT', 'phase': 'unknown', 'note': 'unknown:range=10.0%,dir_eff=0.06'}
2026-07-11 09:43:29 | INFO | trading.strategy2_signal_filter:check:641 | S2 market phase | {'symbol': 'XPINUSDT', 'phase': 'unknown', 'note': 'unknown:range=10.0%,dir_eff=0.06'}
2026-07-11 09:43:34 | INFO | trading.strategy2_signal_filter:check:641 | S2 market phase | {'symbol': 'XPINUSDT', 'phase': 'unknown', 'note': 'unknown:range=10.0%,dir_eff=0.06'}
2026-07-11 09:43:34 | INFO | trading.strategy2_signal_filter:check:641 | S2 market phase | {'symbol': 'XPINUSDT', 'phase': 'unknown', 'note': 'unknown:range=10.0%,dir_eff=0.06'}
2026-07-11 09:43:39 | INFO | trading.strategy2_signal_filter:check:641 | S2 market phase | {'symbol': 'XPINUSDT', 'phase': 'unknown', 'note': 'unknown:range=10.0%,dir_eff=0.06'}
2026-07-11 09:43:45 | INFO | trading.strategy2_signal_filter:check:641 | S2 market phase | {'symbol': 'XPINUSDT', 'phase': 'unknown', 'note': 'unknown:range=10.0%,dir_eff=0.05'}
2026-07-11 09:43:50 | INFO | trading.strategy2_signal_filter:check:641 | S2 market phase | {'symbol': 'XPINUSDT', 'phase': 'unknown', 'note': 'unknown:range=10.0%,dir_eff=0.05'}
2026-07-11 09:43:50 | INFO | trading.strategy2_signal_filter:check:641 | S2 market phase | {'symbol': 'XPINUSDT', 'phase': 'unknown', 'note': 'unknown:range=10.0%,dir_eff=0.05'}
2026-07-11 09:43:55 | INFO | trading.strategy2_signal_filter:check:641 | S2 market phase | {'symbol': 'XPINUSDT', 'phase': 'unknown', 'note': 'unknown:range=10.0%,dir_eff=0.06'}
2026-07-11 09:44:00 | INFO | trading.strategy2_signal_filter:check:641 | S2 market phase | {'symbol': 'XPINUSDT', 'phase': 'unknown', 'note': 'unknown:range=10.0%,dir_eff=0.06'}
2026-07-11 09:44:05 | INFO | trading.strategy2_signal_filter:check:641 | S2 market phase | {'symbol': 'XPINUSDT', 'phase': 'unknown', 'note': 'unknown:range=10.0%,dir_eff=0.06'}
2026-07-11 09:44:05 | INFO | trading.strategy2_signal_filter:check:641 | S2 market phase | {'symbol': 'XPINUSDT', 'phase': 'unknown', 'note': 'unknown:range=10.0%,dir_eff=0.06'}
2026-07-11 09:44:10 | INFO | __main__:_proximity_loop:1381 | Weak level touch resolved | {'symbol': 'SKLUSDT', 'level': 0.00503308, 'event': 'bounce', 'fill_depth': 0.14066933170145493}
2026-07-11 09:44:10 | INFO | trading.strategy2_signal_filter:check:641 | S2 market phase | {'symbol': 'XPINUSDT', 'phase': 'unknown', 'note': 'unknown:range=10.0%,dir_eff=0.05'}
2026-07-11 09:44:14 | INFO | __main__:_auto_screener_loop:306 | Auto screener completed | {'total': 1, 'new': 0}
2026-07-11 09:44:15 | INFO | trading.strategy2_signal_filter:check:641 | S2 market phase | {'symbol': 'XPINUSDT', 'phase': 'unknown', 'note': 'unknown:range=10.0%,dir_eff=0.05'}
2026-07-11 09:44:20 | INFO | trading.strategy2_signal_filter:check:641 | S2 market phase | {'symbol': 'XPINUSDT', 'phase': 'unknown', 'note': 'unknown:range=10.0%,dir_eff=0.05'}
2026-07-11 09:44:20 | INFO | trading.strategy2_signal_filter:check:641 | S2 market phase | {'symbol': 'XPINUSDT', 'phase': 'unknown', 'note': 'unknown:range=10.0%,dir_eff=0.05'}
2026-07-11 09:44:25 | INFO | trading.strategy2_signal_filter:check:641 | S2 market phase | {'symbol': 'XPINUSDT', 'phase': 'unknown', 'note': 'unknown:range=10.0%,dir_eff=0.05'}
2026-07-11 09:44:30 | INFO | trading.strategy2_signal_filter:check:641 | S2 market phase | {'symbol': 'XPINUSDT', 'phase': 'unknown', 'note': 'unknown:range=10.0%,dir_eff=0.05'}
2026-07-11 09:44:35 | INFO | trading.strategy2_signal_filter:check:641 | S2 market phase | {'symbol': 'XPINUSDT', 'phase': 'unknown', 'note': 'unknown:range=10.0%,dir_eff=0.05'}
2026-07-11 09:44:35 | INFO | trading.strategy2_signal_filter:check:641 | S2 market phase | {'symbol': 'XPINUSDT', 'phase': 'unknown', 'note': 'unknown:range=10.0%,dir_eff=0.05'}
2026-07-11 09:44:40 | INFO | trading.strategy2_signal_filter:check:641 | S2 market phase | {'symbol': 'XPINUSDT', 'phase': 'unknown', 'note': 'unknown:range=10.0%,dir_eff=0.05'}
2026-07-11 09:44:46 | INFO | trading.strategy2_signal_filter:check:641 | S2 market phase | {'symbol': 'XPINUSDT', 'phase': 'unknown', 'note': 'unknown:range=10.0%,dir_eff=0.05'}
2026-07-11 09:44:51 | INFO | trading.strategy2_signal_filter:check:641 | S2 market phase | {'symbol': 'XPINUSDT', 'phase': 'unknown', 'note': 'unknown:range=10.0%,dir_eff=0.05'}
2026-07-11 09:44:51 | INFO | trading.strategy2_signal_filter:check:641 | S2 market phase | {'symbol': 'XPINUSDT', 'phase': 'unknown', 'note': 'unknown:range=10.0%,dir_eff=0.05'}
2026-07-11 09:44:56 | INFO | trading.strategy2_signal_filter:check:641 | S2 market phase | {'symbol': 'XPINUSDT', 'phase': 'unknown', 'note': 'unknown:range=10.0%,dir_eff=0.04'}
2026-07-11 09:45:06 | INFO | trading.strategy2_signal_filter:check:641 | S2 market phase | {'symbol': 'XPINUSDT', 'phase': 'unknown', 'note': 'unknown:range=10.0%,dir_eff=0.04'}
2026-07-11 09:45:21 | INFO | __main__:_trigger_loop:357 | Trigger activated | {'symbol': 'VELVETUSDT'}
2026-07-11 09:45:21 | INFO | __main__:_run_phase1:414 | Pump degraded, skipping monitoring | {'symbol': 'VELVETUSDT', 'health': 20, 'broken': 0, 'correction': '161%'}
2026-07-11 09:46:22 | INFO | trading.strategy2_signal_filter:check:641 | S2 market phase | {'symbol': 'XPINUSDT', 'phase': 'unknown', 'note': 'unknown:range=10.0%,dir_eff=0.06'}
2026-07-11 09:46:22 | INFO | trading.strategy2_signal_filter:check:641 | S2 market phase | {'symbol': 'XPINUSDT', 'phase': 'unknown', 'note': 'unknown:range=10.0%,dir_eff=0.06'}
2026-07-11 09:46:27 | INFO | trading.strategy2_signal_filter:check:641 | S2 market phase | {'symbol': 'XPINUSDT', 'phase': 'unknown', 'note': 'unknown:range=10.0%,dir_eff=0.06'}
2026-07-11 09:46:32 | INFO | trading.strategy2_signal_filter:check:641 | S2 market phase | {'symbol': 'XPINUSDT', 'phase': 'unknown', 'note': 'unknown:range=10.0%,dir_eff=0.06'}
2026-07-11 09:46:37 | INFO | trading.strategy2_signal_filter:check:641 | S2 market phase | {'symbol': 'XPINUSDT', 'phase': 'unknown', 'note': 'unknown:range=10.0%,dir_eff=0.06'}
2026-07-11 09:46:37 | INFO | trading.strategy2_signal_filter:check:641 | S2 market phase | {'symbol': 'XPINUSDT', 'phase': 'unknown', 'note': 'unknown:range=10.0%,dir_eff=0.06'}
2026-07-11 09:46:42 | INFO | trading.strategy2_signal_filter:check:641 | S2 market phase | {'symbol': 'XPINUSDT', 'phase': 'unknown', 'note': 'unknown:range=10.0%,dir_eff=0.06'}
2026-07-11 09:49:29 | INFO | __main__:_proximity_arm_loop:1948 | proximity-arm activated | {'symbol': 'MMTUSDT', 'level': 0.1845, 'type': 'pump_base', 'strength': 5, 'dist_atr': 1.03}
2026-07-11 09:49:29 | INFO | __main__:_run_phase1:535 | No strong levels found | {'symbol': 'MMTUSDT', 'total_levels': 1}
2026-07-11 09:50:29 | INFO | __main__:_proximity_arm_loop:1948 | proximity-arm activated | {'symbol': 'TACUSDT', 'level': 0.003371, 'type': 'pump_base', 'strength': 5, 'dist_atr': 1.8}
2026-07-11 09:50:29 | INFO | __main__:_run_phase1:414 | Pump degraded, skipping monitoring | {'symbol': 'TACUSDT', 'health': 20, 'broken': 0, 'correction': '245%'}
2026-07-11 09:51:47 | INFO | trading.strategy2_signal_filter:check:641 | S2 market phase | {'symbol': 'XPINUSDT', 'phase': 'unknown', 'note': 'unknown:range=10.0%,dir_eff=0.06'}
2026-07-11 09:51:47 | INFO | trading.strategy2_signal_filter:check:493 | S2 skip: approach>=block (G3, level exhausted) | {'symbol': 'XPINUSDT', 'level': 0.002111, 'approach_count': 4, 'block_threshold': 4}
2026-07-11 09:51:47 | INFO | trading.strategy2_signal_filter:check:505 | S2: level marked dead, monitor will stop sending proximity | {'symbol': 'XPINUSDT', 'level': 0.002111, 'approach_count': 4}
2026-07-11 09:52:02 | INFO | trading.strategy2_signal_filter:check:493 | S2 skip: approach>=block (G3, level exhausted) | {'symbol': 'XPINUSDT', 'level': 0.002111, 'approach_count': 4, 'block_threshold': 4}
2026-07-11 09:53:24 | INFO | trading.strategy2_signal_filter:check:493 | S2 skip: approach>=block (G3, level exhausted) | {'symbol': 'XPINUSDT', 'level': 0.002111, 'approach_count': 4, 'block_threshold': 4}
2026-07-11 09:53:39 | INFO | trading.strategy2_signal_filter:check:493 | S2 skip: approach>=block (G3, level exhausted) | {'symbol': 'XPINUSDT', 'level': 0.002111, 'approach_count': 4, 'block_threshold': 4}
2026-07-11 09:53:54 | INFO | trading.strategy2_signal_filter:check:493 | S2 skip: approach>=block (G3, level exhausted) | {'symbol': 'XPINUSDT', 'level': 0.002111, 'approach_count': 4, 'block_threshold': 4}
2026-07-11 09:54:04 | INFO | __main__:_proximity_loop:1381 | Weak level touch resolved | {'symbol': 'SKLUSDT', 'level': 0.00503308, 'event': 'bounce', 'fill_depth': 0.27974917942889144}
2026-07-11 09:54:09 | INFO | trading.strategy2_signal_filter:check:493 | S2 skip: approach>=block (G3, level exhausted) | {'symbol': 'XPINUSDT', 'level': 0.002111, 'approach_count': 4, 'block_threshold': 4}
2026-07-11 09:54:17 | INFO | __main__:_auto_screener_loop:306 | Auto screener completed | {'total': 1, 'new': 0}
2026-07-11 09:54:25 | INFO | trading.strategy2_signal_filter:check:493 | S2 skip: approach>=block (G3, level exhausted) | {'symbol': 'XPINUSDT', 'level': 0.002111, 'approach_count': 4, 'block_threshold': 4}
2026-07-11 09:54:40 | INFO | trading.strategy2_signal_filter:check:493 | S2 skip: approach>=block (G3, level exhausted) | {'symbol': 'XPINUSDT', 'level': 0.002111, 'approach_count': 4, 'block_threshold': 4}
2026-07-11 09:54:55 | INFO | trading.strategy2_signal_filter:check:493 | S2 skip: approach>=block (G3, level exhausted) | {'symbol': 'XPINUSDT', 'level': 0.002111, 'approach_count': 4, 'block_threshold': 4}
2026-07-11 09:55:10 | INFO | trading.strategy2_signal_filter:check:493 | S2 skip: approach>=block (G3, level exhausted) | {'symbol': 'XPINUSDT', 'level': 0.002111, 'approach_count': 4, 'block_threshold': 4}
2026-07-11 09:55:26 | INFO | trading.strategy2_signal_filter:check:493 | S2 skip: approach>=block (G3, level exhausted) | {'symbol': 'XPINUSDT', 'level': 0.002111, 'approach_count': 4, 'block_threshold': 4}
2026-07-11 09:55:29 | INFO | __main__:_proximity_arm_loop:1948 | proximity-arm activated | {'symbol': 'EVAAUSDT', 'level': 1.8214, 'type': 'pump_base', 'strength': 5, 'dist_atr': 1.34}
2026-07-11 09:55:29 | INFO | __main__:_run_phase1:414 | Pump degraded, skipping monitoring | {'symbol': 'EVAAUSDT', 'health': 40, 'broken': 0, 'correction': '114%'}
2026-07-11 09:55:41 | INFO | trading.strategy2_signal_filter:check:493 | S2 skip: approach>=block (G3, level exhausted) | {'symbol': 'XPINUSDT', 'level': 0.002111, 'approach_count': 4, 'block_threshold': 4}
2026-07-11 09:55:51 | INFO | __main__:_proximity_loop:1381 | Weak level touch resolved | {'symbol': 'SKLUSDT', 'level': 0.00503308, 'event': 'bounce', 'fill_depth': 0.0}
2026-07-11 09:55:56 | INFO | trading.strategy2_signal_filter:check:493 | S2 skip: approach>=block (G3, level exhausted) | {'symbol': 'XPINUSDT', 'level': 0.002111, 'approach_count': 4, 'block_threshold': 4}
2026-07-11 09:56:11 | INFO | trading.strategy2_signal_filter:check:493 | S2 skip: approach>=block (G3, level exhausted) | {'symbol': 'XPINUSDT', 'level': 0.002111, 'approach_count': 4, 'block_threshold': 4}
2026-07-11 09:56:27 | INFO | trading.strategy2_signal_filter:check:493 | S2 skip: approach>=block (G3, level exhausted) | {'symbol': 'XPINUSDT', 'level': 0.002111, 'approach_count': 5, 'block_threshold': 4}
2026-07-11 09:56:42 | INFO | __main__:_proximity_loop:1258 | Proximity alert sent | {'symbol': 'SKLUSDT', 'level': 0.00491579, 'distance_pct': 1.9978070175438574}
2026-07-11 09:56:42 | INFO | trading.strategy2_signal_filter:check:641 | S2 market phase | {'symbol': 'SKLUSDT', 'phase': 'bleed', 'note': 'bleed:bq=0.31,dir_eff=0.11'}
2026-07-11 09:56:52 | INFO | trading.strategy2_signal_filter:check:641 | S2 market phase | {'symbol': 'SKLUSDT', 'phase': 'bleed', 'note': 'bleed:bq=0.31,dir_eff=0.13'}
2026-07-11 09:56:57 | INFO | trading.strategy2_signal_filter:check:641 | S2 market phase | {'symbol': 'SKLUSDT', 'phase': 'bleed', 'note': 'bleed:bq=0.31,dir_eff=0.13'}
2026-07-11 09:56:57 | INFO | trading.strategy2_signal_filter:check:641 | S2 market phase | {'symbol': 'SKLUSDT', 'phase': 'bleed', 'note': 'bleed:bq=0.31,dir_eff=0.13'}
2026-07-11 09:56:57 | INFO | trading.strategy2_signal_filter:check:493 | S2 skip: approach>=block (G3, level exhausted) | {'symbol': 'XPINUSDT', 'level': 0.002111, 'approach_count': 5, 'block_threshold': 4}
2026-07-11 09:57:02 | INFO | trading.strategy2_signal_filter:check:641 | S2 market phase | {'symbol': 'SKLUSDT', 'phase': 'bleed', 'note': 'bleed:bq=0.31,dir_eff=0.13'}
2026-07-11 09:57:07 | INFO | trading.strategy2_signal_filter:check:641 | S2 market phase | {'symbol': 'SKLUSDT', 'phase': 'bleed', 'note': 'bleed:bq=0.31,dir_eff=0.13'}
2026-07-11 09:57:12 | INFO | trading.strategy2_signal_filter:check:641 | S2 market phase | {'symbol': 'SKLUSDT', 'phase': 'bleed', 'note': 'bleed:bq=0.31,dir_eff=0.13'}
2026-07-11 09:57:12 | INFO | trading.strategy2_signal_filter:check:641 | S2 market phase | {'symbol': 'SKLUSDT', 'phase': 'bleed', 'note': 'bleed:bq=0.31,dir_eff=0.13'}
2026-07-11 09:57:17 | INFO | trading.strategy2_signal_filter:check:641 | S2 market phase | {'symbol': 'SKLUSDT', 'phase': 'bleed', 'note': 'bleed:bq=0.31,dir_eff=0.12'}
2026-07-11 09:57:17 | INFO | trading.strategy2_signal_filter:check:493 | S2 skip: approach>=block (G3, level exhausted) | {'symbol': 'XPINUSDT', 'level': 0.002111, 'approach_count': 5, 'block_threshold': 4}
2026-07-11 09:57:22 | INFO | trading.strategy2_signal_filter:check:641 | S2 market phase | {'symbol': 'SKLUSDT', 'phase': 'bleed', 'note': 'bleed:bq=0.31,dir_eff=0.12'}
2026-07-11 09:57:33 | INFO | trading.strategy2_signal_filter:check:493 | S2 skip: approach>=block (G3, level exhausted) | {'symbol': 'XPINUSDT', 'level': 0.002111, 'approach_count': 5, 'block_threshold': 4}
2026-07-11 09:57:48 | INFO | trading.strategy2_signal_filter:check:493 | S2 skip: approach>=block (G3, level exhausted) | {'symbol': 'XPINUSDT', 'level': 0.002111, 'approach_count': 5, 'block_threshold': 4}
2026-07-11 09:58:03 | INFO | trading.strategy2_signal_filter:check:493 | S2 skip: approach>=block (G3, level exhausted) | {'symbol': 'XPINUSDT', 'level': 0.002111, 'approach_count': 5, 'block_threshold': 4}
2026-07-11 09:58:08 | INFO | trading.strategy2_signal_filter:check:641 | S2 market phase | {'symbol': 'SKLUSDT', 'phase': 'bleed', 'note': 'bleed:bq=0.31,dir_eff=0.12'}
2026-07-11 09:58:18 | INFO | trading.strategy2_signal_filter:check:493 | S2 skip: approach>=block (G3, level exhausted) | {'symbol': 'XPINUSDT', 'level': 0.002111, 'approach_count': 5, 'block_threshold': 4}
2026-07-11 10:00:20 | INFO | __main__:_trigger_loop:357 | Trigger activated | {'symbol': 'TACUSDT'}
2026-07-11 10:00:20 | INFO | __main__:_run_phase1:414 | Pump degraded, skipping monitoring | {'symbol': 'TACUSDT', 'health': 20, 'broken': 0, 'correction': '259%'}
2026-07-11 10:00:25 | INFO | trading.strategy2_signal_filter:check:641 | S2 market phase | {'symbol': 'SKLUSDT', 'phase': 'bleed', 'note': 'bleed:bq=0.31,dir_eff=0.10'}
2026-07-11 10:00:36 | INFO | trading.strategy2_signal_filter:check:641 | S2 market phase | {'symbol': 'SKLUSDT', 'phase': 'bleed', 'note': 'bleed:bq=0.31,dir_eff=0.10'}
2026-07-11 10:00:41 | INFO | trading.strategy2_signal_filter:check:641 | S2 market phase | {'symbol': 'SKLUSDT', 'phase': 'bleed', 'note': 'bleed:bq=0.31,dir_eff=0.10'}
2026-07-11 10:00:41 | INFO | trading.strategy2_signal_filter:check:641 | S2 market phase | {'symbol': 'SKLUSDT', 'phase': 'bleed', 'note': 'bleed:bq=0.31,dir_eff=0.10'}
2026-07-11 10:01:01 | INFO | trading.strategy2_signal_filter:check:641 | S2 market phase | {'symbol': 'SKLUSDT', 'phase': 'bleed', 'note': 'bleed:bq=0.31,dir_eff=0.10'}
2026-07-11 10:02:02 | INFO | trading.strategy2_signal_filter:check:493 | S2 skip: approach>=block (G3, level exhausted) | {'symbol': 'XPINUSDT', 'level': 0.002111, 'approach_count': 5, 'block_threshold': 4}
2026-07-11 10:02:27 | INFO | trading.strategy2_signal_filter:check:493 | S2 skip: approach>=block (G3, level exhausted) | {'symbol': 'XPINUSDT', 'level': 0.002111, 'approach_count': 5, 'block_threshold': 4}
2026-07-11 10:02:42 | INFO | trading.strategy2_signal_filter:check:493 | S2 skip: approach>=block (G3, level exhausted) | {'symbol': 'XPINUSDT', 'level': 0.002111, 'approach_count': 5, 'block_threshold': 4}
2026-07-11 10:02:58 | INFO | trading.strategy2_signal_filter:check:493 | S2 skip: approach>=block (G3, level exhausted) | {'symbol': 'XPINUSDT', 'level': 0.002111, 'approach_count': 5, 'block_threshold': 4}
2026-07-11 10:03:13 | INFO | trading.strategy2_signal_filter:check:493 | S2 skip: approach>=block (G3, level exhausted) | {'symbol': 'XPINUSDT', 'level': 0.002111, 'approach_count': 5, 'block_threshold': 4}
2026-07-11 10:04:19 | INFO | trading.strategy2_signal_filter:check:493 | S2 skip: approach>=block (G3, level exhausted) | {'symbol': 'XPINUSDT', 'level': 0.002111, 'approach_count': 5, 'block_threshold': 4}
2026-07-11 10:04:20 | INFO | __main__:_auto_screener_loop:306 | Auto screener completed | {'total': 1, 'new': 0}
2026-07-11 10:04:34 | INFO | trading.strategy2_signal_filter:check:493 | S2 skip: approach>=block (G3, level exhausted) | {'symbol': 'XPINUSDT', 'level': 0.002111, 'approach_count': 5, 'block_threshold': 4}
2026-07-11 10:04:50 | INFO | trading.strategy2_signal_filter:check:493 | S2 skip: approach>=block (G3, level exhausted) | {'symbol': 'XPINUSDT', 'level': 0.002111, 'approach_count': 5, 'block_threshold': 4}
2026-07-11 10:05:05 | INFO | trading.strategy2_signal_filter:check:493 | S2 skip: approach>=block (G3, level exhausted) | {'symbol': 'XPINUSDT', 'level': 0.002111, 'approach_count': 5, 'block_threshold': 4}
2026-07-11 10:05:20 | INFO | trading.strategy2_signal_filter:check:493 | S2 skip: approach>=block (G3, level exhausted) | {'symbol': 'XPINUSDT', 'level': 0.002111, 'approach_count': 5, 'block_threshold': 4}
2026-07-11 10:05:35 | INFO | trading.strategy2_signal_filter:check:493 | S2 skip: approach>=block (G3, level exhausted) | {'symbol': 'XPINUSDT', 'level': 0.002111, 'approach_count': 5, 'block_threshold': 4}
2026-07-11 10:05:50 | INFO | trading.strategy2_signal_filter:check:493 | S2 skip: approach>=block (G3, level exhausted) | {'symbol': 'XPINUSDT', 'level': 0.002111, 'approach_count': 5, 'block_threshold': 4}
2026-07-11 10:06:06 | INFO | trading.strategy2_signal_filter:check:493 | S2 skip: approach>=block (G3, level exhausted) | {'symbol': 'XPINUSDT', 'level': 0.002111, 'approach_count': 5, 'block_threshold': 4}
2026-07-11 10:06:21 | INFO | trading.strategy2_signal_filter:check:493 | S2 skip: approach>=block (G3, level exhausted) | {'symbol': 'XPINUSDT', 'level': 0.002111, 'approach_count': 5, 'block_threshold': 4}
2026-07-11 10:06:36 | INFO | trading.strategy2_signal_filter:check:493 | S2 skip: approach>=block (G3, level exhausted) | {'symbol': 'XPINUSDT', 'level': 0.002111, 'approach_count': 5, 'block_threshold': 4}
2026-07-11 10:06:51 | INFO | trading.strategy2_signal_filter:check:493 | S2 skip: approach>=block (G3, level exhausted) | {'symbol': 'XPINUSDT', 'level': 0.002111, 'approach_count': 5, 'block_threshold': 4}
2026-07-11 10:07:07 | INFO | trading.strategy2_signal_filter:check:493 | S2 skip: approach>=block (G3, level exhausted) | {'symbol': 'XPINUSDT', 'level': 0.002111, 'approach_count': 5, 'block_threshold': 4}
2026-07-11 10:07:22 | INFO | trading.strategy2_signal_filter:check:493 | S2 skip: approach>=block (G3, level exhausted) | {'symbol': 'XPINUSDT', 'level': 0.002111, 'approach_count': 5, 'block_threshold': 4}
2026-07-11 10:07:32 | INFO | trading.strategy2_signal_filter:check:641 | S2 market phase | {'symbol': 'SKLUSDT', 'phase': 'bleed', 'note': 'bleed:bq=0.31,dir_eff=0.11'}
2026-07-11 10:07:37 | INFO | trading.strategy2_signal_filter:check:493 | S2 skip: approach>=block (G3, level exhausted) | {'symbol': 'XPINUSDT', 'level': 0.002111, 'approach_count': 5, 'block_threshold': 4}
2026-07-11 10:07:47 | INFO | trading.strategy2_signal_filter:check:641 | S2 market phase | {'symbol': 'SKLUSDT', 'phase': 'bleed', 'note': 'bleed:bq=0.31,dir_eff=0.11'}
2026-07-11 10:08:03 | INFO | trading.strategy2_signal_filter:check:641 | S2 market phase | {'symbol': 'SKLUSDT', 'phase': 'bleed', 'note': 'bleed:bq=0.31,dir_eff=0.11'}
2026-07-11 10:08:03 | INFO | trading.strategy2_signal_filter:check:493 | S2 skip: approach>=block (G3, level exhausted) | {'symbol': 'XPINUSDT', 'level': 0.002111, 'approach_count': 5, 'block_threshold': 4}
2026-07-11 10:08:18 | INFO | trading.strategy2_signal_filter:check:493 | S2 skip: approach>=block (G3, level exhausted) | {'symbol': 'XPINUSDT', 'level': 0.002111, 'approach_count': 5, 'block_threshold': 4}
2026-07-11 10:08:33 | INFO | trading.strategy2_signal_filter:check:493 | S2 skip: approach>=block (G3, level exhausted) | {'symbol': 'XPINUSDT', 'level': 0.002111, 'approach_count': 5, 'block_threshold': 4}
2026-07-11 10:08:38 | INFO | trading.strategy2_signal_filter:check:641 | S2 market phase | {'symbol': 'SKLUSDT', 'phase': 'flat', 'note': 'flat:range=3.9%,dir_eff=0.14'}
2026-07-11 10:08:38 | INFO | trading.strategy2_signal_filter:check:856 | S2: SL adjusted to minimum distance | {'symbol': 'SKLUSDT', 'min_dist_pct': 0.413, 'stop_loss': 0.0048955}
2026-07-11 10:08:38 | INFO | trading.strategy2_signal_filter:check:872 | S2: SL moved below grid_bottom (was inside grid) | {'symbol': 'SKLUSDT', 'grid_bottom': 0.00487206, 'stop_loss': 0.00485938}
2026-07-11 10:08:38 | INFO | trading.strategy2_signal_filter:check:948 | S2 signal passed all filters | {'symbol': 'SKLUSDT', 'level': 0.00491579, 'level_type': 'body_level', 'strength': 5, 'p_bounce': 0.944, 'sl': 0.00485938, 'tp1': 0.00495952, 'tp2': 0.00504258, 'rr': 0.78, 'phase': 'flat', 'pos_struct_pct': 15.2, 'pos_local_pct': -36.4, 'struct_range': [0.004695, 0.00615], 'approach_speed_pct': -0.0798, 'red_candles_streak': 2, 'phase_streak_checks': 1, 'phase_streak_seconds': 0.0, 'bleed_in_last_12': 11, 'seconds_since_bleed': 35.6, 'phase_seq': 'bbbbbbbbbbbf', 'hours_since_pump_peak': 21.4, 'vol_decay': 0.3, 'natr_now_pct': 1.51}
2026-07-11 10:08:39 | INFO | trading.strategy2_live:_open_grid:784 | S2Live: SL order placed | {'trade_id': 'b7fc7b9c-2af1-45f5-918e-32fb000a9894', 'symbol': 'SKLUSDT', 'sl_order_id': 'cff80165-69ef-4a86-b2de-be50853f61f8', 'trigger': 0.004859, 'qty': 40786.0}
2026-07-11 10:08:39 | INFO | bot.telegram:send_close_with_chart:1480 | chart candles available: SKLUSDT 300 | {}
2026-07-11 10:08:40 | INFO | trading.strategy2_live:_open_grid:817 | S2Live grid opened | {'trade_id': 'b7fc7b9c-2af1-45f5-918e-32fb000a9894', 'symbol': 'SKLUSDT', 'orders': 2}
2026-07-11 10:08:48 | INFO | trading.strategy2_signal_filter:check:493 | S2 skip: approach>=block (G3, level exhausted) | {'symbol': 'XPINUSDT', 'level': 0.002111, 'approach_count': 5, 'block_threshold': 4}
2026-07-11 10:09:03 | INFO | trading.strategy2_signal_filter:check:493 | S2 skip: approach>=block (G3, level exhausted) | {'symbol': 'XPINUSDT', 'level': 0.002111, 'approach_count': 5, 'block_threshold': 4}
2026-07-11 10:09:19 | INFO | trading.strategy2_signal_filter:check:493 | S2 skip: approach>=block (G3, level exhausted) | {'symbol': 'XPINUSDT', 'level': 0.002111, 'approach_count': 5, 'block_threshold': 4}
2026-07-11 10:09:34 | INFO | trading.strategy2_signal_filter:check:493 | S2 skip: approach>=block (G3, level exhausted) | {'symbol': 'XPINUSDT', 'level': 0.002111, 'approach_count': 5, 'block_threshold': 4}
2026-07-11 10:09:49 | INFO | trading.strategy2_signal_filter:check:493 | S2 skip: approach>=block (G3, level exhausted) | {'symbol': 'XPINUSDT', 'level': 0.002111, 'approach_count': 5, 'block_threshold': 4}
2026-07-11 10:10:04 | INFO | trading.strategy2_signal_filter:check:493 | S2 skip: approach>=block (G3, level exhausted) | {'symbol': 'XPINUSDT', 'level': 0.002111, 'approach_count': 5, 'block_threshold': 4}
2026-07-11 10:10:20 | INFO | trading.strategy2_signal_filter:check:493 | S2 skip: approach>=block (G3, level exhausted) | {'symbol': 'XPINUSDT', 'level': 0.002111, 'approach_count': 5, 'block_threshold': 4}
2026-07-11 10:10:35 | INFO | trading.strategy2_signal_filter:check:493 | S2 skip: approach>=block (G3, level exhausted) | {'symbol': 'XPINUSDT', 'level': 0.002111, 'approach_count': 5, 'block_threshold': 4}
2026-07-11 10:10:50 | INFO | trading.strategy2_signal_filter:check:493 | S2 skip: approach>=block (G3, level exhausted) | {'symbol': 'XPINUSDT', 'level': 0.002111, 'approach_count': 6, 'block_threshold': 4}
2026-07-11 10:11:05 | INFO | trading.strategy2_signal_filter:check:493 | S2 skip: approach>=block (G3, level exhausted) | {'symbol': 'XPINUSDT', 'level': 0.002111, 'approach_count': 6, 'block_threshold': 4}
2026-07-11 10:11:21 | INFO | trading.strategy2_signal_filter:check:493 | S2 skip: approach>=block (G3, level exhausted) | {'symbol': 'XPINUSDT', 'level': 0.002111, 'approach_count': 6, 'block_threshold': 4}
2026-07-11 10:14:03 | INFO | __main__:_proximity_loop:1381 | Weak level touch resolved | {'symbol': 'XPINUSDT', 'level': 0.00209783, 'event': 'zakol', 'fill_depth': 1.0405990952555748}
2026-07-11 10:14:18 | INFO | analysis.monitor:start_monitor:126 | monitor: skip level with non-positive p_bounce (won't pass entry filter) | {'symbol': 'XPINUSDT', 'level': 0.0021136666666666665, 'level_type': 'wick_level', 'p_bounce': 0.0, 'expected_depth': 0.0}
2026-07-11 10:14:18 | INFO | __main__:_monitored:798 | Monitor cancelled | {'symbol': 'XPINUSDT', 'level': 0.002111}
2026-07-11 10:14:18 | INFO | __main__:_start_resistance_after_bounce:1116 | Resistance monitor started | {'symbol': 'XPINUSDT', 'resistance': 0.0021136666666666665, 'from_support': 0.002111}
2026-07-11 10:14:19 | INFO | __main__:_monitored:787 | Level outcome saved | {'symbol': 'XPINUSDT', 'level': 0.0021136666666666665, 'result': 'отбой', 'outcome': None, 'duration': 0.0}
2026-07-11 10:14:22 | INFO | config:add:68 | Token added | {'symbol': 'CLOUSDT'}
2026-07-11 10:14:22 | INFO | __main__:_auto_screener_loop:192 | Auto-added new symbol from screener | {'symbol': 'CLOUSDT'}
2026-07-11 10:14:24 | INFO | analysis.claude_strength:calculate_strength_with_claude:174 | Claude input levels | {'symbol': 'CLOUSDT', 'levels': [{'price': 0.20808, 'candle_count': 93, 'hourly_open_bonus': 3, 'round_number_bonus': 0, 'poc_aligned': False, 'position': 'origin', 'volume_at_level': 101175271.0, 'type': 'pump_base'}, {'price': 0.21008, 'candle_count': 4, 'hourly_open_bonus': 2, 'round_number_bonus': 2, 'poc_aligned': False, 'position': 'origin', 'volume_at_level': 1329088.0, 'type': 'mid_impulse_pause'}, {'price': 0.21175, 'candle_count': 92, 'hourly_open_bonus': 3, 'round_number_bonus': 0, 'poc_aligned': False, 'position': 'origin', 'volume_at_level': 141708621.0, 'type': 'pump_base'}, {'price': 0.21444, 'candle_count': 38, 'hourly_open_bonus': 3, 'round_number_bonus': 0, 'poc_aligned': False, 'position': 'origin', 'volume_at_level': 78252299.0, 'type': 'pump_base'}, {'price': 0.24056, 'candle_count': 4, 'hourly_open_bonus': 3, 'round_number_bonus': 2, 'poc_aligned': False, 'position': 'impulse', 'volume_at_level': 20940664.0, 'type': 'pump_base'}, {'price': 0.25053, 'candle_count': 41, 'hourly_open_bonus': 0, 'round_number_bonus': 2, 'poc_aligned': False, 'position': 'mid_move', 'volume_at_level': 321100.0, 'type': 'body_level'}, {'price': 0.25294, 'candle_count': 6, 'hourly_open_bonus': 2, 'round_number_bonus': 0, 'poc_aligned': False, 'position': 'mid_move', 'volume_at_level': 26823766.0, 'type': 'pump_base'}]}
2026-07-11 10:14:29 | INFO | __main__:_trigger_loop:357 | Trigger activated | {'symbol': 'CLOUSDT'}
2026-07-11 10:14:29 | INFO | analysis.claude_strength:calculate_strength_with_claude:298 | Claude strength assigned | {'symbol': 'CLOUSDT', 'level': 0.20808, 'strength': 5, 'p_bounce_claude': 97, 'reason': 'Пампбаза origin, объём 33.3x, открытие 4h, 93 касания'}
2026-07-11 10:14:29 | INFO | analysis.claude_strength:calculate_strength_with_claude:298 | Claude strength assigned | {'symbol': 'CLOUSDT', 'level': 0.21008, 'strength': 3, 'p_bounce_claude': 85, 'reason': 'Импульс-пауза, round number, низкий объём 0.4x'}
2026-07-11 10:14:29 | INFO | analysis.claude_strength:calculate_strength_with_claude:298 | Claude strength assigned | {'symbol': 'CLOUSDT', 'level': 0.21175, 'strength': 5, 'p_bounce_claude': 97, 'reason': 'Пампбаза origin, объём 46.6x, максимально протестирован'}
2026-07-11 10:14:29 | INFO | analysis.claude_strength:calculate_strength_with_claude:298 | Claude strength assigned | {'symbol': 'CLOUSDT', 'level': 0.21444, 'strength': 5, 'p_bounce_claude': 97, 'reason': 'Пампбаза origin, объём 25.8x, 38 касаний'}
2026-07-11 10:14:29 | INFO | analysis.claude_strength:calculate_strength_with_claude:298 | Claude strength assigned | {'symbol': 'CLOUSDT', 'level': 0.24056, 'strength': 5, 'p_bounce_claude': 96, 'reason': 'Импульс, объём 6.9x, открытие 4h, round number'}
2026-07-11 10:14:29 | INFO | analysis.claude_strength:calculate_strength_with_claude:298 | Claude strength assigned | {'symbol': 'CLOUSDT', 'level': 0.25053, 'strength': 3, 'p_bounce_claude': 88, 'reason': 'Body_level, 41 свеча в зоне, протестирован'}
2026-07-11 10:14:29 | INFO | analysis.claude_strength:calculate_strength_with_claude:298 | Claude strength assigned | {'symbol': 'CLOUSDT', 'level': 0.25294, 'strength': 4, 'p_bounce_claude': 94, 'reason': 'Пампбаза mid_move, объём 8.8x, открытие 1h'}
2026-07-11 10:14:30 | INFO | __main__:_run_phase1:652 | Level monitoring started | {'symbol': 'CLOUSDT', 'level': 0.25294, 'strength': 5}
2026-07-11 10:14:30 | INFO | __main__:_monitored:798 | Monitor cancelled | {'symbol': 'CLOUSDT', 'level': 0.25294}
2026-07-11 10:14:30 | INFO | trading.strategy2_signal_filter:check:493 | S2 skip: approach>=block (G3, level exhausted) | {'symbol': 'CLOUSDT', 'level': 0.25294, 'approach_count': 16, 'block_threshold': 4}
2026-07-11 10:14:30 | INFO | trading.strategy2_signal_filter:check:505 | S2: level marked dead, monitor will stop sending proximity | {'symbol': 'CLOUSDT', 'level': 0.25294, 'approach_count': 16}
2026-07-11 10:14:30 | INFO | trading.strategy2_signal_filter:check:493 | S2 skip: approach>=block (G3, level exhausted) | {'symbol': 'CLOUSDT', 'level': 0.25294, 'approach_count': 16, 'block_threshold': 4}
2026-07-11 10:14:30 | INFO | __main__:_proximity_arm_loop:1948 | proximity-arm activated | {'symbol': 'CLOUSDT', 'level': 0.25294, 'type': 'pump_base', 'strength': 5, 'dist_atr': 1.54}
2026-07-11 10:14:30 | INFO | __main__:_auto_screener_loop:298 | Auto monitoring started | {'symbol': 'CLOUSDT', 'level': 0.25294}
2026-07-11 10:14:30 | INFO | __main__:_auto_screener_loop:306 | Auto screener completed | {'total': 2, 'new': 1}
2026-07-11 10:15:40 | INFO | __main__:_trigger_loop:357 | Trigger activated | {'symbol': 'EVAAUSDT'}
2026-07-11 10:15:40 | INFO | __main__:_run_phase1:414 | Pump degraded, skipping monitoring | {'symbol': 'EVAAUSDT', 'health': 40, 'broken': 0, 'correction': '101%'}
2026-07-11 10:16:30 | INFO | __main__:_proximity_arm_loop:1948 | proximity-arm activated | {'symbol': 'XPINUSDT', 'level': 0.0020725, 'type': 'pump_base', 'strength': 5, 'dist_atr': 2.07}
2026-07-11 10:16:30 | INFO | __main__:_run_phase1:652 | Level monitoring started | {'symbol': 'XPINUSDT', 'level': 0.0020725, 'strength': 5}
2026-07-11 10:16:46 | INFO | __main__:_proximity_loop:1258 | Proximity alert sent | {'symbol': 'XPINUSDT', 'level': 0.0020725, 'distance_pct': 1.9631031220435131}
2026-07-11 10:16:46 | INFO | trading.strategy2_signal_filter:check:641 | S2 market phase | {'symbol': 'XPINUSDT', 'phase': 'drop_tradeable', 'note': 'drop_tradeable:bq=0.76'}
2026-07-11 10:18:00 | INFO | __main__:_proximity_arm_loop:1948 | proximity-arm activated | {'symbol': 'VELVETUSDT', 'level': 0.4502, 'type': 'pump_base', 'strength': 5, 'dist_atr': 1.86}
2026-07-11 10:18:00 | INFO | __main__:_run_phase1:601 | Level broken in recent candles, skipping monitor | {'symbol': 'VELVETUSDT', 'level': 0.4502, 'close_below': 29}
2026-07-11 10:18:58 | INFO | analysis.monitor:start_monitor:126 | monitor: skip level with non-positive p_bounce (won't pass entry filter) | {'symbol': 'CLOUSDT', 'level': 0.2581103571428571, 'level_type': 'wick_level', 'p_bounce': 0.0, 'expected_depth': 0.0}
2026-07-11 10:18:58 | INFO | __main__:_start_resistance_after_bounce:1116 | Resistance monitor started | {'symbol': 'CLOUSDT', 'resistance': 0.2581103571428571, 'from_support': 0.25294}
2026-07-11 10:18:58 | INFO | __main__:_monitored:787 | Level outcome saved | {'symbol': 'CLOUSDT', 'level': 0.2581103571428571, 'result': 'отбой', 'outcome': None, 'duration': 0.0}
2026-07-11 10:19:28 | INFO | bot.telegram:send_close_with_chart:1480 | chart candles available: SKLUSDT 300 | {}
2026-07-11 10:19:29 | INFO | trading.strategy2_live:_reconcile_one:1289 | S2Live reconcile: no position, no fills — closed | {'trade_id': 'b7fc7b9c-2af1-45f5-918e-32fb000a9894', 'symbol': 'SKLUSDT'}
2026-07-11 10:21:05 | INFO | analysis.monitor:start_monitor:126 | monitor: skip level with non-positive p_bounce (won't pass entry filter) | {'symbol': 'CLOUSDT', 'level': 0.2594622891566265, 'level_type': 'wick_level', 'p_bounce': 0.0, 'expected_depth': 0.0}
2026-07-11 10:21:05 | INFO | __main__:_start_resistance_after_bounce:1116 | Resistance monitor started | {'symbol': 'CLOUSDT', 'resistance': 0.2594622891566265, 'from_support': 0.25294}
2026-07-11 10:21:06 | INFO | __main__:_monitored:787 | Level outcome saved | {'symbol': 'CLOUSDT', 'level': 0.2594622891566265, 'result': 'отбой', 'outcome': None, 'duration': 0.0}
2026-07-11 10:22:42 | INFO | __main__:_proximity_loop:1381 | Weak level touch resolved | {'symbol': 'SKLUSDT', 'level': 0.0049395, 'event': 'bounce', 'fill_depth': 0.0}
2026-07-11 10:24:29 | INFO | trading.strategy2_signal_filter:check:624 | S2 skip: level re-entry block | {'symbol': 'SKLUSDT', 'level': 0.00491579, 'seconds_since_activity': 300.4}
2026-07-11 10:24:33 | INFO | __main__:_auto_screener_loop:306 | Auto screener completed | {'total': 2, 'new': 0}
2026-07-11 10:24:34 | INFO | trading.strategy2_signal_filter:check:624 | S2 skip: level re-entry block | {'symbol': 'SKLUSDT', 'level': 0.00491579, 'seconds_since_activity': 305.4}
2026-07-11 10:24:34 | INFO | trading.strategy2_signal_filter:check:624 | S2 skip: level re-entry block | {'symbol': 'SKLUSDT', 'level': 0.00491579, 'seconds_since_activity': 305.5}
2026-07-11 10:24:39 | INFO | trading.strategy2_signal_filter:check:624 | S2 skip: level re-entry block | {'symbol': 'SKLUSDT', 'level': 0.00491579, 'seconds_since_activity': 310.5}
2026-07-11 10:24:44 | INFO | trading.strategy2_signal_filter:check:624 | S2 skip: level re-entry block | {'symbol': 'SKLUSDT', 'level': 0.00491579, 'seconds_since_activity': 315.6}
2026-07-11 10:24:49 | INFO | trading.strategy2_signal_filter:check:624 | S2 skip: level re-entry block | {'symbol': 'SKLUSDT', 'level': 0.00491579, 'seconds_since_activity': 320.7}
2026-07-11 10:24:49 | INFO | trading.strategy2_signal_filter:check:624 | S2 skip: level re-entry block | {'symbol': 'SKLUSDT', 'level': 0.00491579, 'seconds_since_activity': 320.7}
2026-07-11 10:24:54 | INFO | trading.strategy2_signal_filter:check:624 | S2 skip: level re-entry block | {'symbol': 'SKLUSDT', 'level': 0.00491579, 'seconds_since_activity': 325.8}
2026-07-11 10:24:59 | INFO | trading.strategy2_signal_filter:check:624 | S2 skip: level re-entry block | {'symbol': 'SKLUSDT', 'level': 0.00491579, 'seconds_since_activity': 330.8}
2026-07-11 10:25:04 | INFO | trading.strategy2_signal_filter:check:624 | S2 skip: level re-entry block | {'symbol': 'SKLUSDT', 'level': 0.00491579, 'seconds_since_activity': 335.9}
2026-07-11 10:25:04 | INFO | trading.strategy2_signal_filter:check:624 | S2 skip: level re-entry block | {'symbol': 'SKLUSDT', 'level': 0.00491579, 'seconds_since_activity': 336.0}
2026-07-11 10:25:09 | INFO | trading.strategy2_signal_filter:check:624 | S2 skip: level re-entry block | {'symbol': 'SKLUSDT', 'level': 0.00491579, 'seconds_since_activity': 341.0}
2026-07-11 10:25:14 | INFO | analysis.monitor:start_monitor:126 | monitor: skip level with non-positive p_bounce (won't pass entry filter) | {'symbol': 'CLOUSDT', 'level': 0.25684656565656566, 'level_type': 'wick_level', 'p_bounce': 0.0, 'expected_depth': 0.0}
2026-07-11 10:25:14 | INFO | trading.strategy2_signal_filter:check:624 | S2 skip: level re-entry block | {'symbol': 'SKLUSDT', 'level': 0.00491579, 'seconds_since_activity': 346.1}
2026-07-11 10:25:14 | INFO | __main__:_start_resistance_after_bounce:1116 | Resistance monitor started | {'symbol': 'CLOUSDT', 'resistance': 0.25684656565656566, 'from_support': 0.25294}
2026-07-11 10:25:15 | INFO | __main__:_monitored:787 | Level outcome saved | {'symbol': 'CLOUSDT', 'level': 0.25684656565656566, 'result': 'отбой', 'outcome': None, 'duration': 0.0}
2026-07-11 10:25:19 | INFO | trading.strategy2_signal_filter:check:624 | S2 skip: level re-entry block | {'symbol': 'SKLUSDT', 'level': 0.00491579, 'seconds_since_activity': 351.2}
2026-07-11 10:25:19 | INFO | trading.strategy2_signal_filter:check:624 | S2 skip: level re-entry block | {'symbol': 'SKLUSDT', 'level': 0.00491579, 'seconds_since_activity': 351.2}
2026-07-11 10:25:25 | INFO | trading.strategy2_signal_filter:check:624 | S2 skip: level re-entry block | {'symbol': 'SKLUSDT', 'level': 0.00491579, 'seconds_since_activity': 356.3}
2026-07-11 10:25:30 | INFO | trading.strategy2_signal_filter:check:624 | S2 skip: level re-entry block | {'symbol': 'SKLUSDT', 'level': 0.00491579, 'seconds_since_activity': 361.4}
2026-07-11 10:25:30 | INFO | __main__:_proximity_arm_loop:1948 | proximity-arm activated | {'symbol': 'EVAAUSDT', 'level': 1.9295, 'type': 'pump_base', 'strength': 5, 'dist_atr': 1.41}
2026-07-11 10:25:30 | INFO | __main__:_run_phase1:414 | Pump degraded, skipping monitoring | {'symbol': 'EVAAUSDT', 'health': 40, 'broken': 0, 'correction': '87%'}
2026-07-11 10:25:35 | INFO | trading.strategy2_signal_filter:check:624 | S2 skip: level re-entry block | {'symbol': 'SKLUSDT', 'level': 0.00491579, 'seconds_since_activity': 366.4}
2026-07-11 10:25:35 | INFO | trading.strategy2_signal_filter:check:624 | S2 skip: level re-entry block | {'symbol': 'SKLUSDT', 'level': 0.00491579, 'seconds_since_activity': 366.4}
2026-07-11 10:25:40 | INFO | trading.strategy2_signal_filter:check:624 | S2 skip: level re-entry block | {'symbol': 'SKLUSDT', 'level': 0.00491579, 'seconds_since_activity': 371.5}
2026-07-11 10:25:45 | INFO | trading.strategy2_signal_filter:check:624 | S2 skip: level re-entry block | {'symbol': 'SKLUSDT', 'level': 0.00491579, 'seconds_since_activity': 376.6}
2026-07-11 10:25:50 | INFO | trading.strategy2_signal_filter:check:624 | S2 skip: level re-entry block | {'symbol': 'SKLUSDT', 'level': 0.00491579, 'seconds_since_activity': 381.7}
2026-07-11 10:25:50 | INFO | trading.strategy2_signal_filter:check:624 | S2 skip: level re-entry block | {'symbol': 'SKLUSDT', 'level': 0.00491579, 'seconds_since_activity': 381.7}
2026-07-11 10:25:55 | INFO | trading.strategy2_signal_filter:check:624 | S2 skip: level re-entry block | {'symbol': 'SKLUSDT', 'level': 0.00491579, 'seconds_since_activity': 386.8}
2026-07-11 10:26:00 | INFO | trading.strategy2_signal_filter:check:624 | S2 skip: level re-entry block | {'symbol': 'SKLUSDT', 'level': 0.00491579, 'seconds_since_activity': 391.9}
2026-07-11 10:26:05 | INFO | trading.strategy2_signal_filter:check:624 | S2 skip: level re-entry block | {'symbol': 'SKLUSDT', 'level': 0.00491579, 'seconds_since_activity': 397.0}
2026-07-11 10:26:05 | INFO | trading.strategy2_signal_filter:check:624 | S2 skip: level re-entry block | {'symbol': 'SKLUSDT', 'level': 0.00491579, 'seconds_since_activity': 397.0}
2026-07-11 10:26:10 | INFO | trading.strategy2_signal_filter:check:624 | S2 skip: level re-entry block | {'symbol': 'SKLUSDT', 'level': 0.00491579, 'seconds_since_activity': 402.0}
2026-07-11 10:26:15 | INFO | trading.strategy2_signal_filter:check:624 | S2 skip: level re-entry block | {'symbol': 'SKLUSDT', 'level': 0.00491579, 'seconds_since_activity': 407.1}
2026-07-11 10:26:20 | INFO | trading.strategy2_signal_filter:check:624 | S2 skip: level re-entry block | {'symbol': 'SKLUSDT', 'level': 0.00491579, 'seconds_since_activity': 412.2}
2026-07-11 10:26:20 | INFO | trading.strategy2_signal_filter:check:624 | S2 skip: level re-entry block | {'symbol': 'SKLUSDT', 'level': 0.00491579, 'seconds_since_activity': 412.2}
2026-07-11 10:26:26 | INFO | trading.strategy2_signal_filter:check:624 | S2 skip: level re-entry block | {'symbol': 'SKLUSDT', 'level': 0.00491579, 'seconds_since_activity': 417.3}
2026-07-11 10:26:31 | INFO | trading.strategy2_signal_filter:check:624 | S2 skip: level re-entry block | {'symbol': 'SKLUSDT', 'level': 0.00491579, 'seconds_since_activity': 422.4}
2026-07-11 10:26:36 | INFO | trading.strategy2_signal_filter:check:624 | S2 skip: level re-entry block | {'symbol': 'SKLUSDT', 'level': 0.00491579, 'seconds_since_activity': 427.4}
2026-07-11 10:26:36 | INFO | trading.strategy2_signal_filter:check:624 | S2 skip: level re-entry block | {'symbol': 'SKLUSDT', 'level': 0.00491579, 'seconds_since_activity': 427.5}
2026-07-11 10:26:41 | INFO | trading.strategy2_signal_filter:check:624 | S2 skip: level re-entry block | {'symbol': 'SKLUSDT', 'level': 0.00491579, 'seconds_since_activity': 432.5}
2026-07-11 10:26:46 | INFO | trading.strategy2_signal_filter:check:624 | S2 skip: level re-entry block | {'symbol': 'SKLUSDT', 'level': 0.00491579, 'seconds_since_activity': 437.6}
2026-07-11 10:26:51 | INFO | trading.strategy2_signal_filter:check:624 | S2 skip: level re-entry block | {'symbol': 'SKLUSDT', 'level': 0.00491579, 'seconds_since_activity': 442.7}
2026-07-11 10:26:51 | INFO | trading.strategy2_signal_filter:check:624 | S2 skip: level re-entry block | {'symbol': 'SKLUSDT', 'level': 0.00491579, 'seconds_since_activity': 442.7}
2026-07-11 10:26:56 | INFO | trading.strategy2_signal_filter:check:624 | S2 skip: level re-entry block | {'symbol': 'SKLUSDT', 'level': 0.00491579, 'seconds_since_activity': 447.8}
2026-07-11 10:27:01 | INFO | trading.strategy2_signal_filter:check:624 | S2 skip: level re-entry block | {'symbol': 'SKLUSDT', 'level': 0.00491579, 'seconds_since_activity': 452.9}
2026-07-11 10:27:06 | INFO | trading.strategy2_signal_filter:check:624 | S2 skip: level re-entry block | {'symbol': 'SKLUSDT', 'level': 0.00491579, 'seconds_since_activity': 458.0}
2026-07-11 10:27:06 | INFO | trading.strategy2_signal_filter:check:624 | S2 skip: level re-entry block | {'symbol': 'SKLUSDT', 'level': 0.00491579, 'seconds_since_activity': 458.0}
2026-07-11 10:27:11 | INFO | trading.strategy2_signal_filter:check:624 | S2 skip: level re-entry block | {'symbol': 'SKLUSDT', 'level': 0.00491579, 'seconds_since_activity': 463.0}
2026-07-11 10:27:16 | INFO | trading.strategy2_signal_filter:check:624 | S2 skip: level re-entry block | {'symbol': 'SKLUSDT', 'level': 0.00491579, 'seconds_since_activity': 468.2}
2026-07-11 10:27:21 | INFO | trading.strategy2_signal_filter:check:624 | S2 skip: level re-entry block | {'symbol': 'SKLUSDT', 'level': 0.00491579, 'seconds_since_activity': 473.2}
2026-07-11 10:27:21 | INFO | trading.strategy2_signal_filter:check:624 | S2 skip: level re-entry block | {'symbol': 'SKLUSDT', 'level': 0.00491579, 'seconds_since_activity': 473.2}
2026-07-11 10:27:27 | INFO | trading.strategy2_signal_filter:check:624 | S2 skip: level re-entry block | {'symbol': 'SKLUSDT', 'level': 0.00491579, 'seconds_since_activity': 478.3}
2026-07-11 10:27:32 | INFO | trading.strategy2_signal_filter:check:624 | S2 skip: level re-entry block | {'symbol': 'SKLUSDT', 'level': 0.00491579, 'seconds_since_activity': 483.4}
2026-07-11 10:27:37 | INFO | trading.strategy2_signal_filter:check:624 | S2 skip: level re-entry block | {'symbol': 'SKLUSDT', 'level': 0.00491579, 'seconds_since_activity': 488.5}
2026-07-11 10:27:37 | INFO | trading.strategy2_signal_filter:check:624 | S2 skip: level re-entry block | {'symbol': 'SKLUSDT', 'level': 0.00491579, 'seconds_since_activity': 488.5}
2026-07-11 10:27:42 | INFO | trading.strategy2_signal_filter:check:624 | S2 skip: level re-entry block | {'symbol': 'SKLUSDT', 'level': 0.00491579, 'seconds_since_activity': 493.6}
2026-07-11 10:27:47 | INFO | trading.strategy2_signal_filter:check:624 | S2 skip: level re-entry block | {'symbol': 'SKLUSDT', 'level': 0.00491579, 'seconds_since_activity': 498.7}
2026-07-11 10:27:52 | INFO | trading.strategy2_signal_filter:check:624 | S2 skip: level re-entry block | {'symbol': 'SKLUSDT', 'level': 0.00491579, 'seconds_since_activity': 503.7}
2026-07-11 10:27:52 | INFO | trading.strategy2_signal_filter:check:624 | S2 skip: level re-entry block | {'symbol': 'SKLUSDT', 'level': 0.00491579, 'seconds_since_activity': 503.8}
2026-07-11 10:27:57 | INFO | trading.strategy2_signal_filter:check:624 | S2 skip: level re-entry block | {'symbol': 'SKLUSDT', 'level': 0.00491579, 'seconds_since_activity': 508.8}
2026-07-11 10:28:02 | INFO | trading.strategy2_signal_filter:check:624 | S2 skip: level re-entry block | {'symbol': 'SKLUSDT', 'level': 0.00491579, 'seconds_since_activity': 513.9}
2026-07-11 10:28:07 | INFO | trading.strategy2_signal_filter:check:624 | S2 skip: level re-entry block | {'symbol': 'SKLUSDT', 'level': 0.00491579, 'seconds_since_activity': 519.0}
2026-07-11 10:28:07 | INFO | trading.strategy2_signal_filter:check:624 | S2 skip: level re-entry block | {'symbol': 'SKLUSDT', 'level': 0.00491579, 'seconds_since_activity': 519.0}
2026-07-11 10:28:12 | INFO | trading.strategy2_signal_filter:check:624 | S2 skip: level re-entry block | {'symbol': 'SKLUSDT', 'level': 0.00491579, 'seconds_since_activity': 524.1}
2026-07-11 10:28:17 | INFO | trading.strategy2_signal_filter:check:624 | S2 skip: level re-entry block | {'symbol': 'SKLUSDT', 'level': 0.00491579, 'seconds_since_activity': 529.2}
2026-07-11 10:28:22 | INFO | trading.strategy2_signal_filter:check:624 | S2 skip: level re-entry block | {'symbol': 'SKLUSDT', 'level': 0.00491579, 'seconds_since_activity': 534.3}
2026-07-11 10:28:23 | INFO | trading.strategy2_signal_filter:check:624 | S2 skip: level re-entry block | {'symbol': 'SKLUSDT', 'level': 0.00491579, 'seconds_since_activity': 534.3}
2026-07-11 10:28:28 | INFO | trading.strategy2_signal_filter:check:624 | S2 skip: level re-entry block | {'symbol': 'SKLUSDT', 'level': 0.00491579, 'seconds_since_activity': 539.3}
2026-07-11 10:28:33 | INFO | trading.strategy2_signal_filter:check:624 | S2 skip: level re-entry block | {'symbol': 'SKLUSDT', 'level': 0.00491579, 'seconds_since_activity': 544.4}
2026-07-11 10:28:38 | INFO | trading.strategy2_signal_filter:check:624 | S2 skip: level re-entry block | {'symbol': 'SKLUSDT', 'level': 0.00491579, 'seconds_since_activity': 549.5}
2026-07-11 10:28:38 | INFO | trading.strategy2_signal_filter:check:624 | S2 skip: level re-entry block | {'symbol': 'SKLUSDT', 'level': 0.00491579, 'seconds_since_activity': 549.5}
2026-07-11 10:28:43 | INFO | trading.strategy2_signal_filter:check:624 | S2 skip: level re-entry block | {'symbol': 'SKLUSDT', 'level': 0.00491579, 'seconds_since_activity': 554.6}
2026-07-11 10:28:48 | INFO | trading.strategy2_signal_filter:check:624 | S2 skip: level re-entry block | {'symbol': 'SKLUSDT', 'level': 0.00491579, 'seconds_since_activity': 559.7}
2026-07-11 10:28:53 | INFO | trading.strategy2_signal_filter:check:624 | S2 skip: level re-entry block | {'symbol': 'SKLUSDT', 'level': 0.00491579, 'seconds_since_activity': 564.8}
2026-07-11 10:29:08 | INFO | trading.strategy2_signal_filter:check:624 | S2 skip: level re-entry block | {'symbol': 'SKLUSDT', 'level': 0.00491579, 'seconds_since_activity': 580.0}
2026-07-11 10:29:08 | INFO | trading.strategy2_signal_filter:check:624 | S2 skip: level re-entry block | {'symbol': 'SKLUSDT', 'level': 0.00491579, 'seconds_since_activity': 580.0}
2026-07-11 10:29:13 | INFO | trading.strategy2_signal_filter:check:624 | S2 skip: level re-entry block | {'symbol': 'SKLUSDT', 'level': 0.00491579, 'seconds_since_activity': 585.1}
2026-07-11 10:29:18 | INFO | trading.strategy2_signal_filter:check:624 | S2 skip: level re-entry block | {'symbol': 'SKLUSDT', 'level': 0.00491579, 'seconds_since_activity': 590.2}
2026-07-11 10:29:24 | INFO | trading.strategy2_signal_filter:check:624 | S2 skip: level re-entry block | {'symbol': 'SKLUSDT', 'level': 0.00491579, 'seconds_since_activity': 595.3}
2026-07-11 10:29:24 | INFO | trading.strategy2_signal_filter:check:624 | S2 skip: level re-entry block | {'symbol': 'SKLUSDT', 'level': 0.00491579, 'seconds_since_activity': 595.3}
2026-07-11 10:29:29 | INFO | trading.strategy2_signal_filter:check:624 | S2 skip: level re-entry block | {'symbol': 'SKLUSDT', 'level': 0.00491579, 'seconds_since_activity': 600.3}
2026-07-11 10:29:34 | INFO | trading.strategy2_signal_filter:check:624 | S2 skip: level re-entry block | {'symbol': 'SKLUSDT', 'level': 0.00491579, 'seconds_since_activity': 605.4}
2026-07-11 10:29:39 | INFO | trading.strategy2_signal_filter:check:624 | S2 skip: level re-entry block | {'symbol': 'SKLUSDT', 'level': 0.00491579, 'seconds_since_activity': 610.5}
2026-07-11 10:29:39 | INFO | trading.strategy2_signal_filter:check:624 | S2 skip: level re-entry block | {'symbol': 'SKLUSDT', 'level': 0.00491579, 'seconds_since_activity': 610.5}
2026-07-11 10:29:44 | INFO | trading.strategy2_signal_filter:check:624 | S2 skip: level re-entry block | {'symbol': 'SKLUSDT', 'level': 0.00491579, 'seconds_since_activity': 615.6}
2026-07-11 10:29:49 | INFO | trading.strategy2_signal_filter:check:624 | S2 skip: level re-entry block | {'symbol': 'SKLUSDT', 'level': 0.00491579, 'seconds_since_activity': 620.7}
2026-07-11 10:29:54 | INFO | trading.strategy2_signal_filter:check:624 | S2 skip: level re-entry block | {'symbol': 'SKLUSDT', 'level': 0.00491579, 'seconds_since_activity': 625.8}
2026-07-11 10:29:54 | INFO | trading.strategy2_signal_filter:check:624 | S2 skip: level re-entry block | {'symbol': 'SKLUSDT', 'level': 0.00491579, 'seconds_since_activity': 625.8}
2026-07-11 10:29:59 | INFO | trading.strategy2_signal_filter:check:624 | S2 skip: level re-entry block | {'symbol': 'SKLUSDT', 'level': 0.00491579, 'seconds_since_activity': 630.8}
2026-07-11 10:30:04 | INFO | trading.strategy2_signal_filter:check:624 | S2 skip: level re-entry block | {'symbol': 'SKLUSDT', 'level': 0.00491579, 'seconds_since_activity': 635.9}
2026-07-11 10:30:09 | INFO | trading.strategy2_signal_filter:check:624 | S2 skip: level re-entry block | {'symbol': 'SKLUSDT', 'level': 0.00491579, 'seconds_since_activity': 641.0}
2026-07-11 10:30:09 | INFO | trading.strategy2_signal_filter:check:624 | S2 skip: level re-entry block | {'symbol': 'SKLUSDT', 'level': 0.00491579, 'seconds_since_activity': 641.0}
2026-07-11 10:30:14 | INFO | trading.strategy2_signal_filter:check:624 | S2 skip: level re-entry block | {'symbol': 'SKLUSDT', 'level': 0.00491579, 'seconds_since_activity': 646.1}
2026-07-11 10:30:19 | INFO | trading.strategy2_signal_filter:check:624 | S2 skip: level re-entry block | {'symbol': 'SKLUSDT', 'level': 0.00491579, 'seconds_since_activity': 651.2}
2026-07-11 10:30:25 | INFO | trading.strategy2_signal_filter:check:624 | S2 skip: level re-entry block | {'symbol': 'SKLUSDT', 'level': 0.00491579, 'seconds_since_activity': 656.3}
2026-07-11 10:30:25 | INFO | trading.strategy2_signal_filter:check:624 | S2 skip: level re-entry block | {'symbol': 'SKLUSDT', 'level': 0.00491579, 'seconds_since_activity': 656.3}
2026-07-11 10:30:30 | INFO | __main__:_trigger_loop:357 | Trigger activated | {'symbol': 'MMTUSDT'}
2026-07-11 10:30:30 | INFO | __main__:_run_phase1:601 | Level broken in recent candles, skipping monitor | {'symbol': 'MMTUSDT', 'level': 0.18555, 'close_below': 2}
2026-07-11 10:30:30 | INFO | trading.strategy2_signal_filter:check:624 | S2 skip: level re-entry block | {'symbol': 'SKLUSDT', 'level': 0.00491579, 'seconds_since_activity': 661.8}
2026-07-11 10:30:35 | INFO | trading.strategy2_signal_filter:check:624 | S2 skip: level re-entry block | {'symbol': 'SKLUSDT', 'level': 0.00491579, 'seconds_since_activity': 666.4}
2026-07-11 10:30:40 | INFO | trading.strategy2_signal_filter:check:624 | S2 skip: level re-entry block | {'symbol': 'SKLUSDT', 'level': 0.00491579, 'seconds_since_activity': 671.5}
2026-07-11 10:30:40 | INFO | trading.strategy2_signal_filter:check:624 | S2 skip: level re-entry block | {'symbol': 'SKLUSDT', 'level': 0.00491579, 'seconds_since_activity': 671.8}
2026-07-11 10:30:45 | INFO | trading.strategy2_signal_filter:check:624 | S2 skip: level re-entry block | {'symbol': 'SKLUSDT', 'level': 0.00491579, 'seconds_since_activity': 676.6}
2026-07-11 10:30:50 | INFO | trading.strategy2_signal_filter:check:624 | S2 skip: level re-entry block | {'symbol': 'SKLUSDT', 'level': 0.00491579, 'seconds_since_activity': 681.7}
2026-07-11 10:30:55 | INFO | trading.strategy2_signal_filter:check:624 | S2 skip: level re-entry block | {'symbol': 'SKLUSDT', 'level': 0.00491579, 'seconds_since_activity': 686.7}
2026-07-11 10:30:55 | INFO | trading.strategy2_signal_filter:check:624 | S2 skip: level re-entry block | {'symbol': 'SKLUSDT', 'level': 0.00491579, 'seconds_since_activity': 686.8}
2026-07-11 10:31:00 | INFO | trading.strategy2_signal_filter:check:624 | S2 skip: level re-entry block | {'symbol': 'SKLUSDT', 'level': 0.00491579, 'seconds_since_activity': 691.8}
2026-07-11 10:31:05 | INFO | trading.strategy2_signal_filter:check:624 | S2 skip: level re-entry block | {'symbol': 'SKLUSDT', 'level': 0.00491579, 'seconds_since_activity': 696.9}
2026-07-11 10:31:10 | INFO | trading.strategy2_signal_filter:check:624 | S2 skip: level re-entry block | {'symbol': 'SKLUSDT', 'level': 0.00491579, 'seconds_since_activity': 702.0}
2026-07-11 10:31:10 | INFO | trading.strategy2_signal_filter:check:624 | S2 skip: level re-entry block | {'symbol': 'SKLUSDT', 'level': 0.00491579, 'seconds_since_activity': 702.0}
2026-07-11 10:31:15 | INFO | trading.strategy2_signal_filter:check:624 | S2 skip: level re-entry block | {'symbol': 'SKLUSDT', 'level': 0.00491579, 'seconds_since_activity': 707.1}
2026-07-11 10:31:20 | INFO | trading.strategy2_signal_filter:check:624 | S2 skip: level re-entry block | {'symbol': 'SKLUSDT', 'level': 0.00491579, 'seconds_since_activity': 712.2}
2026-07-11 10:31:26 | INFO | trading.strategy2_signal_filter:check:624 | S2 skip: level re-entry block | {'symbol': 'SKLUSDT', 'level': 0.00491579, 'seconds_since_activity': 717.3}
2026-07-11 10:31:26 | INFO | trading.strategy2_signal_filter:check:624 | S2 skip: level re-entry block | {'symbol': 'SKLUSDT', 'level': 0.00491579, 'seconds_since_activity': 717.3}
2026-07-11 10:31:31 | INFO | trading.strategy2_signal_filter:check:624 | S2 skip: level re-entry block | {'symbol': 'SKLUSDT', 'level': 0.00491579, 'seconds_since_activity': 722.4}
2026-07-11 10:31:36 | INFO | trading.strategy2_signal_filter:check:624 | S2 skip: level re-entry block | {'symbol': 'SKLUSDT', 'level': 0.00491579, 'seconds_since_activity': 727.4}
2026-07-11 10:31:41 | INFO | trading.strategy2_signal_filter:check:624 | S2 skip: level re-entry block | {'symbol': 'SKLUSDT', 'level': 0.00491579, 'seconds_since_activity': 732.5}
2026-07-11 10:31:41 | INFO | trading.strategy2_signal_filter:check:624 | S2 skip: level re-entry block | {'symbol': 'SKLUSDT', 'level': 0.00491579, 'seconds_since_activity': 732.5}
2026-07-11 10:31:46 | INFO | trading.strategy2_signal_filter:check:624 | S2 skip: level re-entry block | {'symbol': 'SKLUSDT', 'level': 0.00491579, 'seconds_since_activity': 737.6}
2026-07-11 10:31:51 | INFO | trading.strategy2_signal_filter:check:624 | S2 skip: level re-entry block | {'symbol': 'SKLUSDT', 'level': 0.00491579, 'seconds_since_activity': 742.7}
2026-07-11 10:31:56 | INFO | trading.strategy2_signal_filter:check:624 | S2 skip: level re-entry block | {'symbol': 'SKLUSDT', 'level': 0.00491579, 'seconds_since_activity': 747.7}
2026-07-11 10:31:56 | INFO | trading.strategy2_signal_filter:check:624 | S2 skip: level re-entry block | {'symbol': 'SKLUSDT', 'level': 0.00491579, 'seconds_since_activity': 747.8}
2026-07-11 10:32:01 | INFO | trading.strategy2_signal_filter:check:624 | S2 skip: level re-entry block | {'symbol': 'SKLUSDT', 'level': 0.00491579, 'seconds_since_activity': 752.8}
2026-07-11 10:32:06 | INFO | trading.strategy2_signal_filter:check:624 | S2 skip: level re-entry block | {'symbol': 'SKLUSDT', 'level': 0.00491579, 'seconds_since_activity': 757.9}
2026-07-11 10:32:11 | INFO | trading.strategy2_signal_filter:check:624 | S2 skip: level re-entry block | {'symbol': 'SKLUSDT', 'level': 0.00491579, 'seconds_since_activity': 763.0}
2026-07-11 10:32:11 | INFO | trading.strategy2_signal_filter:check:624 | S2 skip: level re-entry block | {'symbol': 'SKLUSDT', 'level': 0.00491579, 'seconds_since_activity': 763.0}
2026-07-11 10:32:16 | INFO | trading.strategy2_signal_filter:check:624 | S2 skip: level re-entry block | {'symbol': 'SKLUSDT', 'level': 0.00491579, 'seconds_since_activity': 768.1}
2026-07-11 10:32:21 | INFO | trading.strategy2_signal_filter:check:624 | S2 skip: level re-entry block | {'symbol': 'SKLUSDT', 'level': 0.00491579, 'seconds_since_activity': 773.2}
2026-07-11 10:32:27 | INFO | trading.strategy2_signal_filter:check:624 | S2 skip: level re-entry block | {'symbol': 'SKLUSDT', 'level': 0.00491579, 'seconds_since_activity': 778.3}
2026-07-11 10:32:27 | INFO | trading.strategy2_signal_filter:check:624 | S2 skip: level re-entry block | {'symbol': 'SKLUSDT', 'level': 0.00491579, 'seconds_since_activity': 778.3}
2026-07-11 10:32:32 | INFO | trading.strategy2_signal_filter:check:624 | S2 skip: level re-entry block | {'symbol': 'SKLUSDT', 'level': 0.00491579, 'seconds_since_activity': 783.4}
2026-07-11 10:32:37 | INFO | trading.strategy2_signal_filter:check:624 | S2 skip: level re-entry block | {'symbol': 'SKLUSDT', 'level': 0.00491579, 'seconds_since_activity': 788.5}
2026-07-11 10:32:42 | INFO | trading.strategy2_signal_filter:check:624 | S2 skip: level re-entry block | {'symbol': 'SKLUSDT', 'level': 0.00491579, 'seconds_since_activity': 793.6}
2026-07-11 10:32:42 | INFO | trading.strategy2_signal_filter:check:624 | S2 skip: level re-entry block | {'symbol': 'SKLUSDT', 'level': 0.00491579, 'seconds_since_activity': 793.6}
2026-07-11 10:32:47 | INFO | trading.strategy2_signal_filter:check:624 | S2 skip: level re-entry block | {'symbol': 'SKLUSDT', 'level': 0.00491579, 'seconds_since_activity': 798.7}
2026-07-11 10:32:52 | INFO | trading.strategy2_signal_filter:check:624 | S2 skip: level re-entry block | {'symbol': 'SKLUSDT', 'level': 0.00491579, 'seconds_since_activity': 803.8}
2026-07-11 10:32:57 | INFO | trading.strategy2_signal_filter:check:624 | S2 skip: level re-entry block | {'symbol': 'SKLUSDT', 'level': 0.00491579, 'seconds_since_activity': 808.8}
2026-07-11 10:32:57 | INFO | trading.strategy2_signal_filter:check:624 | S2 skip: level re-entry block | {'symbol': 'SKLUSDT', 'level': 0.00491579, 'seconds_since_activity': 808.9}
2026-07-11 10:33:02 | INFO | trading.strategy2_signal_filter:check:624 | S2 skip: level re-entry block | {'symbol': 'SKLUSDT', 'level': 0.00491579, 'seconds_since_activity': 813.9}
2026-07-11 10:33:07 | INFO | trading.strategy2_signal_filter:check:624 | S2 skip: level re-entry block | {'symbol': 'SKLUSDT', 'level': 0.00491579, 'seconds_since_activity': 819.0}
2026-07-11 10:33:12 | INFO | trading.strategy2_signal_filter:check:624 | S2 skip: level re-entry block | {'symbol': 'SKLUSDT', 'level': 0.00491579, 'seconds_since_activity': 824.1}
2026-07-11 10:33:12 | INFO | trading.strategy2_signal_filter:check:624 | S2 skip: level re-entry block | {'symbol': 'SKLUSDT', 'level': 0.00491579, 'seconds_since_activity': 824.1}
2026-07-11 10:33:17 | INFO | trading.strategy2_signal_filter:check:624 | S2 skip: level re-entry block | {'symbol': 'SKLUSDT', 'level': 0.00491579, 'seconds_since_activity': 829.2}
2026-07-11 10:33:23 | INFO | trading.strategy2_signal_filter:check:624 | S2 skip: level re-entry block | {'symbol': 'SKLUSDT', 'level': 0.00491579, 'seconds_since_activity': 834.3}
2026-07-11 10:33:28 | INFO | trading.strategy2_signal_filter:check:624 | S2 skip: level re-entry block | {'symbol': 'SKLUSDT', 'level': 0.00491579, 'seconds_since_activity': 839.4}
2026-07-11 10:33:28 | INFO | trading.strategy2_signal_filter:check:624 | S2 skip: level re-entry block | {'symbol': 'SKLUSDT', 'level': 0.00491579, 'seconds_since_activity': 839.4}
2026-07-11 10:33:33 | INFO | trading.strategy2_signal_filter:check:624 | S2 skip: level re-entry block | {'symbol': 'SKLUSDT', 'level': 0.00491579, 'seconds_since_activity': 844.4}
2026-07-11 10:33:38 | INFO | trading.strategy2_signal_filter:check:624 | S2 skip: level re-entry block | {'symbol': 'SKLUSDT', 'level': 0.00491579, 'seconds_since_activity': 849.5}
2026-07-11 10:33:43 | INFO | trading.strategy2_signal_filter:check:624 | S2 skip: level re-entry block | {'symbol': 'SKLUSDT', 'level': 0.00491579, 'seconds_since_activity': 854.6}
2026-07-11 10:33:43 | INFO | trading.strategy2_signal_filter:check:624 | S2 skip: level re-entry block | {'symbol': 'SKLUSDT', 'level': 0.00491579, 'seconds_since_activity': 854.6}
2026-07-11 10:33:48 | INFO | trading.strategy2_signal_filter:check:624 | S2 skip: level re-entry block | {'symbol': 'SKLUSDT', 'level': 0.00491579, 'seconds_since_activity': 859.7}
2026-07-11 10:33:53 | INFO | trading.strategy2_signal_filter:check:624 | S2 skip: level re-entry block | {'symbol': 'SKLUSDT', 'level': 0.00491579, 'seconds_since_activity': 864.8}
2026-07-11 10:33:58 | INFO | trading.strategy2_signal_filter:check:624 | S2 skip: level re-entry block | {'symbol': 'SKLUSDT', 'level': 0.00491579, 'seconds_since_activity': 869.9}
2026-07-11 10:33:58 | INFO | trading.strategy2_signal_filter:check:624 | S2 skip: level re-entry block | {'symbol': 'SKLUSDT', 'level': 0.00491579, 'seconds_since_activity': 869.9}
2026-07-11 10:34:03 | INFO | __main__:_trigger_loop:357 | Trigger activated | {'symbol': 'LABUSDT'}
2026-07-11 10:34:03 | INFO | __main__:_run_phase1:414 | Pump degraded, skipping monitoring | {'symbol': 'LABUSDT', 'health': 40, 'broken': 0, 'correction': '107%'}
2026-07-11 10:34:03 | INFO | trading.strategy2_signal_filter:check:624 | S2 skip: level re-entry block | {'symbol': 'SKLUSDT', 'level': 0.00491579, 'seconds_since_activity': 874.9}
2026-07-11 10:34:08 | INFO | trading.strategy2_signal_filter:check:624 | S2 skip: level re-entry block | {'symbol': 'SKLUSDT', 'level': 0.00491579, 'seconds_since_activity': 880.0}
2026-07-11 10:34:13 | INFO | trading.strategy2_signal_filter:check:624 | S2 skip: level re-entry block | {'symbol': 'SKLUSDT', 'level': 0.00491579, 'seconds_since_activity': 885.1}
2026-07-11 10:34:13 | INFO | trading.strategy2_signal_filter:check:624 | S2 skip: level re-entry block | {'symbol': 'SKLUSDT', 'level': 0.00491579, 'seconds_since_activity': 885.1}
2026-07-11 10:34:18 | INFO | trading.strategy2_signal_filter:check:624 | S2 skip: level re-entry block | {'symbol': 'SKLUSDT', 'level': 0.00491579, 'seconds_since_activity': 890.2}
2026-07-11 10:34:24 | INFO | trading.strategy2_signal_filter:check:624 | S2 skip: level re-entry block | {'symbol': 'SKLUSDT', 'level': 0.00491579, 'seconds_since_activity': 895.3}
2026-07-11 10:34:29 | INFO | trading.strategy2_signal_filter:check:624 | S2 skip: level re-entry block | {'symbol': 'SKLUSDT', 'level': 0.00491579, 'seconds_since_activity': 900.3}
2026-07-11 10:34:29 | INFO | trading.strategy2_signal_filter:check:624 | S2 skip: level re-entry block | {'symbol': 'SKLUSDT', 'level': 0.00491579, 'seconds_since_activity': 900.4}
2026-07-11 10:34:34 | INFO | trading.strategy2_signal_filter:check:624 | S2 skip: level re-entry block | {'symbol': 'SKLUSDT', 'level': 0.00491579, 'seconds_since_activity': 905.4}
2026-07-11 10:34:36 | INFO | __main__:_auto_screener_loop:306 | Auto screener completed | {'total': 2, 'new': 0}
2026-07-11 10:34:39 | INFO | trading.strategy2_signal_filter:check:624 | S2 skip: level re-entry block | {'symbol': 'SKLUSDT', 'level': 0.00491579, 'seconds_since_activity': 910.5}
2026-07-11 10:34:44 | INFO | trading.strategy2_signal_filter:check:624 | S2 skip: level re-entry block | {'symbol': 'SKLUSDT', 'level': 0.00491579, 'seconds_since_activity': 915.6}
2026-07-11 10:34:44 | INFO | trading.strategy2_signal_filter:check:624 | S2 skip: level re-entry block | {'symbol': 'SKLUSDT', 'level': 0.00491579, 'seconds_since_activity': 915.6}
2026-07-11 10:34:49 | INFO | trading.strategy2_signal_filter:check:624 | S2 skip: level re-entry block | {'symbol': 'SKLUSDT', 'level': 0.00491579, 'seconds_since_activity': 920.7}
2026-07-11 10:34:54 | INFO | trading.strategy2_signal_filter:check:624 | S2 skip: level re-entry block | {'symbol': 'SKLUSDT', 'level': 0.00491579, 'seconds_since_activity': 925.8}
2026-07-11 10:34:59 | INFO | trading.strategy2_signal_filter:check:624 | S2 skip: level re-entry block | {'symbol': 'SKLUSDT', 'level': 0.00491579, 'seconds_since_activity': 930.8}
2026-07-11 10:34:59 | INFO | trading.strategy2_signal_filter:check:624 | S2 skip: level re-entry block | {'symbol': 'SKLUSDT', 'level': 0.00491579, 'seconds_since_activity': 930.8}
2026-07-11 10:35:04 | INFO | trading.strategy2_signal_filter:check:624 | S2 skip: level re-entry block | {'symbol': 'SKLUSDT', 'level': 0.00491579, 'seconds_since_activity': 935.9}
2026-07-11 10:35:09 | INFO | trading.strategy2_signal_filter:check:624 | S2 skip: level re-entry block | {'symbol': 'SKLUSDT', 'level': 0.00491579, 'seconds_since_activity': 941.0}
2026-07-11 10:35:14 | INFO | trading.strategy2_signal_filter:check:624 | S2 skip: level re-entry block | {'symbol': 'SKLUSDT', 'level': 0.00491579, 'seconds_since_activity': 946.1}
2026-07-11 10:35:14 | INFO | trading.strategy2_signal_filter:check:624 | S2 skip: level re-entry block | {'symbol': 'SKLUSDT', 'level': 0.00491579, 'seconds_since_activity': 946.1}
2026-07-11 10:35:19 | INFO | trading.strategy2_signal_filter:check:624 | S2 skip: level re-entry block | {'symbol': 'SKLUSDT', 'level': 0.00491579, 'seconds_since_activity': 951.1}
2026-07-11 10:35:24 | INFO | trading.strategy2_signal_filter:check:624 | S2 skip: level re-entry block | {'symbol': 'SKLUSDT', 'level': 0.00491579, 'seconds_since_activity': 956.2}
2026-07-11 10:35:30 | INFO | trading.strategy2_signal_filter:check:624 | S2 skip: level re-entry block | {'symbol': 'SKLUSDT', 'level': 0.00491579, 'seconds_since_activity': 961.3}
2026-07-11 10:35:30 | INFO | trading.strategy2_signal_filter:check:624 | S2 skip: level re-entry block | {'symbol': 'SKLUSDT', 'level': 0.00491579, 'seconds_since_activity': 961.3}
2026-07-11 10:35:35 | INFO | trading.strategy2_signal_filter:check:624 | S2 skip: level re-entry block | {'symbol': 'SKLUSDT', 'level': 0.00491579, 'seconds_since_activity': 966.4}
2026-07-11 10:35:40 | INFO | trading.strategy2_signal_filter:check:624 | S2 skip: level re-entry block | {'symbol': 'SKLUSDT', 'level': 0.00491579, 'seconds_since_activity': 971.5}
2026-07-11 10:35:45 | INFO | trading.strategy2_signal_filter:check:624 | S2 skip: level re-entry block | {'symbol': 'SKLUSDT', 'level': 0.00491579, 'seconds_since_activity': 976.6}
2026-07-11 10:35:45 | INFO | trading.strategy2_signal_filter:check:624 | S2 skip: level re-entry block | {'symbol': 'SKLUSDT', 'level': 0.00491579, 'seconds_since_activity': 976.6}
2026-07-11 10:35:50 | INFO | trading.strategy2_signal_filter:check:624 | S2 skip: level re-entry block | {'symbol': 'SKLUSDT', 'level': 0.00491579, 'seconds_since_activity': 981.7}
2026-07-11 10:35:55 | INFO | trading.strategy2_signal_filter:check:624 | S2 skip: level re-entry block | {'symbol': 'SKLUSDT', 'level': 0.00491579, 'seconds_since_activity': 986.7}
2026-07-11 10:36:00 | INFO | trading.strategy2_signal_filter:check:624 | S2 skip: level re-entry block | {'symbol': 'SKLUSDT', 'level': 0.00491579, 'seconds_since_activity': 991.8}
2026-07-11 10:36:00 | INFO | trading.strategy2_signal_filter:check:624 | S2 skip: level re-entry block | {'symbol': 'SKLUSDT', 'level': 0.00491579, 'seconds_since_activity': 991.8}
2026-07-11 10:36:05 | INFO | trading.strategy2_signal_filter:check:624 | S2 skip: level re-entry block | {'symbol': 'SKLUSDT', 'level': 0.00491579, 'seconds_since_activity': 996.9}
2026-07-11 10:36:10 | INFO | trading.strategy2_signal_filter:check:624 | S2 skip: level re-entry block | {'symbol': 'SKLUSDT', 'level': 0.00491579, 'seconds_since_activity': 1002.0}
2026-07-11 10:36:15 | INFO | trading.strategy2_signal_filter:check:624 | S2 skip: level re-entry block | {'symbol': 'SKLUSDT', 'level': 0.00491579, 'seconds_since_activity': 1007.1}
2026-07-11 10:36:15 | INFO | trading.strategy2_signal_filter:check:624 | S2 skip: level re-entry block | {'symbol': 'SKLUSDT', 'level': 0.00491579, 'seconds_since_activity': 1007.1}
2026-07-11 10:36:20 | INFO | trading.strategy2_signal_filter:check:624 | S2 skip: level re-entry block | {'symbol': 'SKLUSDT', 'level': 0.00491579, 'seconds_since_activity': 1012.1}
2026-07-11 10:36:25 | INFO | trading.strategy2_signal_filter:check:624 | S2 skip: level re-entry block | {'symbol': 'SKLUSDT', 'level': 0.00491579, 'seconds_since_activity': 1017.2}
2026-07-11 10:36:31 | INFO | trading.strategy2_signal_filter:check:624 | S2 skip: level re-entry block | {'symbol': 'SKLUSDT', 'level': 0.00491579, 'seconds_since_activity': 1022.3}
2026-07-11 10:36:31 | INFO | trading.strategy2_signal_filter:check:624 | S2 skip: level re-entry block | {'symbol': 'SKLUSDT', 'level': 0.00491579, 'seconds_since_activity': 1022.3}
2026-07-11 10:36:36 | INFO | trading.strategy2_signal_filter:check:624 | S2 skip: level re-entry block | {'symbol': 'SKLUSDT', 'level': 0.00491579, 'seconds_since_activity': 1027.4}
2026-07-11 10:36:41 | INFO | trading.strategy2_signal_filter:check:624 | S2 skip: level re-entry block | {'symbol': 'SKLUSDT', 'level': 0.00491579, 'seconds_since_activity': 1032.5}
2026-07-11 10:36:46 | INFO | trading.strategy2_signal_filter:check:624 | S2 skip: level re-entry block | {'symbol': 'SKLUSDT', 'level': 0.00491579, 'seconds_since_activity': 1037.5}
2026-07-11 10:36:46 | INFO | trading.strategy2_signal_filter:check:624 | S2 skip: level re-entry block | {'symbol': 'SKLUSDT', 'level': 0.00491579, 'seconds_since_activity': 1037.6}
2026-07-11 10:36:51 | INFO | trading.strategy2_signal_filter:check:624 | S2 skip: level re-entry block | {'symbol': 'SKLUSDT', 'level': 0.00491579, 'seconds_since_activity': 1042.6}
2026-07-11 10:36:56 | INFO | trading.strategy2_signal_filter:check:624 | S2 skip: level re-entry block | {'symbol': 'SKLUSDT', 'level': 0.00491579, 'seconds_since_activity': 1047.7}
2026-07-11 10:37:01 | INFO | trading.strategy2_signal_filter:check:624 | S2 skip: level re-entry block | {'symbol': 'SKLUSDT', 'level': 0.00491579, 'seconds_since_activity': 1052.8}
2026-07-11 10:37:01 | INFO | trading.strategy2_signal_filter:check:624 | S2 skip: level re-entry block | {'symbol': 'SKLUSDT', 'level': 0.00491579, 'seconds_since_activity': 1052.8}
2026-07-11 10:37:06 | INFO | trading.strategy2_signal_filter:check:624 | S2 skip: level re-entry block | {'symbol': 'SKLUSDT', 'level': 0.00491579, 'seconds_since_activity': 1057.9}
2026-07-11 10:37:11 | INFO | trading.strategy2_signal_filter:check:624 | S2 skip: level re-entry block | {'symbol': 'SKLUSDT', 'level': 0.00491579, 'seconds_since_activity': 1063.0}
2026-07-11 10:37:16 | INFO | trading.strategy2_signal_filter:check:624 | S2 skip: level re-entry block | {'symbol': 'SKLUSDT', 'level': 0.00491579, 'seconds_since_activity': 1068.1}
2026-07-11 10:37:16 | INFO | trading.strategy2_signal_filter:check:624 | S2 skip: level re-entry block | {'symbol': 'SKLUSDT', 'level': 0.00491579, 'seconds_since_activity': 1068.1}
2026-07-11 10:37:21 | INFO | trading.strategy2_signal_filter:check:624 | S2 skip: level re-entry block | {'symbol': 'SKLUSDT', 'level': 0.00491579, 'seconds_since_activity': 1073.2}
2026-07-11 10:37:26 | INFO | trading.strategy2_signal_filter:check:624 | S2 skip: level re-entry block | {'symbol': 'SKLUSDT', 'level': 0.00491579, 'seconds_since_activity': 1078.3}
2026-07-11 10:37:32 | INFO | trading.strategy2_signal_filter:check:624 | S2 skip: level re-entry block | {'symbol': 'SKLUSDT', 'level': 0.00491579, 'seconds_since_activity': 1083.3}
2026-07-11 10:37:32 | INFO | trading.strategy2_signal_filter:check:624 | S2 skip: level re-entry block | {'symbol': 'SKLUSDT', 'level': 0.00491579, 'seconds_since_activity': 1083.3}
2026-07-11 10:37:37 | INFO | trading.strategy2_signal_filter:check:624 | S2 skip: level re-entry block | {'symbol': 'SKLUSDT', 'level': 0.00491579, 'seconds_since_activity': 1088.4}
2026-07-11 10:37:42 | INFO | trading.strategy2_signal_filter:check:624 | S2 skip: level re-entry block | {'symbol': 'SKLUSDT', 'level': 0.00491579, 'seconds_since_activity': 1093.5}
2026-07-11 10:37:47 | INFO | trading.strategy2_signal_filter:check:624 | S2 skip: level re-entry block | {'symbol': 'SKLUSDT', 'level': 0.00491579, 'seconds_since_activity': 1098.6}
2026-07-11 10:37:47 | INFO | trading.strategy2_signal_filter:check:624 | S2 skip: level re-entry block | {'symbol': 'SKLUSDT', 'level': 0.00491579, 'seconds_since_activity': 1098.6}
2026-07-11 10:37:52 | INFO | trading.strategy2_signal_filter:check:624 | S2 skip: level re-entry block | {'symbol': 'SKLUSDT', 'level': 0.00491579, 'seconds_since_activity': 1103.7}
2026-07-11 10:37:57 | INFO | trading.strategy2_signal_filter:check:624 | S2 skip: level re-entry block | {'symbol': 'SKLUSDT', 'level': 0.00491579, 'seconds_since_activity': 1108.7}
2026-07-11 10:38:02 | INFO | trading.strategy2_signal_filter:check:624 | S2 skip: level re-entry block | {'symbol': 'SKLUSDT', 'level': 0.00491579, 'seconds_since_activity': 1113.8}
2026-07-11 10:38:02 | INFO | trading.strategy2_signal_filter:check:624 | S2 skip: level re-entry block | {'symbol': 'SKLUSDT', 'level': 0.00491579, 'seconds_since_activity': 1113.9}
2026-07-11 10:38:07 | INFO | trading.strategy2_signal_filter:check:624 | S2 skip: level re-entry block | {'symbol': 'SKLUSDT', 'level': 0.00491579, 'seconds_since_activity': 1118.9}
2026-07-11 10:38:12 | INFO | trading.strategy2_signal_filter:check:624 | S2 skip: level re-entry block | {'symbol': 'SKLUSDT', 'level': 0.00491579, 'seconds_since_activity': 1124.0}
2026-07-11 10:38:17 | INFO | trading.strategy2_signal_filter:check:624 | S2 skip: level re-entry block | {'symbol': 'SKLUSDT', 'level': 0.00491579, 'seconds_since_activity': 1129.1}
2026-07-11 10:38:17 | INFO | trading.strategy2_signal_filter:check:624 | S2 skip: level re-entry block | {'symbol': 'SKLUSDT', 'level': 0.00491579, 'seconds_since_activity': 1129.1}
2026-07-11 10:38:22 | INFO | trading.strategy2_signal_filter:check:624 | S2 skip: level re-entry block | {'symbol': 'SKLUSDT', 'level': 0.00491579, 'seconds_since_activity': 1134.2}
2026-07-11 10:38:28 | INFO | trading.strategy2_signal_filter:check:624 | S2 skip: level re-entry block | {'symbol': 'SKLUSDT', 'level': 0.00491579, 'seconds_since_activity': 1139.3}
2026-07-11 10:38:33 | INFO | trading.strategy2_signal_filter:check:624 | S2 skip: level re-entry block | {'symbol': 'SKLUSDT', 'level': 0.00491579, 'seconds_since_activity': 1144.4}
2026-07-11 10:38:33 | INFO | trading.strategy2_signal_filter:check:624 | S2 skip: level re-entry block | {'symbol': 'SKLUSDT', 'level': 0.00491579, 'seconds_since_activity': 1144.4}
2026-07-11 10:38:38 | INFO | trading.strategy2_signal_filter:check:624 | S2 skip: level re-entry block | {'symbol': 'SKLUSDT', 'level': 0.00491579, 'seconds_since_activity': 1149.5}
2026-07-11 10:38:43 | INFO | trading.strategy2_signal_filter:check:624 | S2 skip: level re-entry block | {'symbol': 'SKLUSDT', 'level': 0.00491579, 'seconds_since_activity': 1154.6}
2026-07-11 10:38:48 | INFO | trading.strategy2_signal_filter:check:624 | S2 skip: level re-entry block | {'symbol': 'SKLUSDT', 'level': 0.00491579, 'seconds_since_activity': 1159.7}
2026-07-11 10:38:48 | INFO | trading.strategy2_signal_filter:check:624 | S2 skip: level re-entry block | {'symbol': 'SKLUSDT', 'level': 0.00491579, 'seconds_since_activity': 1159.7}
2026-07-11 10:38:53 | INFO | trading.strategy2_signal_filter:check:624 | S2 skip: level re-entry block | {'symbol': 'SKLUSDT', 'level': 0.00491579, 'seconds_since_activity': 1164.8}
2026-07-11 10:38:58 | INFO | trading.strategy2_signal_filter:check:624 | S2 skip: level re-entry block | {'symbol': 'SKLUSDT', 'level': 0.00491579, 'seconds_since_activity': 1169.8}
2026-07-11 10:39:03 | INFO | trading.strategy2_signal_filter:check:624 | S2 skip: level re-entry block | {'symbol': 'SKLUSDT', 'level': 0.00491579, 'seconds_since_activity': 1174.9}
2026-07-11 10:39:03 | INFO | trading.strategy2_signal_filter:check:624 | S2 skip: level re-entry block | {'symbol': 'SKLUSDT', 'level': 0.00491579, 'seconds_since_activity': 1174.9}
2026-07-11 10:39:08 | INFO | trading.strategy2_signal_filter:check:624 | S2 skip: level re-entry block | {'symbol': 'SKLUSDT', 'level': 0.00491579, 'seconds_since_activity': 1180.0}
2026-07-11 10:39:13 | INFO | trading.strategy2_signal_filter:check:624 | S2 skip: level re-entry block | {'symbol': 'SKLUSDT', 'level': 0.00491579, 'seconds_since_activity': 1185.1}
2026-07-11 10:39:18 | INFO | trading.strategy2_signal_filter:check:624 | S2 skip: level re-entry block | {'symbol': 'SKLUSDT', 'level': 0.00491579, 'seconds_since_activity': 1190.2}
2026-07-11 10:39:18 | INFO | trading.strategy2_signal_filter:check:624 | S2 skip: level re-entry block | {'symbol': 'SKLUSDT', 'level': 0.00491579, 'seconds_since_activity': 1190.2}
2026-07-11 10:39:24 | INFO | trading.strategy2_signal_filter:check:624 | S2 skip: level re-entry block | {'symbol': 'SKLUSDT', 'level': 0.00491579, 'seconds_since_activity': 1195.3}
2026-07-11 10:39:29 | INFO | trading.strategy2_signal_filter:check:624 | S2 skip: level re-entry block | {'symbol': 'SKLUSDT', 'level': 0.00491579, 'seconds_since_activity': 1200.4}
2026-07-11 10:39:34 | INFO | trading.strategy2_signal_filter:check:624 | S2 skip: level re-entry block | {'symbol': 'SKLUSDT', 'level': 0.00491579, 'seconds_since_activity': 1205.4}
2026-07-11 10:39:34 | INFO | trading.strategy2_signal_filter:check:624 | S2 skip: level re-entry block | {'symbol': 'SKLUSDT', 'level': 0.00491579, 'seconds_since_activity': 1205.4}
2026-07-11 10:39:39 | INFO | trading.strategy2_signal_filter:check:624 | S2 skip: level re-entry block | {'symbol': 'SKLUSDT', 'level': 0.00491579, 'seconds_since_activity': 1210.5}
2026-07-11 10:39:44 | INFO | trading.strategy2_signal_filter:check:624 | S2 skip: level re-entry block | {'symbol': 'SKLUSDT', 'level': 0.00491579, 'seconds_since_activity': 1215.6}
2026-07-11 10:39:49 | INFO | trading.strategy2_signal_filter:check:624 | S2 skip: level re-entry block | {'symbol': 'SKLUSDT', 'level': 0.00491579, 'seconds_since_activity': 1220.7}
2026-07-11 10:39:49 | INFO | trading.strategy2_signal_filter:check:624 | S2 skip: level re-entry block | {'symbol': 'SKLUSDT', 'level': 0.00491579, 'seconds_since_activity': 1220.7}
2026-07-11 10:39:54 | INFO | trading.strategy2_signal_filter:check:624 | S2 skip: level re-entry block | {'symbol': 'SKLUSDT', 'level': 0.00491579, 'seconds_since_activity': 1225.8}
2026-07-11 10:39:59 | INFO | trading.strategy2_signal_filter:check:624 | S2 skip: level re-entry block | {'symbol': 'SKLUSDT', 'level': 0.00491579, 'seconds_since_activity': 1230.9}
2026-07-11 10:40:04 | INFO | trading.strategy2_signal_filter:check:624 | S2 skip: level re-entry block | {'symbol': 'SKLUSDT', 'level': 0.00491579, 'seconds_since_activity': 1235.9}
2026-07-11 10:40:04 | INFO | trading.strategy2_signal_filter:check:624 | S2 skip: level re-entry block | {'symbol': 'SKLUSDT', 'level': 0.00491579, 'seconds_since_activity': 1235.9}
2026-07-11 10:40:09 | INFO | trading.strategy2_signal_filter:check:624 | S2 skip: level re-entry block | {'symbol': 'SKLUSDT', 'level': 0.00491579, 'seconds_since_activity': 1241.0}
2026-07-11 10:40:14 | INFO | trading.strategy2_signal_filter:check:624 | S2 skip: level re-entry block | {'symbol': 'SKLUSDT', 'level': 0.00491579, 'seconds_since_activity': 1246.1}
2026-07-11 10:40:19 | INFO | trading.strategy2_signal_filter:check:624 | S2 skip: level re-entry block | {'symbol': 'SKLUSDT', 'level': 0.00491579, 'seconds_since_activity': 1251.2}
2026-07-11 10:40:19 | INFO | trading.strategy2_signal_filter:check:624 | S2 skip: level re-entry block | {'symbol': 'SKLUSDT', 'level': 0.00491579, 'seconds_since_activity': 1251.2}
2026-07-11 10:40:24 | INFO | trading.strategy2_signal_filter:check:624 | S2 skip: level re-entry block | {'symbol': 'SKLUSDT', 'level': 0.00491579, 'seconds_since_activity': 1256.3}
2026-07-11 10:40:30 | INFO | trading.strategy2_signal_filter:check:624 | S2 skip: level re-entry block | {'symbol': 'SKLUSDT', 'level': 0.00491579, 'seconds_since_activity': 1261.3}
2026-07-11 10:40:35 | INFO | trading.strategy2_signal_filter:check:624 | S2 skip: level re-entry block | {'symbol': 'SKLUSDT', 'level': 0.00491579, 'seconds_since_activity': 1266.4}
2026-07-11 10:40:35 | INFO | trading.strategy2_signal_filter:check:624 | S2 skip: level re-entry block | {'symbol': 'SKLUSDT', 'level': 0.00491579, 'seconds_since_activity': 1266.4}
2026-07-11 10:40:40 | INFO | trading.strategy2_signal_filter:check:624 | S2 skip: level re-entry block | {'symbol': 'SKLUSDT', 'level': 0.00491579, 'seconds_since_activity': 1271.5}
2026-07-11 10:40:45 | INFO | trading.strategy2_signal_filter:check:624 | S2 skip: level re-entry block | {'symbol': 'SKLUSDT', 'level': 0.00491579, 'seconds_since_activity': 1276.6}
2026-07-11 10:40:50 | INFO | trading.strategy2_signal_filter:check:624 | S2 skip: level re-entry block | {'symbol': 'SKLUSDT', 'level': 0.00491579, 'seconds_since_activity': 1281.7}
2026-07-11 10:40:50 | INFO | trading.strategy2_signal_filter:check:624 | S2 skip: level re-entry block | {'symbol': 'SKLUSDT', 'level': 0.00491579, 'seconds_since_activity': 1281.7}
2026-07-11 10:40:55 | INFO | trading.strategy2_signal_filter:check:624 | S2 skip: level re-entry block | {'symbol': 'SKLUSDT', 'level': 0.00491579, 'seconds_since_activity': 1286.8}
2026-07-11 10:41:00 | INFO | trading.strategy2_signal_filter:check:624 | S2 skip: level re-entry block | {'symbol': 'SKLUSDT', 'level': 0.00491579, 'seconds_since_activity': 1291.8}
2026-07-11 10:41:05 | INFO | trading.strategy2_signal_filter:check:624 | S2 skip: level re-entry block | {'symbol': 'SKLUSDT', 'level': 0.00491579, 'seconds_since_activity': 1296.9}
2026-07-11 10:41:05 | INFO | trading.strategy2_signal_filter:check:624 | S2 skip: level re-entry block | {'symbol': 'SKLUSDT', 'level': 0.00491579, 'seconds_since_activity': 1296.9}
2026-07-11 10:41:10 | INFO | trading.strategy2_signal_filter:check:624 | S2 skip: level re-entry block | {'symbol': 'SKLUSDT', 'level': 0.00491579, 'seconds_since_activity': 1302.0}
2026-07-11 10:41:15 | INFO | trading.strategy2_signal_filter:check:624 | S2 skip: level re-entry block | {'symbol': 'SKLUSDT', 'level': 0.00491579, 'seconds_since_activity': 1307.0}
2026-07-11 10:41:20 | INFO | trading.strategy2_signal_filter:check:624 | S2 skip: level re-entry block | {'symbol': 'SKLUSDT', 'level': 0.00491579, 'seconds_since_activity': 1312.1}
2026-07-11 10:41:20 | INFO | trading.strategy2_signal_filter:check:624 | S2 skip: level re-entry block | {'symbol': 'SKLUSDT', 'level': 0.00491579, 'seconds_since_activity': 1312.1}
2026-07-11 10:41:25 | INFO | trading.strategy2_signal_filter:check:624 | S2 skip: level re-entry block | {'symbol': 'SKLUSDT', 'level': 0.00491579, 'seconds_since_activity': 1317.2}
2026-07-11 10:41:31 | INFO | trading.strategy2_signal_filter:check:624 | S2 skip: level re-entry block | {'symbol': 'SKLUSDT', 'level': 0.00491579, 'seconds_since_activity': 1322.3}
2026-07-11 10:41:36 | INFO | trading.strategy2_signal_filter:check:624 | S2 skip: level re-entry block | {'symbol': 'SKLUSDT', 'level': 0.00491579, 'seconds_since_activity': 1327.4}
2026-07-11 10:41:36 | INFO | trading.strategy2_signal_filter:check:624 | S2 skip: level re-entry block | {'symbol': 'SKLUSDT', 'level': 0.00491579, 'seconds_since_activity': 1327.4}
2026-07-11 10:41:41 | INFO | trading.strategy2_signal_filter:check:624 | S2 skip: level re-entry block | {'symbol': 'SKLUSDT', 'level': 0.00491579, 'seconds_since_activity': 1332.5}
2026-07-11 10:41:46 | INFO | trading.strategy2_signal_filter:check:624 | S2 skip: level re-entry block | {'symbol': 'SKLUSDT', 'level': 0.00491579, 'seconds_since_activity': 1337.6}
2026-07-11 10:41:51 | INFO | trading.strategy2_signal_filter:check:624 | S2 skip: level re-entry block | {'symbol': 'SKLUSDT', 'level': 0.00491579, 'seconds_since_activity': 1342.6}
2026-07-11 10:41:51 | INFO | trading.strategy2_signal_filter:check:624 | S2 skip: level re-entry block | {'symbol': 'SKLUSDT', 'level': 0.00491579, 'seconds_since_activity': 1342.6}
2026-07-11 10:41:56 | INFO | trading.strategy2_signal_filter:check:624 | S2 skip: level re-entry block | {'symbol': 'SKLUSDT', 'level': 0.00491579, 'seconds_since_activity': 1347.7}
2026-07-11 10:42:01 | INFO | trading.strategy2_signal_filter:check:624 | S2 skip: level re-entry block | {'symbol': 'SKLUSDT', 'level': 0.00491579, 'seconds_since_activity': 1352.8}
2026-07-11 10:42:06 | INFO | trading.strategy2_signal_filter:check:624 | S2 skip: level re-entry block | {'symbol': 'SKLUSDT', 'level': 0.00491579, 'seconds_since_activity': 1357.9}
2026-07-11 10:42:06 | INFO | trading.strategy2_signal_filter:check:624 | S2 skip: level re-entry block | {'symbol': 'SKLUSDT', 'level': 0.00491579, 'seconds_since_activity': 1357.9}
2026-07-11 10:42:11 | INFO | trading.strategy2_signal_filter:check:624 | S2 skip: level re-entry block | {'symbol': 'SKLUSDT', 'level': 0.00491579, 'seconds_since_activity': 1362.9}
2026-07-11 10:42:16 | INFO | trading.strategy2_signal_filter:check:624 | S2 skip: level re-entry block | {'symbol': 'SKLUSDT', 'level': 0.00491579, 'seconds_since_activity': 1368.0}
2026-07-11 10:42:21 | INFO | trading.strategy2_signal_filter:check:624 | S2 skip: level re-entry block | {'symbol': 'SKLUSDT', 'level': 0.00491579, 'seconds_since_activity': 1373.1}
2026-07-11 10:42:21 | INFO | trading.strategy2_signal_filter:check:624 | S2 skip: level re-entry block | {'symbol': 'SKLUSDT', 'level': 0.00491579, 'seconds_since_activity': 1373.1}
2026-07-11 10:42:26 | INFO | trading.strategy2_signal_filter:check:624 | S2 skip: level re-entry block | {'symbol': 'SKLUSDT', 'level': 0.00491579, 'seconds_since_activity': 1378.2}
2026-07-11 10:42:32 | INFO | trading.strategy2_signal_filter:check:624 | S2 skip: level re-entry block | {'symbol': 'SKLUSDT', 'level': 0.00491579, 'seconds_since_activity': 1383.3}
2026-07-11 10:42:37 | INFO | trading.strategy2_signal_filter:check:624 | S2 skip: level re-entry block | {'symbol': 'SKLUSDT', 'level': 0.00491579, 'seconds_since_activity': 1388.4}
2026-07-11 10:42:37 | INFO | trading.strategy2_signal_filter:check:624 | S2 skip: level re-entry block | {'symbol': 'SKLUSDT', 'level': 0.00491579, 'seconds_since_activity': 1388.4}
2026-07-11 10:42:42 | INFO | trading.strategy2_signal_filter:check:624 | S2 skip: level re-entry block | {'symbol': 'SKLUSDT', 'level': 0.00491579, 'seconds_since_activity': 1393.5}
2026-07-11 10:42:47 | INFO | trading.strategy2_signal_filter:check:624 | S2 skip: level re-entry block | {'symbol': 'SKLUSDT', 'level': 0.00491579, 'seconds_since_activity': 1398.5}
2026-07-11 10:42:52 | INFO | trading.strategy2_signal_filter:check:624 | S2 skip: level re-entry block | {'symbol': 'SKLUSDT', 'level': 0.00491579, 'seconds_since_activity': 1403.6}
2026-07-11 10:42:52 | INFO | trading.strategy2_signal_filter:check:624 | S2 skip: level re-entry block | {'symbol': 'SKLUSDT', 'level': 0.00491579, 'seconds_since_activity': 1403.6}
2026-07-11 10:42:57 | INFO | trading.strategy2_signal_filter:check:624 | S2 skip: level re-entry block | {'symbol': 'SKLUSDT', 'level': 0.00491579, 'seconds_since_activity': 1408.7}
2026-07-11 10:43:02 | INFO | trading.strategy2_signal_filter:check:624 | S2 skip: level re-entry block | {'symbol': 'SKLUSDT', 'level': 0.00491579, 'seconds_since_activity': 1413.8}
2026-07-11 10:43:07 | INFO | trading.strategy2_signal_filter:check:624 | S2 skip: level re-entry block | {'symbol': 'SKLUSDT', 'level': 0.00491579, 'seconds_since_activity': 1418.9}
2026-07-11 10:43:07 | INFO | trading.strategy2_signal_filter:check:624 | S2 skip: level re-entry block | {'symbol': 'SKLUSDT', 'level': 0.00491579, 'seconds_since_activity': 1418.9}
2026-07-11 10:43:12 | INFO | trading.strategy2_signal_filter:check:624 | S2 skip: level re-entry block | {'symbol': 'SKLUSDT', 'level': 0.00491579, 'seconds_since_activity': 1423.9}
2026-07-11 10:43:17 | INFO | trading.strategy2_signal_filter:check:624 | S2 skip: level re-entry block | {'symbol': 'SKLUSDT', 'level': 0.00491579, 'seconds_since_activity': 1429.0}
2026-07-11 10:43:22 | INFO | trading.strategy2_signal_filter:check:624 | S2 skip: level re-entry block | {'symbol': 'SKLUSDT', 'level': 0.00491579, 'seconds_since_activity': 1434.1}
2026-07-11 10:43:22 | INFO | trading.strategy2_signal_filter:check:624 | S2 skip: level re-entry block | {'symbol': 'SKLUSDT', 'level': 0.00491579, 'seconds_since_activity': 1434.1}
2026-07-11 10:43:27 | INFO | trading.strategy2_signal_filter:check:624 | S2 skip: level re-entry block | {'symbol': 'SKLUSDT', 'level': 0.00491579, 'seconds_since_activity': 1439.2}
2026-07-11 10:43:33 | INFO | trading.strategy2_signal_filter:check:624 | S2 skip: level re-entry block | {'symbol': 'SKLUSDT', 'level': 0.00491579, 'seconds_since_activity': 1444.3}
2026-07-11 10:43:38 | INFO | trading.strategy2_signal_filter:check:624 | S2 skip: level re-entry block | {'symbol': 'SKLUSDT', 'level': 0.00491579, 'seconds_since_activity': 1449.4}
2026-07-11 10:43:38 | INFO | trading.strategy2_signal_filter:check:624 | S2 skip: level re-entry block | {'symbol': 'SKLUSDT', 'level': 0.00491579, 'seconds_since_activity': 1449.4}
2026-07-11 10:43:43 | INFO | trading.strategy2_signal_filter:check:624 | S2 skip: level re-entry block | {'symbol': 'SKLUSDT', 'level': 0.00491579, 'seconds_since_activity': 1454.4}
2026-07-11 10:43:48 | INFO | trading.strategy2_signal_filter:check:624 | S2 skip: level re-entry block | {'symbol': 'SKLUSDT', 'level': 0.00491579, 'seconds_since_activity': 1459.5}
2026-07-11 10:43:53 | INFO | trading.strategy2_signal_filter:check:624 | S2 skip: level re-entry block | {'symbol': 'SKLUSDT', 'level': 0.00491579, 'seconds_since_activity': 1464.6}
2026-07-11 10:43:53 | INFO | trading.strategy2_signal_filter:check:624 | S2 skip: level re-entry block | {'symbol': 'SKLUSDT', 'level': 0.00491579, 'seconds_since_activity': 1464.6}
2026-07-11 10:43:58 | INFO | trading.strategy2_signal_filter:check:624 | S2 skip: level re-entry block | {'symbol': 'SKLUSDT', 'level': 0.00491579, 'seconds_since_activity': 1469.7}
2026-07-11 10:44:03 | INFO | trading.strategy2_signal_filter:check:624 | S2 skip: level re-entry block | {'symbol': 'SKLUSDT', 'level': 0.00491579, 'seconds_since_activity': 1474.8}
2026-07-11 10:44:08 | INFO | trading.strategy2_signal_filter:check:624 | S2 skip: level re-entry block | {'symbol': 'SKLUSDT', 'level': 0.00491579, 'seconds_since_activity': 1479.9}
2026-07-11 10:44:08 | INFO | trading.strategy2_signal_filter:check:624 | S2 skip: level re-entry block | {'symbol': 'SKLUSDT', 'level': 0.00491579, 'seconds_since_activity': 1479.9}
2026-07-11 10:44:13 | INFO | trading.strategy2_signal_filter:check:624 | S2 skip: level re-entry block | {'symbol': 'SKLUSDT', 'level': 0.00491579, 'seconds_since_activity': 1484.9}
2026-07-11 10:44:18 | INFO | trading.strategy2_signal_filter:check:624 | S2 skip: level re-entry block | {'symbol': 'SKLUSDT', 'level': 0.00491579, 'seconds_since_activity': 1490.0}
2026-07-11 10:44:23 | INFO | trading.strategy2_signal_filter:check:624 | S2 skip: level re-entry block | {'symbol': 'SKLUSDT', 'level': 0.00491579, 'seconds_since_activity': 1495.1}
2026-07-11 10:44:23 | INFO | trading.strategy2_signal_filter:check:624 | S2 skip: level re-entry block | {'symbol': 'SKLUSDT', 'level': 0.00491579, 'seconds_since_activity': 1495.1}
2026-07-11 10:44:28 | INFO | trading.strategy2_signal_filter:check:624 | S2 skip: level re-entry block | {'symbol': 'SKLUSDT', 'level': 0.00491579, 'seconds_since_activity': 1500.2}
2026-07-11 10:44:31 | INFO | __main__:_proximity_arm_loop:1948 | proximity-arm activated | {'symbol': 'CLOUSDT', 'level': 0.25322, 'type': 'pump_base', 'strength': 5, 'dist_atr': 1.61}
2026-07-11 10:44:31 | INFO | __main__:_run_phase1:601 | Level broken in recent candles, skipping monitor | {'symbol': 'CLOUSDT', 'level': 0.25322, 'close_below': 4}
2026-07-11 10:44:34 | INFO | trading.strategy2_signal_filter:check:624 | S2 skip: level re-entry block | {'symbol': 'SKLUSDT', 'level': 0.00491579, 'seconds_since_activity': 1505.3}
2026-07-11 10:44:39 | INFO | trading.strategy2_signal_filter:check:624 | S2 skip: level re-entry block | {'symbol': 'SKLUSDT', 'level': 0.00491579, 'seconds_since_activity': 1510.4}
2026-07-11 10:44:39 | INFO | trading.strategy2_signal_filter:check:624 | S2 skip: level re-entry block | {'symbol': 'SKLUSDT', 'level': 0.00491579, 'seconds_since_activity': 1510.4}
2026-07-11 10:44:44 | INFO | trading.strategy2_signal_filter:check:624 | S2 skip: level re-entry block | {'symbol': 'SKLUSDT', 'level': 0.00491579, 'seconds_since_activity': 1515.5}
2026-07-11 10:44:49 | INFO | trading.strategy2_signal_filter:check:624 | S2 skip: level re-entry block | {'symbol': 'SKLUSDT', 'level': 0.00491579, 'seconds_since_activity': 1520.5}
2026-07-11 10:44:54 | INFO | trading.strategy2_signal_filter:check:624 | S2 skip: level re-entry block | {'symbol': 'SKLUSDT', 'level': 0.00491579, 'seconds_since_activity': 1525.6}
2026-07-11 10:44:54 | INFO | trading.strategy2_signal_filter:check:624 | S2 skip: level re-entry block | {'symbol': 'SKLUSDT', 'level': 0.00491579, 'seconds_since_activity': 1525.6}
2026-07-11 10:44:59 | INFO | trading.strategy2_signal_filter:check:624 | S2 skip: level re-entry block | {'symbol': 'SKLUSDT', 'level': 0.00491579, 'seconds_since_activity': 1530.7}
2026-07-11 10:45:01 | INFO | __main__:_proximity_arm_loop:1948 | proximity-arm activated | {'symbol': 'MMTUSDT', 'level': 0.18555, 'type': 'pump_base', 'strength': 5, 'dist_atr': 2.02}
2026-07-11 10:45:01 | INFO | __main__:_run_phase1:535 | No strong levels found | {'symbol': 'MMTUSDT', 'total_levels': 1}
2026-07-11 10:45:04 | INFO | trading.strategy2_signal_filter:check:624 | S2 skip: level re-entry block | {'symbol': 'SKLUSDT', 'level': 0.00491579, 'seconds_since_activity': 1535.8}
2026-07-11 10:45:09 | INFO | trading.strategy2_signal_filter:check:624 | S2 skip: level re-entry block | {'symbol': 'SKLUSDT', 'level': 0.00491579, 'seconds_since_activity': 1540.9}
2026-07-11 10:45:09 | INFO | trading.strategy2_signal_filter:check:624 | S2 skip: level re-entry block | {'symbol': 'SKLUSDT', 'level': 0.00491579, 'seconds_since_activity': 1540.9}
2026-07-11 10:45:14 | INFO | trading.strategy2_signal_filter:check:624 | S2 skip: level re-entry block | {'symbol': 'SKLUSDT', 'level': 0.00491579, 'seconds_since_activity': 1545.9}
2026-07-11 10:45:19 | INFO | trading.strategy2_signal_filter:check:624 | S2 skip: level re-entry block | {'symbol': 'SKLUSDT', 'level': 0.00491579, 'seconds_since_activity': 1551.0}
2026-07-11 10:45:24 | INFO | __main__:_trigger_loop:357 | Trigger activated | {'symbol': 'VELVETUSDT'}
2026-07-11 10:45:25 | INFO | trading.strategy2_signal_filter:check:624 | S2 skip: level re-entry block | {'symbol': 'SKLUSDT', 'level': 0.00491579, 'seconds_since_activity': 1556.6}
2026-07-11 10:45:25 | INFO | trading.strategy2_signal_filter:check:624 | S2 skip: level re-entry block | {'symbol': 'SKLUSDT', 'level': 0.00491579, 'seconds_since_activity': 1556.6}
2026-07-11 10:45:25 | INFO | __main__:_run_phase1:652 | Level monitoring started | {'symbol': 'VELVETUSDT', 'level': 0.44073, 'strength': 5}
2026-07-11 10:45:25 | INFO | trading.strategy2_signal_filter:check:641 | S2 market phase | {'symbol': 'VELVETUSDT', 'phase': 'unknown', 'note': 'unknown:range=7.6%,dir_eff=0.11'}
2026-07-11 10:45:25 | INFO | trading.strategy2_signal_filter:check:948 | S2 signal passed all filters | {'symbol': 'VELVETUSDT', 'level': 0.44073, 'level_type': 'body_level', 'strength': 5, 'p_bounce': 0.944, 'sl': 0.43437126, 'tp1': 0.44557803, 'tp2': 0.45583714, 'rr': 0.76, 'phase': 'unknown', 'pos_struct_pct': 10.3, 'pos_local_pct': 46.2, 'struct_range': [0.4115, 0.6948], 'approach_speed_pct': 0.3802, 'red_candles_streak': 1, 'phase_streak_checks': 1, 'phase_streak_seconds': 0.0, 'bleed_in_last_12': 2, 'seconds_since_bleed': 82607.6, 'phase_seq': 'bbdddddddddu', 'hours_since_pump_peak': 23.8, 'vol_decay': 0.21, 'natr_now_pct': 2.36}
2026-07-11 10:45:25 | INFO | trading.strategy2_live:_open_grid:592 | S2Live: leverage clamped to symbol max | {'symbol': 'VELVETUSDT', 'requested': 10, 'effective': 5}
2026-07-11 10:45:26 | INFO | trading.strategy2_live:_open_grid:784 | S2Live: SL order placed | {'trade_id': 'c637f6b8-7654-4bfa-bd61-76b51f8cca23', 'symbol': 'VELVETUSDT', 'sl_order_id': '5025b9e8-cb25-4b46-8df0-0ca38b8c4696', 'trigger': 0.43437, 'qty': 440.0}
2026-07-11 10:45:26 | INFO | bot.telegram:send_close_with_chart:1480 | chart candles available: VELVETUSDT 300 | {}
2026-07-11 10:45:26 | INFO | trading.strategy2_live:_open_grid:817 | S2Live grid opened | {'trade_id': 'c637f6b8-7654-4bfa-bd61-76b51f8cca23', 'symbol': 'VELVETUSDT', 'orders': 2}
2026-07-11 10:45:29 | INFO | trading.strategy2_signal_filter:check:624 | S2 skip: level re-entry block | {'symbol': 'SKLUSDT', 'level': 0.00491579, 'seconds_since_activity': 1561.2}
2026-07-11 10:45:30 | INFO | __main__:_proximity_loop:1258 | Proximity alert sent | {'symbol': 'VELVETUSDT', 'level': 0.44073, 'distance_pct': 1.7981283422459817}
2026-07-11 10:45:35 | INFO | trading.strategy2_signal_filter:check:624 | S2 skip: level re-entry block | {'symbol': 'SKLUSDT', 'level': 0.00491579, 'seconds_since_activity': 1566.3}
2026-07-11 10:45:40 | INFO | trading.strategy2_signal_filter:check:624 | S2 skip: level re-entry block | {'symbol': 'SKLUSDT', 'level': 0.00491579, 'seconds_since_activity': 1571.4}
2026-07-11 10:45:40 | INFO | trading.strategy2_signal_filter:check:624 | S2 skip: level re-entry block | {'symbol': 'SKLUSDT', 'level': 0.00491579, 'seconds_since_activity': 1571.4}
2026-07-11 10:45:45 | INFO | trading.strategy2_signal_filter:check:624 | S2 skip: level re-entry block | {'symbol': 'SKLUSDT', 'level': 0.00491579, 'seconds_since_activity': 1576.4}
2026-07-11 10:45:50 | INFO | trading.strategy2_signal_filter:check:624 | S2 skip: level re-entry block | {'symbol': 'SKLUSDT', 'level': 0.00491579, 'seconds_since_activity': 1581.5}
2026-07-11 10:45:55 | INFO | trading.strategy2_signal_filter:check:624 | S2 skip: level re-entry block | {'symbol': 'SKLUSDT', 'level': 0.00491579, 'seconds_since_activity': 1586.6}
2026-07-11 10:45:55 | INFO | trading.strategy2_signal_filter:check:624 | S2 skip: level re-entry block | {'symbol': 'SKLUSDT', 'level': 0.00491579, 'seconds_since_activity': 1586.6}
2026-07-11 10:46:00 | INFO | trading.strategy2_signal_filter:check:624 | S2 skip: level re-entry block | {'symbol': 'SKLUSDT', 'level': 0.00491579, 'seconds_since_activity': 1591.7}
2026-07-11 10:46:05 | INFO | trading.strategy2_signal_filter:check:624 | S2 skip: level re-entry block | {'symbol': 'SKLUSDT', 'level': 0.00491579, 'seconds_since_activity': 1596.8}
2026-07-11 10:46:10 | INFO | trading.strategy2_signal_filter:check:624 | S2 skip: level re-entry block | {'symbol': 'SKLUSDT', 'level': 0.00491579, 'seconds_since_activity': 1601.9}
2026-07-11 10:46:10 | INFO | trading.strategy2_signal_filter:check:624 | S2 skip: level re-entry block | {'symbol': 'SKLUSDT', 'level': 0.00491579, 'seconds_since_activity': 1601.9}
2026-07-11 10:46:15 | INFO | trading.strategy2_signal_filter:check:624 | S2 skip: level re-entry block | {'symbol': 'SKLUSDT', 'level': 0.00491579, 'seconds_since_activity': 1606.9}
2026-07-11 10:46:20 | INFO | trading.strategy2_signal_filter:check:624 | S2 skip: level re-entry block | {'symbol': 'SKLUSDT', 'level': 0.00491579, 'seconds_since_activity': 1612.0}
2026-07-11 10:46:25 | INFO | trading.strategy2_signal_filter:check:624 | S2 skip: level re-entry block | {'symbol': 'SKLUSDT', 'level': 0.00491579, 'seconds_since_activity': 1617.1}
2026-07-11 10:46:25 | INFO | trading.strategy2_signal_filter:check:624 | S2 skip: level re-entry block | {'symbol': 'SKLUSDT', 'level': 0.00491579, 'seconds_since_activity': 1617.1}
2026-07-11 10:46:30 | INFO | trading.strategy2_signal_filter:check:624 | S2 skip: level re-entry block | {'symbol': 'SKLUSDT', 'level': 0.00491579, 'seconds_since_activity': 1622.2}
2026-07-11 10:46:36 | INFO | trading.strategy2_signal_filter:check:624 | S2 skip: level re-entry block | {'symbol': 'SKLUSDT', 'level': 0.00491579, 'seconds_since_activity': 1627.3}
2026-07-11 10:46:41 | INFO | trading.strategy2_signal_filter:check:624 | S2 skip: level re-entry block | {'symbol': 'SKLUSDT', 'level': 0.00491579, 'seconds_since_activity': 1632.4}
2026-07-11 10:46:41 | INFO | trading.strategy2_signal_filter:check:624 | S2 skip: level re-entry block | {'symbol': 'SKLUSDT', 'level': 0.00491579, 'seconds_since_activity': 1632.4}
2026-07-11 10:46:46 | INFO | trading.strategy2_signal_filter:check:624 | S2 skip: level re-entry block | {'symbol': 'SKLUSDT', 'level': 0.00491579, 'seconds_since_activity': 1637.5}
2026-07-11 10:46:51 | INFO | trading.strategy2_signal_filter:check:624 | S2 skip: level re-entry block | {'symbol': 'SKLUSDT', 'level': 0.00491579, 'seconds_since_activity': 1642.6}
2026-07-11 10:46:56 | INFO | trading.strategy2_signal_filter:check:624 | S2 skip: level re-entry block | {'symbol': 'SKLUSDT', 'level': 0.00491579, 'seconds_since_activity': 1647.6}
2026-07-11 10:46:56 | INFO | trading.strategy2_signal_filter:check:624 | S2 skip: level re-entry block | {'symbol': 'SKLUSDT', 'level': 0.00491579, 'seconds_since_activity': 1647.6}
2026-07-11 10:47:01 | INFO | trading.strategy2_signal_filter:check:624 | S2 skip: level re-entry block | {'symbol': 'SKLUSDT', 'level': 0.00491579, 'seconds_since_activity': 1652.7}
2026-07-11 10:47:06 | INFO | trading.strategy2_signal_filter:check:624 | S2 skip: level re-entry block | {'symbol': 'SKLUSDT', 'level': 0.00491579, 'seconds_since_activity': 1657.8}
2026-07-11 10:47:11 | INFO | trading.strategy2_signal_filter:check:624 | S2 skip: level re-entry block | {'symbol': 'SKLUSDT', 'level': 0.00491579, 'seconds_since_activity': 1662.9}
2026-07-11 10:47:11 | INFO | trading.strategy2_signal_filter:check:624 | S2 skip: level re-entry block | {'symbol': 'SKLUSDT', 'level': 0.00491579, 'seconds_since_activity': 1662.9}
2026-07-11 10:47:16 | INFO | trading.strategy2_signal_filter:check:624 | S2 skip: level re-entry block | {'symbol': 'SKLUSDT', 'level': 0.00491579, 'seconds_since_activity': 1668.0}
2026-07-11 10:47:21 | INFO | trading.strategy2_signal_filter:check:624 | S2 skip: level re-entry block | {'symbol': 'SKLUSDT', 'level': 0.00491579, 'seconds_since_activity': 1673.0}
2026-07-11 10:47:26 | INFO | trading.strategy2_signal_filter:check:624 | S2 skip: level re-entry block | {'symbol': 'SKLUSDT', 'level': 0.00491579, 'seconds_since_activity': 1678.1}
2026-07-11 10:47:26 | INFO | trading.strategy2_signal_filter:check:624 | S2 skip: level re-entry block | {'symbol': 'SKLUSDT', 'level': 0.00491579, 'seconds_since_activity': 1678.1}
2026-07-11 10:47:31 | INFO | trading.strategy2_signal_filter:check:624 | S2 skip: level re-entry block | {'symbol': 'SKLUSDT', 'level': 0.00491579, 'seconds_since_activity': 1683.2}
2026-07-11 10:47:37 | INFO | trading.strategy2_signal_filter:check:624 | S2 skip: level re-entry block | {'symbol': 'SKLUSDT', 'level': 0.00491579, 'seconds_since_activity': 1688.3}
2026-07-11 10:47:42 | INFO | trading.strategy2_signal_filter:check:624 | S2 skip: level re-entry block | {'symbol': 'SKLUSDT', 'level': 0.00491579, 'seconds_since_activity': 1693.4}
2026-07-11 10:47:42 | INFO | trading.strategy2_signal_filter:check:624 | S2 skip: level re-entry block | {'symbol': 'SKLUSDT', 'level': 0.00491579, 'seconds_since_activity': 1693.4}
2026-07-11 10:47:47 | INFO | trading.strategy2_signal_filter:check:624 | S2 skip: level re-entry block | {'symbol': 'SKLUSDT', 'level': 0.00491579, 'seconds_since_activity': 1698.4}
2026-07-11 10:47:52 | INFO | trading.strategy2_signal_filter:check:624 | S2 skip: level re-entry block | {'symbol': 'SKLUSDT', 'level': 0.00491579, 'seconds_since_activity': 1703.5}
2026-07-11 10:47:57 | INFO | trading.strategy2_signal_filter:check:624 | S2 skip: level re-entry block | {'symbol': 'SKLUSDT', 'level': 0.00491579, 'seconds_since_activity': 1708.6}
2026-07-11 10:47:57 | INFO | trading.strategy2_signal_filter:check:624 | S2 skip: level re-entry block | {'symbol': 'SKLUSDT', 'level': 0.00491579, 'seconds_since_activity': 1708.6}
2026-07-11 10:48:02 | INFO | trading.strategy2_signal_filter:check:624 | S2 skip: level re-entry block | {'symbol': 'SKLUSDT', 'level': 0.00491579, 'seconds_since_activity': 1713.7}
2026-07-11 10:48:07 | INFO | trading.strategy2_signal_filter:check:624 | S2 skip: level re-entry block | {'symbol': 'SKLUSDT', 'level': 0.00491579, 'seconds_since_activity': 1718.8}
2026-07-11 10:48:12 | INFO | trading.strategy2_signal_filter:check:624 | S2 skip: level re-entry block | {'symbol': 'SKLUSDT', 'level': 0.00491579, 'seconds_since_activity': 1723.8}
2026-07-11 10:48:12 | INFO | trading.strategy2_signal_filter:check:624 | S2 skip: level re-entry block | {'symbol': 'SKLUSDT', 'level': 0.00491579, 'seconds_since_activity': 1723.8}
2026-07-11 10:48:17 | INFO | trading.strategy2_signal_filter:check:624 | S2 skip: level re-entry block | {'symbol': 'SKLUSDT', 'level': 0.00491579, 'seconds_since_activity': 1728.9}
2026-07-11 10:48:22 | INFO | trading.strategy2_signal_filter:check:624 | S2 skip: level re-entry block | {'symbol': 'SKLUSDT', 'level': 0.00491579, 'seconds_since_activity': 1734.0}
2026-07-11 10:48:27 | INFO | trading.strategy2_signal_filter:check:624 | S2 skip: level re-entry block | {'symbol': 'SKLUSDT', 'level': 0.00491579, 'seconds_since_activity': 1739.1}
2026-07-11 10:48:27 | INFO | trading.strategy2_signal_filter:check:624 | S2 skip: level re-entry block | {'symbol': 'SKLUSDT', 'level': 0.00491579, 'seconds_since_activity': 1739.1}
2026-07-11 10:48:32 | INFO | trading.strategy2_signal_filter:check:624 | S2 skip: level re-entry block | {'symbol': 'SKLUSDT', 'level': 0.00491579, 'seconds_since_activity': 1744.1}
2026-07-11 10:48:37 | INFO | trading.strategy2_signal_filter:check:624 | S2 skip: level re-entry block | {'symbol': 'SKLUSDT', 'level': 0.00491579, 'seconds_since_activity': 1749.2}
2026-07-11 10:48:43 | INFO | trading.strategy2_signal_filter:check:624 | S2 skip: level re-entry block | {'symbol': 'SKLUSDT', 'level': 0.00491579, 'seconds_since_activity': 1754.3}
2026-07-11 10:48:43 | INFO | trading.strategy2_signal_filter:check:624 | S2 skip: level re-entry block | {'symbol': 'SKLUSDT', 'level': 0.00491579, 'seconds_since_activity': 1754.3}
2026-07-11 10:48:48 | INFO | trading.strategy2_signal_filter:check:624 | S2 skip: level re-entry block | {'symbol': 'SKLUSDT', 'level': 0.00491579, 'seconds_since_activity': 1759.4}
2026-07-11 10:48:53 | INFO | trading.strategy2_signal_filter:check:624 | S2 skip: level re-entry block | {'symbol': 'SKLUSDT', 'level': 0.00491579, 'seconds_since_activity': 1764.4}
2026-07-11 10:48:58 | INFO | trading.strategy2_signal_filter:check:624 | S2 skip: level re-entry block | {'symbol': 'SKLUSDT', 'level': 0.00491579, 'seconds_since_activity': 1769.5}
2026-07-11 10:48:58 | INFO | trading.strategy2_signal_filter:check:624 | S2 skip: level re-entry block | {'symbol': 'SKLUSDT', 'level': 0.00491579, 'seconds_since_activity': 1769.6}
2026-07-11 10:49:03 | INFO | trading.strategy2_signal_filter:check:624 | S2 skip: level re-entry block | {'symbol': 'SKLUSDT', 'level': 0.00491579, 'seconds_since_activity': 1774.6}
2026-07-11 10:49:08 | INFO | trading.strategy2_signal_filter:check:624 | S2 skip: level re-entry block | {'symbol': 'SKLUSDT', 'level': 0.00491579, 'seconds_since_activity': 1779.7}
2026-07-11 10:49:13 | INFO | trading.strategy2_signal_filter:check:624 | S2 skip: level re-entry block | {'symbol': 'SKLUSDT', 'level': 0.00491579, 'seconds_since_activity': 1784.8}
2026-07-11 10:49:13 | INFO | trading.strategy2_signal_filter:check:624 | S2 skip: level re-entry block | {'symbol': 'SKLUSDT', 'level': 0.00491579, 'seconds_since_activity': 1784.8}
2026-07-11 10:49:18 | INFO | trading.strategy2_signal_filter:check:624 | S2 skip: level re-entry block | {'symbol': 'SKLUSDT', 'level': 0.00491579, 'seconds_since_activity': 1789.9}
2026-07-11 10:49:23 | INFO | trading.strategy2_signal_filter:check:624 | S2 skip: level re-entry block | {'symbol': 'SKLUSDT', 'level': 0.00491579, 'seconds_since_activity': 1795.0}
2026-07-11 10:49:28 | INFO | trading.live_price_tracker:_save_post_exit_range:226 | live_post_exit_tracker saved | {'trade_id': 'b7fc7b9c-2af1-45f5-918e-32fb000a9894', 'high': 0.005041, 'low': 0.004924}
2026-07-11 10:49:28 | INFO | trading.strategy2_signal_filter:check:641 | S2 market phase | {'symbol': 'SKLUSDT', 'phase': 'drop_tradeable', 'note': 'drop_tradeable:bq=0.70'}
2026-07-11 10:49:28 | INFO | trading.strategy2_signal_filter:check:948 | S2 signal passed all filters | {'symbol': 'SKLUSDT', 'level': 0.00491579, 'level_type': 'body_level', 'strength': 5, 'p_bounce': 0.944, 'sl': 0.00487288, 'tp1': 0.00494827, 'tp2': 0.00502008, 'rr': 0.76, 'phase': 'drop_tradeable', 'pos_struct_pct': 15.2, 'pos_local_pct': -3.9, 'struct_range': [0.004695, 0.00615], 'approach_speed_pct': 0.0808, 'red_candles_streak': 0, 'phase_streak_checks': 1, 'phase_streak_seconds': 0.0, 'bleed_in_last_12': 10, 'seconds_since_bleed': 2485.8, 'phase_seq': 'bbbbbbbbbbfd', 'hours_since_pump_peak': 22.1, 'vol_decay': 0.27, 'natr_now_pct': 1.34}
2026-07-11 10:49:29 | INFO | trading.strategy2_live:_open_grid:784 | S2Live: SL order placed | {'trade_id': 'b291a769-840f-4754-9563-9c70ebe44601', 'symbol': 'SKLUSDT', 'sl_order_id': 'b15a6183-439c-4122-9aee-b7327b06a1b1', 'trigger': 0.004873, 'qty': 40738.0}
2026-07-11 10:49:29 | INFO | bot.telegram:send_close_with_chart:1480 | chart candles available: SKLUSDT 300 | {}
2026-07-11 10:49:30 | INFO | trading.strategy2_live:_open_grid:817 | S2Live grid opened | {'trade_id': 'b291a769-840f-4754-9563-9c70ebe44601', 'symbol': 'SKLUSDT', 'orders': 2}
2026-07-11 10:54:38 | INFO | trading.strategy2_signal_filter:check:493 | S2 skip: approach>=block (G3, level exhausted) | {'symbol': 'VELVETUSDT', 'level': 0.44073, 'approach_count': 4, 'block_threshold': 4}
2026-07-11 10:54:38 | INFO | trading.strategy2_signal_filter:check:505 | S2: level marked dead, monitor will stop sending proximity | {'symbol': 'VELVETUSDT', 'level': 0.44073, 'approach_count': 4}
2026-07-11 10:55:30 | INFO | trading.strategy2_live:_sync_grid_fills:1629 | S2Live: grid order filled | {'trade_id': 'c637f6b8-7654-4bfa-bd61-76b51f8cca23', 'symbol': 'VELVETUSDT', 'index': 1, 'fill_price': 0.44249}
2026-07-11 10:55:30 | INFO | trading.strategy2_live:_sync_grid_fills:1629 | S2Live: grid order filled | {'trade_id': 'c637f6b8-7654-4bfa-bd61-76b51f8cca23', 'symbol': 'VELVETUSDT', 'index': 2, 'fill_price': 0.43588}
2026-07-11 10:55:31 | INFO | __main__:_proximity_arm_loop:1948 | proximity-arm activated | {'symbol': 'EVAAUSDT', 'level': 1.9008, 'type': 'pump_base', 'strength': 5, 'dist_atr': 1.14}
2026-07-11 10:55:31 | INFO | __main__:_run_phase1:414 | Pump degraded, skipping monitoring | {'symbol': 'EVAAUSDT', 'health': 40, 'broken': 0, 'correction': '96%'}
2026-07-11 10:55:33 | INFO | bot.telegram:send_close_with_chart:1480 | chart candles available: VELVETUSDT 300 | {}
2026-07-11 10:55:33 | INFO | trading.strategy2_live:_reconcile_one:1413 | S2Live reconcile: position closed on exchange | {'trade_id': 'c637f6b8-7654-4bfa-bd61-76b51f8cca23', 'symbol': 'VELVETUSDT', 'exit_reason': 'reconcile_closed_on_exchange', 'real_exit_price': 0.43435, 'pnl_usdt': -2.414922}
2026-07-11 10:56:00 | INFO | __main__:_monitored:787 | Level outcome saved | {'symbol': 'VELVETUSDT', 'level': 0.44073, 'result': 'пробой', 'outcome': 'breakout', 'duration': 634.6}
2026-07-11 10:56:00 | INFO | __main__:_start_next_level_after_breakout:911 | Cached level degraded after recalc, skipping | {'symbol': 'VELVETUSDT', 'level': 0.42602, 'strength': 1}
2026-07-11 10:56:00 | INFO | __main__:_start_next_level_after_breakout:998 | No next level started but cache has candidates, keeping symbol | {'symbol': 'VELVETUSDT'}
2026-07-11 10:56:15 | INFO | __main__:_proximity_loop:1381 | Weak level touch resolved | {'symbol': 'VELVETUSDT', 'level': 0.43187, 'event': 'bounce', 'fill_depth': 0.0}
2026-07-11 10:59:13 | INFO | analysis.monitor:start_monitor:126 | monitor: skip level with non-positive p_bounce (won't pass entry filter) | {'symbol': 'SKLUSDT', 'level': 0.004923, 'level_type': 'wick_level', 'p_bounce': 0.0, 'expected_depth': 0.0}
2026-07-11 10:59:13 | INFO | __main__:_monitored:798 | Monitor cancelled | {'symbol': 'SKLUSDT', 'level': 0.00491579}
2026-07-11 10:59:13 | INFO | __main__:_start_resistance_after_bounce:1116 | Resistance monitor started | {'symbol': 'SKLUSDT', 'resistance': 0.004923, 'from_support': 0.00491579}
2026-07-11 10:59:13 | INFO | __main__:_monitored:787 | Level outcome saved | {'symbol': 'SKLUSDT', 'level': 0.004923, 'result': 'отбой', 'outcome': None, 'duration': 0.0}
2026-07-11 10:59:34 | INFO | trading.strategy2_live:_sync_grid_fills:1629 | S2Live: grid order filled | {'trade_id': 'b291a769-840f-4754-9563-9c70ebe44601', 'symbol': 'SKLUSDT', 'index': 1, 'fill_price': 0.004935}
2026-07-11 10:59:34 | INFO | trading.strategy2_live:_recalculate_params:2191 | S2Live: params recalculated | {'trade_id': 'b291a769-840f-4754-9563-9c70ebe44601', 'sl': 0.00487288, 'tp1': 0.00494827, 'tp2': 0.00502008, 'full_grid_tp': None, 'fill_count': 1}
2026-07-11 11:00:08 | INFO | __main__:_trigger_loop:357 | Trigger activated | {'symbol': 'XPINUSDT'}
2026-07-11 11:00:09 | INFO | __main__:_run_phase1:575 | Replaced old monitor with closer level | {'symbol': 'XPINUSDT', 'old': 0.0020725, 'new': 0.002139}
2026-07-11 11:00:09 | INFO | __main__:_monitored:798 | Monitor cancelled | {'symbol': 'XPINUSDT', 'level': 0.0020725}
2026-07-11 11:00:09 | INFO | __main__:_run_phase1:652 | Level monitoring started | {'symbol': 'XPINUSDT', 'level': 0.002139, 'strength': 5}
2026-07-11 11:00:09 | INFO | trading.strategy2_signal_filter:check:493 | S2 skip: approach>=block (G3, level exhausted) | {'symbol': 'XPINUSDT', 'level': 0.002139, 'approach_count': 12, 'block_threshold': 4}
2026-07-11 11:00:09 | INFO | trading.strategy2_signal_filter:check:505 | S2: level marked dead, monitor will stop sending proximity | {'symbol': 'XPINUSDT', 'level': 0.002139, 'approach_count': 12}
2026-07-11 11:00:14 | INFO | analysis.monitor:start_monitor:126 | monitor: skip level with non-positive p_bounce (won't pass entry filter) | {'symbol': 'CLOUSDT', 'level': 0.2544478947368421, 'level_type': 'wick_level', 'p_bounce': 0.0, 'expected_depth': 0.0}
2026-07-11 11:00:14 | INFO | __main__:_start_resistance_after_bounce:1116 | Resistance monitor started | {'symbol': 'CLOUSDT', 'resistance': 0.2544478947368421, 'from_support': 0.25294}
2026-07-11 11:00:14 | INFO | __main__:_monitored:787 | Level outcome saved | {'symbol': 'CLOUSDT', 'level': 0.2544478947368421, 'result': 'отбой', 'outcome': None, 'duration': 0.0}
2026-07-11 11:00:14 | INFO | __main__:_proximity_loop:1258 | Proximity alert sent | {'symbol': 'XPINUSDT', 'level': 0.002139, 'distance_pct': 1.4285714285714382}
2026-07-11 11:00:14 | INFO | trading.strategy2_signal_filter:check:493 | S2 skip: approach>=block (G3, level exhausted) | {'symbol': 'XPINUSDT', 'level': 0.002139, 'approach_count': 12, 'block_threshold': 4}
2026-07-11 11:00:29 | INFO | trading.strategy2_signal_filter:check:493 | S2 skip: approach>=block (G3, level exhausted) | {'symbol': 'XPINUSDT', 'level': 0.002139, 'approach_count': 12, 'block_threshold': 4}
2026-07-11 11:00:44 | INFO | trading.strategy2_signal_filter:check:493 | S2 skip: approach>=block (G3, level exhausted) | {'symbol': 'XPINUSDT', 'level': 0.002139, 'approach_count': 12, 'block_threshold': 4}
2026-07-11 11:00:49 | INFO | __main__:_proximity_loop:1381 | Weak level touch resolved | {'symbol': 'VELVETUSDT', 'level': 0.43025, 'event': 'bounce', 'fill_depth': 0.0}
2026-07-11 11:00:54 | INFO | analysis.monitor:start_monitor:126 | monitor: skip level with non-positive p_bounce (won't pass entry filter) | {'symbol': 'CLOUSDT', 'level': 0.2561759649122807, 'level_type': 'wick_level', 'p_bounce': 0.0, 'expected_depth': 0.0}
2026-07-11 11:00:54 | INFO | __main__:_start_resistance_after_bounce:1116 | Resistance monitor started | {'symbol': 'CLOUSDT', 'resistance': 0.2561759649122807, 'from_support': 0.25294}
2026-07-11 11:00:55 | INFO | __main__:_monitored:787 | Level outcome saved | {'symbol': 'CLOUSDT', 'level': 0.2561759649122807, 'result': 'отбой', 'outcome': None, 'duration': 0.0}
2026-07-11 11:00:59 | INFO | analysis.monitor:start_monitor:126 | monitor: skip level with non-positive p_bounce (won't pass entry filter) | {'symbol': 'CLOUSDT', 'level': 0.2561759649122807, 'level_type': 'wick_level', 'p_bounce': 0.0, 'expected_depth': 0.0}
2026-07-11 11:00:59 | INFO | trading.strategy2_signal_filter:check:493 | S2 skip: approach>=block (G3, level exhausted) | {'symbol': 'XPINUSDT', 'level': 0.002139, 'approach_count': 12, 'block_threshold': 4}
2026-07-11 11:00:59 | INFO | __main__:_start_resistance_after_bounce:1116 | Resistance monitor started | {'symbol': 'CLOUSDT', 'resistance': 0.2561759649122807, 'from_support': 0.25294}
2026-07-11 11:01:00 | INFO | __main__:_monitored:787 | Level outcome saved | {'symbol': 'CLOUSDT', 'level': 0.2561759649122807, 'result': 'отбой', 'outcome': None, 'duration': 0.0}
2026-07-11 11:01:04 | INFO | analysis.monitor:start_monitor:126 | monitor: skip level with non-positive p_bounce (won't pass entry filter) | {'symbol': 'CLOUSDT', 'level': 0.2535655555555556, 'level_type': 'wick_level', 'p_bounce': 0.0, 'expected_depth': 0.0}
2026-07-11 11:01:04 | INFO | __main__:_start_resistance_after_bounce:1116 | Resistance monitor started | {'symbol': 'CLOUSDT', 'resistance': 0.2535655555555556, 'from_support': 0.25294}
2026-07-11 11:01:05 | INFO | __main__:_monitored:787 | Level outcome saved | {'symbol': 'CLOUSDT', 'level': 0.2535655555555556, 'result': 'отбой', 'outcome': None, 'duration': 0.0}
2026-07-11 11:01:15 | INFO | trading.strategy2_signal_filter:check:493 | S2 skip: approach>=block (G3, level exhausted) | {'symbol': 'XPINUSDT', 'level': 0.002139, 'approach_count': 12, 'block_threshold': 4}
2026-07-11 11:01:30 | INFO | trading.strategy2_signal_filter:check:493 | S2 skip: approach>=block (G3, level exhausted) | {'symbol': 'XPINUSDT', 'level': 0.002139, 'approach_count': 12, 'block_threshold': 4}
2026-07-11 11:01:45 | INFO | trading.strategy2_signal_filter:check:493 | S2 skip: approach>=block (G3, level exhausted) | {'symbol': 'XPINUSDT', 'level': 0.002139, 'approach_count': 12, 'block_threshold': 4}
2026-07-11 11:02:00 | INFO | trading.strategy2_signal_filter:check:493 | S2 skip: approach>=block (G3, level exhausted) | {'symbol': 'XPINUSDT', 'level': 0.002139, 'approach_count': 12, 'block_threshold': 4}
2026-07-11 11:02:16 | INFO | trading.strategy2_signal_filter:check:493 | S2 skip: approach>=block (G3, level exhausted) | {'symbol': 'XPINUSDT', 'level': 0.002139, 'approach_count': 12, 'block_threshold': 4}
2026-07-11 11:02:31 | INFO | analysis.monitor:start_monitor:126 | monitor: skip level with non-positive p_bounce (won't pass entry filter) | {'symbol': 'CLOUSDT', 'level': 0.25587382352941174, 'level_type': 'wick_level', 'p_bounce': 0.0, 'expected_depth': 0.0}
2026-07-11 11:02:31 | INFO | trading.strategy2_signal_filter:check:493 | S2 skip: approach>=block (G3, level exhausted) | {'symbol': 'XPINUSDT', 'level': 0.002139, 'approach_count': 12, 'block_threshold': 4}
2026-07-11 11:02:31 | INFO | __main__:_start_resistance_after_bounce:1116 | Resistance monitor started | {'symbol': 'CLOUSDT', 'resistance': 0.25587382352941174, 'from_support': 0.25294}
2026-07-11 11:02:31 | INFO | __main__:_monitored:787 | Level outcome saved | {'symbol': 'CLOUSDT', 'level': 0.25587382352941174, 'result': 'отбой', 'outcome': None, 'duration': 0.0}
2026-07-11 11:02:32 | INFO | __main__:_proximity_arm_loop:1948 | proximity-arm activated | {'symbol': 'TACUSDT', 'level': 0.003364, 'type': 'pump_base', 'strength': 5, 'dist_atr': 1.9}
2026-07-11 11:02:32 | INFO | __main__:_run_phase1:414 | Pump degraded, skipping monitoring | {'symbol': 'TACUSDT', 'health': 5, 'broken': 0, 'correction': '253%'}
2026-07-11 11:02:36 | INFO | analysis.monitor:start_monitor:126 | monitor: skip level with non-positive p_bounce (won't pass entry filter) | {'symbol': 'CLOUSDT', 'level': 0.2558981818181818, 'level_type': 'wick_level', 'p_bounce': 0.0, 'expected_depth': 0.0}
2026-07-11 11:02:36 | INFO | __main__:_start_resistance_after_bounce:1116 | Resistance monitor started | {'symbol': 'CLOUSDT', 'resistance': 0.2558981818181818, 'from_support': 0.25294}
2026-07-11 11:02:36 | INFO | __main__:_monitored:787 | Level outcome saved | {'symbol': 'CLOUSDT', 'level': 0.2558981818181818, 'result': 'отбой', 'outcome': None, 'duration': 0.0}
2026-07-11 11:02:41 | INFO | analysis.monitor:start_monitor:126 | monitor: skip level with non-positive p_bounce (won't pass entry filter) | {'symbol': 'CLOUSDT', 'level': 0.2558981818181818, 'level_type': 'wick_level', 'p_bounce': 0.0, 'expected_depth': 0.0}
2026-07-11 11:02:41 | INFO | __main__:_start_resistance_after_bounce:1116 | Resistance monitor started | {'symbol': 'CLOUSDT', 'resistance': 0.2558981818181818, 'from_support': 0.25294}
2026-07-11 11:02:41 | INFO | __main__:_monitored:787 | Level outcome saved | {'symbol': 'CLOUSDT', 'level': 0.2558981818181818, 'result': 'отбой', 'outcome': None, 'duration': 0.0}
2026-07-11 11:02:46 | INFO | analysis.monitor:start_monitor:126 | monitor: skip level with non-positive p_bounce (won't pass entry filter) | {'symbol': 'CLOUSDT', 'level': 0.2558981818181818, 'level_type': 'wick_level', 'p_bounce': 0.0, 'expected_depth': 0.0}
2026-07-11 11:02:46 | INFO | trading.strategy2_signal_filter:check:493 | S2 skip: approach>=block (G3, level exhausted) | {'symbol': 'XPINUSDT', 'level': 0.002139, 'approach_count': 12, 'block_threshold': 4}
2026-07-11 11:02:46 | INFO | __main__:_start_resistance_after_bounce:1116 | Resistance monitor started | {'symbol': 'CLOUSDT', 'resistance': 0.2558981818181818, 'from_support': 0.25294}
2026-07-11 11:02:46 | INFO | __main__:_monitored:787 | Level outcome saved | {'symbol': 'CLOUSDT', 'level': 0.2558981818181818, 'result': 'отбой', 'outcome': None, 'duration': 0.0}
2026-07-11 11:02:51 | INFO | analysis.monitor:start_monitor:126 | monitor: skip level with non-positive p_bounce (won't pass entry filter) | {'symbol': 'CLOUSDT', 'level': 0.25547384615384616, 'level_type': 'wick_level', 'p_bounce': 0.0, 'expected_depth': 0.0}
2026-07-11 11:02:51 | INFO | __main__:_start_resistance_after_bounce:1116 | Resistance monitor started | {'symbol': 'CLOUSDT', 'resistance': 0.25547384615384616, 'from_support': 0.25294}
2026-07-11 11:02:51 | INFO | __main__:_monitored:787 | Level outcome saved | {'symbol': 'CLOUSDT', 'level': 0.25547384615384616, 'result': 'отбой', 'outcome': None, 'duration': 0.0}
2026-07-11 11:03:01 | INFO | trading.strategy2_signal_filter:check:493 | S2 skip: approach>=block (G3, level exhausted) | {'symbol': 'XPINUSDT', 'level': 0.002139, 'approach_count': 12, 'block_threshold': 4}
2026-07-11 11:03:06 | INFO | analysis.monitor:start_monitor:126 | monitor: skip level with non-positive p_bounce (won't pass entry filter) | {'symbol': 'CLOUSDT', 'level': 0.255719756097561, 'level_type': 'wick_level', 'p_bounce': 0.0, 'expected_depth': 0.0}
2026-07-11 11:03:06 | INFO | __main__:_start_resistance_after_bounce:1116 | Resistance monitor started | {'symbol': 'CLOUSDT', 'resistance': 0.255719756097561, 'from_support': 0.25294}
2026-07-11 11:03:07 | INFO | __main__:_monitored:787 | Level outcome saved | {'symbol': 'CLOUSDT', 'level': 0.255719756097561, 'result': 'отбой', 'outcome': None, 'duration': 0.0}
2026-07-11 11:03:11 | INFO | analysis.monitor:start_monitor:126 | monitor: skip level with non-positive p_bounce (won't pass entry filter) | {'symbol': 'CLOUSDT', 'level': 0.255719756097561, 'level_type': 'wick_level', 'p_bounce': 0.0, 'expected_depth': 0.0}
2026-07-11 11:03:12 | INFO | __main__:_start_resistance_after_bounce:1116 | Resistance monitor started | {'symbol': 'CLOUSDT', 'resistance': 0.255719756097561, 'from_support': 0.25294}
2026-07-11 11:03:12 | INFO | __main__:_monitored:787 | Level outcome saved | {'symbol': 'CLOUSDT', 'level': 0.255719756097561, 'result': 'отбой', 'outcome': None, 'duration': 0.0}
2026-07-11 11:03:17 | INFO | trading.strategy2_signal_filter:check:493 | S2 skip: approach>=block (G3, level exhausted) | {'symbol': 'XPINUSDT', 'level': 0.002139, 'approach_count': 12, 'block_threshold': 4}
2026-07-11 11:03:32 | INFO | trading.strategy2_signal_filter:check:493 | S2 skip: approach>=block (G3, level exhausted) | {'symbol': 'XPINUSDT', 'level': 0.002139, 'approach_count': 12, 'block_threshold': 4}
2026-07-11 11:03:47 | INFO | trading.strategy2_signal_filter:check:493 | S2 skip: approach>=block (G3, level exhausted) | {'symbol': 'XPINUSDT', 'level': 0.002139, 'approach_count': 12, 'block_threshold': 4}
2026-07-11 11:04:02 | INFO | trading.strategy2_signal_filter:check:493 | S2 skip: approach>=block (G3, level exhausted) | {'symbol': 'XPINUSDT', 'level': 0.002139, 'approach_count': 12, 'block_threshold': 4}
2026-07-11 11:04:18 | INFO | trading.strategy2_signal_filter:check:493 | S2 skip: approach>=block (G3, level exhausted) | {'symbol': 'XPINUSDT', 'level': 0.002139, 'approach_count': 12, 'block_threshold': 4}
2026-07-11 11:04:33 | INFO | trading.strategy2_signal_filter:check:493 | S2 skip: approach>=block (G3, level exhausted) | {'symbol': 'XPINUSDT', 'level': 0.002139, 'approach_count': 12, 'block_threshold': 4}
2026-07-11 11:04:48 | INFO | trading.strategy2_signal_filter:check:493 | S2 skip: approach>=block (G3, level exhausted) | {'symbol': 'XPINUSDT', 'level': 0.002139, 'approach_count': 12, 'block_threshold': 4}
2026-07-11 11:05:03 | INFO | trading.strategy2_signal_filter:check:493 | S2 skip: approach>=block (G3, level exhausted) | {'symbol': 'XPINUSDT', 'level': 0.002139, 'approach_count': 12, 'block_threshold': 4}
2026-07-11 11:05:19 | INFO | trading.strategy2_signal_filter:check:493 | S2 skip: approach>=block (G3, level exhausted) | {'symbol': 'XPINUSDT', 'level': 0.002139, 'approach_count': 12, 'block_threshold': 4}
2026-07-11 11:05:34 | INFO | trading.strategy2_signal_filter:check:493 | S2 skip: approach>=block (G3, level exhausted) | {'symbol': 'XPINUSDT', 'level': 0.002139, 'approach_count': 12, 'block_threshold': 4}
2026-07-11 11:05:49 | INFO | trading.strategy2_signal_filter:check:493 | S2 skip: approach>=block (G3, level exhausted) | {'symbol': 'XPINUSDT', 'level': 0.002139, 'approach_count': 12, 'block_threshold': 4}
2026-07-11 11:06:04 | INFO | trading.strategy2_signal_filter:check:493 | S2 skip: approach>=block (G3, level exhausted) | {'symbol': 'XPINUSDT', 'level': 0.002139, 'approach_count': 12, 'block_threshold': 4}
2026-07-11 11:06:20 | INFO | trading.strategy2_signal_filter:check:493 | S2 skip: approach>=block (G3, level exhausted) | {'symbol': 'XPINUSDT', 'level': 0.002139, 'approach_count': 13, 'block_threshold': 4}
2026-07-11 11:06:30 | INFO | trading.strategy5_continuation:_open_trade:363 | S5 trade opened | {'trade_id': '940cadfb-07f7-4a70-b081-9dd9351b04a6', 'symbol': 'XPINUSDT', 'entry': 0.002181, 'sl': 0.002162751, 'tp1': 0.002199249, 'tp2': 0.002217498, 'growth': 8.2, 'hours_since_peak': 2.4, 'trig_vol_ratio': 1.7}
2026-07-11 11:06:35 | INFO | trading.strategy5_live:_open_live:200 | S5Live OPEN | {'trade_id': '66f68db6-be99-43dd-b72c-109b8f479d16', 'symbol': 'XPINUSDT', 'entry': 0.0021842, 'qty': 45800.0, 'sl': 0.002162751, 'tp1': 0.0022056489999999996, 'tp2': 0.0022270979999999994, 'basis': 'pump+8.2% 2.4h retr1.4%/3c trigvol1.7x phase=unknown vdecay=0.63'}
2026-07-11 11:06:35 | INFO | trading.strategy2_signal_filter:check:493 | S2 skip: approach>=block (G3, level exhausted) | {'symbol': 'XPINUSDT', 'level': 0.002139, 'approach_count': 12, 'block_threshold': 4}
2026-07-11 11:08:17 | INFO | trading.strategy2_signal_filter:check:493 | S2 skip: approach>=block (G3, level exhausted) | {'symbol': 'XPINUSDT', 'level': 0.002139, 'approach_count': 12, 'block_threshold': 4}
2026-07-11 11:08:32 | INFO | trading.strategy2_signal_filter:check:493 | S2 skip: approach>=block (G3, level exhausted) | {'symbol': 'XPINUSDT', 'level': 0.002139, 'approach_count': 12, 'block_threshold': 4}
2026-07-11 11:08:47 | INFO | trading.strategy2_signal_filter:check:493 | S2 skip: approach>=block (G3, level exhausted) | {'symbol': 'XPINUSDT', 'level': 0.002139, 'approach_count': 12, 'block_threshold': 4}
2026-07-11 11:09:02 | INFO | trading.strategy2_signal_filter:check:493 | S2 skip: approach>=block (G3, level exhausted) | {'symbol': 'XPINUSDT', 'level': 0.002139, 'approach_count': 12, 'block_threshold': 4}
2026-07-11 11:09:18 | INFO | trading.strategy2_signal_filter:check:493 | S2 skip: approach>=block (G3, level exhausted) | {'symbol': 'XPINUSDT', 'level': 0.002139, 'approach_count': 13, 'block_threshold': 4}
2026-07-11 11:09:23 | INFO | __main__:_proximity_loop:1381 | Weak level touch resolved | {'symbol': 'VELVETUSDT', 'level': 0.43025, 'event': 'bounce', 'fill_depth': 0.0}
2026-07-11 11:09:48 | INFO | trading.strategy2_signal_filter:check:493 | S2 skip: approach>=block (G3, level exhausted) | {'symbol': 'XPINUSDT', 'level': 0.002139, 'approach_count': 13, 'block_threshold': 4}
2026-07-11 11:10:03 | INFO | trading.strategy2_signal_filter:check:493 | S2 skip: approach>=block (G3, level exhausted) | {'symbol': 'XPINUSDT', 'level': 0.002139, 'approach_count': 13, 'block_threshold': 4}
2026-07-11 11:10:19 | INFO | trading.strategy2_signal_filter:check:493 | S2 skip: approach>=block (G3, level exhausted) | {'symbol': 'XPINUSDT', 'level': 0.002139, 'approach_count': 13, 'block_threshold': 4}
2026-07-11 11:11:04 | INFO | trading.strategy2_signal_filter:check:493 | S2 skip: approach>=block (G3, level exhausted) | {'symbol': 'XPINUSDT', 'level': 0.002139, 'approach_count': 14, 'block_threshold': 4}
2026-07-11 11:12:10 | INFO | __main__:_proximity_loop:1381 | Weak level touch resolved | {'symbol': 'VELVETUSDT', 'level': 0.43025, 'event': 'bounce', 'fill_depth': 0.03486345148170575}
2026-07-11 11:14:17 | INFO | __main__:_trigger_loop:357 | Trigger activated | {'symbol': 'USUSDT'}
2026-07-11 11:14:17 | INFO | __main__:_run_phase1:414 | Pump degraded, skipping monitoring | {'symbol': 'USUSDT', 'health': 40, 'broken': 0, 'correction': '121%'}
2026-07-11 11:15:02 | INFO | __main__:_proximity_arm_loop:1948 | proximity-arm activated | {'symbol': 'MMTUSDT', 'level': 0.1856, 'type': 'pump_base', 'strength': 5, 'dist_atr': 1.94}
2026-07-11 11:15:03 | INFO | __main__:_run_phase1:652 | Level monitoring started | {'symbol': 'MMTUSDT', 'level': 0.1856, 'strength': 3}
2026-07-11 11:15:03 | INFO | trading.strategy2_signal_filter:check:493 | S2 skip: approach>=block (G3, level exhausted) | {'symbol': 'MMTUSDT', 'level': 0.1856, 'approach_count': 17, 'block_threshold': 4}
2026-07-11 11:15:03 | INFO | trading.strategy2_signal_filter:check:505 | S2: level marked dead, monitor will stop sending proximity | {'symbol': 'MMTUSDT', 'level': 0.1856, 'approach_count': 17}
2026-07-11 11:15:03 | INFO | __main__:_proximity_loop:1258 | Proximity alert sent | {'symbol': 'MMTUSDT', 'level': 0.1856, 'distance_pct': 1.0660980810234553}
2026-07-11 11:15:03 | INFO | trading.strategy2_signal_filter:check:493 | S2 skip: approach>=block (G3, level exhausted) | {'symbol': 'MMTUSDT', 'level': 0.1856, 'approach_count': 17, 'block_threshold': 4}
2026-07-11 11:15:13 | INFO | __main__:_trigger_loop:357 | Trigger activated | {'symbol': 'CLOUSDT'}
2026-07-11 11:15:14 | INFO | __main__:_run_phase1:601 | Level broken in recent candles, skipping monitor | {'symbol': 'CLOUSDT', 'level': 0.25419, 'close_below': 3}
2026-07-11 11:15:14 | INFO | trading.strategy2_signal_filter:check:493 | S2 skip: approach>=block (G3, level exhausted) | {'symbol': 'XPINUSDT', 'level': 0.002139, 'approach_count': 14, 'block_threshold': 4}
2026-07-11 11:15:19 | INFO | trading.strategy2_signal_filter:check:493 | S2 skip: approach>=block (G3, level exhausted) | {'symbol': 'MMTUSDT', 'level': 0.1856, 'approach_count': 19, 'block_threshold': 4}
2026-07-11 11:15:29 | INFO | trading.strategy2_signal_filter:check:493 | S2 skip: approach>=block (G3, level exhausted) | {'symbol': 'XPINUSDT', 'level': 0.002139, 'approach_count': 14, 'block_threshold': 4}
2026-07-11 11:15:34 | INFO | trading.strategy2_signal_filter:check:493 | S2 skip: approach>=block (G3, level exhausted) | {'symbol': 'MMTUSDT', 'level': 0.1856, 'approach_count': 19, 'block_threshold': 4}
2026-07-11 11:15:44 | INFO | trading.strategy2_signal_filter:check:493 | S2 skip: approach>=block (G3, level exhausted) | {'symbol': 'XPINUSDT', 'level': 0.002139, 'approach_count': 14, 'block_threshold': 4}
2026-07-11 11:15:49 | INFO | trading.strategy2_signal_filter:check:493 | S2 skip: approach>=block (G3, level exhausted) | {'symbol': 'MMTUSDT', 'level': 0.1856, 'approach_count': 19, 'block_threshold': 4}
2026-07-11 11:15:59 | INFO | trading.strategy2_signal_filter:check:493 | S2 skip: approach>=block (G3, level exhausted) | {'symbol': 'XPINUSDT', 'level': 0.002139, 'approach_count': 14, 'block_threshold': 4}
2026-07-11 11:16:04 | INFO | trading.strategy2_signal_filter:check:493 | S2 skip: approach>=block (G3, level exhausted) | {'symbol': 'MMTUSDT', 'level': 0.1856, 'approach_count': 19, 'block_threshold': 4}
2026-07-11 11:16:14 | INFO | __main__:_trigger_loop:357 | Trigger activated | {'symbol': 'EVAAUSDT'}
2026-07-11 11:16:14 | INFO | __main__:_run_phase1:414 | Pump degraded, skipping monitoring | {'symbol': 'EVAAUSDT', 'health': 40, 'broken': 0, 'correction': '141%'}
2026-07-11 11:16:14 | INFO | trading.strategy2_signal_filter:check:493 | S2 skip: approach>=block (G3, level exhausted) | {'symbol': 'XPINUSDT', 'level': 0.002139, 'approach_count': 14, 'block_threshold': 4}
2026-07-11 11:16:19 | INFO | trading.strategy2_signal_filter:check:493 | S2 skip: approach>=block (G3, level exhausted) | {'symbol': 'MMTUSDT', 'level': 0.1856, 'approach_count': 19, 'block_threshold': 4}
2026-07-11 11:16:30 | INFO | trading.strategy2_signal_filter:check:493 | S2 skip: approach>=block (G3, level exhausted) | {'symbol': 'XPINUSDT', 'level': 0.002139, 'approach_count': 14, 'block_threshold': 4}
2026-07-11 11:16:35 | INFO | trading.strategy2_signal_filter:check:493 | S2 skip: approach>=block (G3, level exhausted) | {'symbol': 'MMTUSDT', 'level': 0.1856, 'approach_count': 19, 'block_threshold': 4}
2026-07-11 11:16:50 | INFO | trading.strategy2_signal_filter:check:493 | S2 skip: approach>=block (G3, level exhausted) | {'symbol': 'MMTUSDT', 'level': 0.1856, 'approach_count': 17, 'block_threshold': 4}
2026-07-11 11:17:10 | INFO | trading.strategy2_signal_filter:check:493 | S2 skip: approach>=block (G3, level exhausted) | {'symbol': 'MMTUSDT', 'level': 0.1856, 'approach_count': 19, 'block_threshold': 4}
2026-07-11 11:17:32 | INFO | __main__:_proximity_arm_loop:1948 | proximity-arm activated | {'symbol': 'CLOUSDT', 'level': 0.25419, 'type': 'pump_base', 'strength': 5, 'dist_atr': 1.94}
2026-07-11 11:17:33 | INFO | __main__:_run_phase1:535 | No strong levels found | {'symbol': 'CLOUSDT', 'total_levels': 1}
2026-07-11 11:17:51 | INFO | trading.strategy2_signal_filter:check:493 | S2 skip: approach>=block (G3, level exhausted) | {'symbol': 'MMTUSDT', 'level': 0.1856, 'approach_count': 19, 'block_threshold': 4}
2026-07-11 11:18:06 | INFO | trading.strategy2_signal_filter:check:493 | S2 skip: approach>=block (G3, level exhausted) | {'symbol': 'MMTUSDT', 'level': 0.1856, 'approach_count': 19, 'block_threshold': 4}
2026-07-11 11:18:32 | INFO | trading.strategy2_signal_filter:check:493 | S2 skip: approach>=block (G3, level exhausted) | {'symbol': 'MMTUSDT', 'level': 0.1856, 'approach_count': 19, 'block_threshold': 4}
2026-07-11 11:18:57 | INFO | trading.strategy2_live:_check_tp_trailing:2478 | S2Live: stop_loss hit | {'trade_id': 'b291a769-840f-4754-9563-9c70ebe44601', 'symbol': 'SKLUSDT', 'price': 0.00487, 'stop_loss': 0.00487288}
2026-07-11 11:18:58 | INFO | trading.strategy2_live:_do_market_close:1017 | S2Live: market close executed (SL, urgent) | {'trade_id': 'b291a769-840f-4754-9563-9c70ebe44601', 'symbol': 'SKLUSDT', 'qty': 40738.0, 'reason': 'stop_loss', 'order_id': '57b75b2e-84e4-4269-8da3-575081591905'}
2026-07-11 11:19:03 | WARNING | trading.strategy2_live:_realized_pnl_from_executions:1888 | S2Live: buy/sell qty mismatch on close — PnL booked on matched qty only, remainder left for reconcile | {'trade_id': 'b291a769-840f-4754-9563-9c70ebe44601', 'symbol': 'SKLUSDT', 'buy_qty': 60999.0, 'sell_qty': 40738.0, 'matched_qty': 40738.0}
2026-07-11 11:19:03 | INFO | trading.strategy2_live:_do_market_close:1163 | S2Live: stop cooldown 2h set | {'symbol': 'SKLUSDT', 'reason': 'stop_loss'}
2026-07-11 11:19:03 | INFO | bot.telegram:send_close_with_chart:1480 | chart candles available: SKLUSDT 300 | {}
2026-07-11 11:19:28 | INFO | trading.strategy2_signal_filter:check:493 | S2 skip: approach>=block (G3, level exhausted) | {'symbol': 'MMTUSDT', 'level': 0.1856, 'approach_count': 19, 'block_threshold': 4}
2026-07-11 11:19:33 | INFO | __main__:_proximity_arm_loop:1948 | proximity-arm activated | {'symbol': 'SKLUSDT', 'level': 0.004781, 'type': 'pump_base', 'strength': 5, 'dist_atr': 2.82}
2026-07-11 11:19:33 | INFO | __main__:_run_phase1:414 | Pump degraded, skipping monitoring | {'symbol': 'SKLUSDT', 'health': 40, 'broken': 0, 'correction': '84%'}
2026-07-11 11:19:53 | INFO | trading.strategy2_signal_filter:check:493 | S2 skip: approach>=block (G3, level exhausted) | {'symbol': 'MMTUSDT', 'level': 0.1856, 'approach_count': 19, 'block_threshold': 4}
2026-07-11 11:20:08 | INFO | trading.strategy2_signal_filter:check:493 | S2 skip: approach>=block (G3, level exhausted) | {'symbol': 'MMTUSDT', 'level': 0.1856, 'approach_count': 19, 'block_threshold': 4}
2026-07-11 11:20:23 | INFO | trading.strategy2_signal_filter:check:493 | S2 skip: approach>=block (G3, level exhausted) | {'symbol': 'MMTUSDT', 'level': 0.1856, 'approach_count': 19, 'block_threshold': 4}
2026-07-11 11:20:34 | INFO | __main__:_proximity_loop:1381 | Weak level touch resolved | {'symbol': 'VELVETUSDT', 'level': 0.43025, 'event': 'bounce', 'fill_depth': 0.24404416037187576}
2026-07-11 11:22:00 | INFO | trading.strategy2_signal_filter:check:493 | S2 skip: approach>=block (G3, level exhausted) | {'symbol': 'XPINUSDT', 'level': 0.002139, 'approach_count': 14, 'block_threshold': 4}
2026-07-11 11:22:31 | INFO | trading.strategy2_signal_filter:check:493 | S2 skip: approach>=block (G3, level exhausted) | {'symbol': 'XPINUSDT', 'level': 0.002139, 'approach_count': 14, 'block_threshold': 4}
2026-07-11 11:22:45 | WARNING | trading.strategy5_live:_finalize_closed:320 | S5Live: no executions, PnL estimated | {'trade_id': '66f68db6-be99-43dd-b72c-109b8f479d16'}
2026-07-11 11:22:46 | INFO | trading.strategy2_signal_filter:check:493 | S2 skip: approach>=block (G3, level exhausted) | {'symbol': 'XPINUSDT', 'level': 0.002139, 'approach_count': 14, 'block_threshold': 4}
2026-07-11 11:23:01 | INFO | trading.strategy2_signal_filter:check:493 | S2 skip: approach>=block (G3, level exhausted) | {'symbol': 'XPINUSDT', 'level': 0.002139, 'approach_count': 13, 'block_threshold': 4}
2026-07-11 11:23:16 | INFO | trading.strategy2_signal_filter:check:493 | S2 skip: approach>=block (G3, level exhausted) | {'symbol': 'XPINUSDT', 'level': 0.002139, 'approach_count': 13, 'block_threshold': 4}
2026-07-11 11:23:32 | INFO | trading.strategy2_signal_filter:check:493 | S2 skip: approach>=block (G3, level exhausted) | {'symbol': 'XPINUSDT', 'level': 0.002139, 'approach_count': 13, 'block_threshold': 4}
2026-07-11 11:23:47 | INFO | trading.strategy2_signal_filter:check:493 | S2 skip: approach>=block (G3, level exhausted) | {'symbol': 'XPINUSDT', 'level': 0.002139, 'approach_count': 13, 'block_threshold': 4}
2026-07-11 11:24:02 | INFO | trading.strategy2_signal_filter:check:493 | S2 skip: approach>=block (G3, level exhausted) | {'symbol': 'XPINUSDT', 'level': 0.002139, 'approach_count': 13, 'block_threshold': 4}
2026-07-11 11:24:12 | INFO | trading.strategy2_signal_filter:check:493 | S2 skip: approach>=block (G3, level exhausted) | {'symbol': 'MMTUSDT', 'level': 0.1856, 'approach_count': 19, 'block_threshold': 4}
2026-07-11 11:24:17 | INFO | trading.strategy2_signal_filter:check:493 | S2 skip: approach>=block (G3, level exhausted) | {'symbol': 'XPINUSDT', 'level': 0.002139, 'approach_count': 13, 'block_threshold': 4}
2026-07-11 11:24:27 | INFO | trading.strategy2_signal_filter:check:493 | S2 skip: approach>=block (G3, level exhausted) | {'symbol': 'MMTUSDT', 'level': 0.1856, 'approach_count': 19, 'block_threshold': 4}
2026-07-11 11:24:33 | INFO | trading.strategy2_signal_filter:check:493 | S2 skip: approach>=block (G3, level exhausted) | {'symbol': 'XPINUSDT', 'level': 0.002139, 'approach_count': 13, 'block_threshold': 4}
2026-07-11 11:24:43 | INFO | analysis.monitor:start_monitor:126 | monitor: skip level with non-positive p_bounce (won't pass entry filter) | {'symbol': 'XPINUSDT', 'level': 0.0021625526315789474, 'level_type': 'wick_level', 'p_bounce': 0.0, 'expected_depth': 0.0}
2026-07-11 11:24:43 | INFO | __main__:_monitored:798 | Monitor cancelled | {'symbol': 'XPINUSDT', 'level': 0.002139}
2026-07-11 11:24:43 | INFO | __main__:_start_resistance_after_bounce:1116 | Resistance monitor started | {'symbol': 'XPINUSDT', 'resistance': 0.0021625526315789474, 'from_support': 0.002139}
2026-07-11 11:24:43 | INFO | __main__:_monitored:787 | Level outcome saved | {'symbol': 'XPINUSDT', 'level': 0.0021625526315789474, 'result': 'отбой', 'outcome': None, 'duration': 0.0}
2026-07-11 11:24:53 | INFO | trading.strategy2_signal_filter:check:493 | S2 skip: approach>=block (G3, level exhausted) | {'symbol': 'MMTUSDT', 'level': 0.1856, 'approach_count': 19, 'block_threshold': 4}
2026-07-11 11:25:08 | INFO | trading.strategy2_signal_filter:check:493 | S2 skip: approach>=block (G3, level exhausted) | {'symbol': 'MMTUSDT', 'level': 0.1856, 'approach_count': 19, 'block_threshold': 4}
2026-07-11 11:25:23 | INFO | trading.strategy2_signal_filter:check:493 | S2 skip: approach>=block (G3, level exhausted) | {'symbol': 'MMTUSDT', 'level': 0.1856, 'approach_count': 19, 'block_threshold': 4}
2026-07-11 11:25:33 | INFO | trading.live_price_tracker:_save_post_exit_range:226 | live_post_exit_tracker saved | {'trade_id': 'c637f6b8-7654-4bfa-bd61-76b51f8cca23', 'high': 0.4387, 'low': 0.4276}
2026-07-11 11:25:33 | INFO | __main__:_proximity_arm_loop:1948 | proximity-arm activated | {'symbol': 'EVAAUSDT', 'level': 1.7492, 'type': 'pump_base', 'strength': 5, 'dist_atr': 1.11}
2026-07-11 11:25:33 | INFO | __main__:_run_phase1:414 | Pump degraded, skipping monitoring | {'symbol': 'EVAAUSDT', 'health': 40, 'broken': 0, 'correction': '147%'}
2026-07-11 11:25:39 | INFO | trading.strategy2_signal_filter:check:493 | S2 skip: approach>=block (G3, level exhausted) | {'symbol': 'MMTUSDT', 'level': 0.1856, 'approach_count': 19, 'block_threshold': 4}
2026-07-11 11:25:54 | INFO | trading.strategy2_signal_filter:check:493 | S2 skip: approach>=block (G3, level exhausted) | {'symbol': 'MMTUSDT', 'level': 0.1856, 'approach_count': 19, 'block_threshold': 4}
2026-07-11 11:26:09 | INFO | trading.strategy2_signal_filter:check:493 | S2 skip: approach>=block (G3, level exhausted) | {'symbol': 'MMTUSDT', 'level': 0.1856, 'approach_count': 19, 'block_threshold': 4}
2026-07-11 11:26:24 | INFO | trading.strategy2_signal_filter:check:493 | S2 skip: approach>=block (G3, level exhausted) | {'symbol': 'MMTUSDT', 'level': 0.1856, 'approach_count': 19, 'block_threshold': 4}
2026-07-11 11:26:40 | INFO | trading.strategy2_signal_filter:check:493 | S2 skip: approach>=block (G3, level exhausted) | {'symbol': 'MMTUSDT', 'level': 0.1856, 'approach_count': 19, 'block_threshold': 4}
2026-07-11 11:26:55 | INFO | trading.strategy2_signal_filter:check:493 | S2 skip: approach>=block (G3, level exhausted) | {'symbol': 'MMTUSDT', 'level': 0.1856, 'approach_count': 19, 'block_threshold': 4}
2026-07-11 11:27:10 | INFO | trading.strategy2_signal_filter:check:493 | S2 skip: approach>=block (G3, level exhausted) | {'symbol': 'MMTUSDT', 'level': 0.1856, 'approach_count': 19, 'block_threshold': 4}
2026-07-11 11:27:25 | INFO | trading.strategy2_signal_filter:check:493 | S2 skip: approach>=block (G3, level exhausted) | {'symbol': 'MMTUSDT', 'level': 0.1856, 'approach_count': 19, 'block_threshold': 4}
2026-07-11 11:27:33 | INFO | __main__:_proximity_arm_loop:1948 | proximity-arm activated | {'symbol': 'XPINUSDT', 'level': 0.00214, 'type': 'pump_base', 'strength': 5, 'dist_atr': 1.02}
2026-07-11 11:27:33 | INFO | __main__:_run_phase1:652 | Level monitoring started | {'symbol': 'XPINUSDT', 'level': 0.0018745, 'strength': 5}
2026-07-11 11:27:41 | INFO | trading.strategy2_signal_filter:check:493 | S2 skip: approach>=block (G3, level exhausted) | {'symbol': 'MMTUSDT', 'level': 0.1856, 'approach_count': 19, 'block_threshold': 4}
2026-07-11 11:27:52 | INFO | __main__:_stale_monitor_loop:1179 | Stale monitor cancelled — rebuilding | {'symbol': 'XPINUSDT', 'level': 0.0018745, 'current': 0.002154, 'distance_pct': 13.0}
2026-07-11 11:27:52 | INFO | __main__:_monitored:798 | Monitor cancelled | {'symbol': 'XPINUSDT', 'level': 0.0018745}
2026-07-11 11:27:56 | INFO | trading.strategy2_signal_filter:check:493 | S2 skip: approach>=block (G3, level exhausted) | {'symbol': 'MMTUSDT', 'level': 0.1856, 'approach_count': 19, 'block_threshold': 4}
2026-07-11 11:28:11 | INFO | trading.strategy2_signal_filter:check:493 | S2 skip: approach>=block (G3, level exhausted) | {'symbol': 'MMTUSDT', 'level': 0.1856, 'approach_count': 19, 'block_threshold': 4}
2026-07-11 11:28:26 | INFO | trading.strategy2_signal_filter:check:493 | S2 skip: approach>=block (G3, level exhausted) | {'symbol': 'MMTUSDT', 'level': 0.1856, 'approach_count': 19, 'block_threshold': 4}
2026-07-11 11:28:42 | INFO | trading.strategy2_signal_filter:check:493 | S2 skip: approach>=block (G3, level exhausted) | {'symbol': 'MMTUSDT', 'level': 0.1856, 'approach_count': 19, 'block_threshold': 4}
2026-07-11 11:28:57 | INFO | trading.strategy2_signal_filter:check:493 | S2 skip: approach>=block (G3, level exhausted) | {'symbol': 'MMTUSDT', 'level': 0.1856, 'approach_count': 19, 'block_threshold': 4}
2026-07-11 11:29:12 | INFO | trading.strategy2_signal_filter:check:493 | S2 skip: approach>=block (G3, level exhausted) | {'symbol': 'MMTUSDT', 'level': 0.1856, 'approach_count': 19, 'block_threshold': 4}
2026-07-11 11:29:27 | INFO | trading.strategy2_signal_filter:check:493 | S2 skip: approach>=block (G3, level exhausted) | {'symbol': 'MMTUSDT', 'level': 0.1856, 'approach_count': 19, 'block_threshold': 4}
2026-07-11 11:29:43 | INFO | trading.strategy2_signal_filter:check:493 | S2 skip: approach>=block (G3, level exhausted) | {'symbol': 'MMTUSDT', 'level': 0.1856, 'approach_count': 19, 'block_threshold': 4}
2026-07-11 11:29:58 | INFO | trading.strategy2_signal_filter:check:493 | S2 skip: approach>=block (G3, level exhausted) | {'symbol': 'MMTUSDT', 'level': 0.1856, 'approach_count': 19, 'block_threshold': 4}
2026-07-11 11:30:13 | INFO | trading.strategy2_signal_filter:check:493 | S2 skip: approach>=block (G3, level exhausted) | {'symbol': 'MMTUSDT', 'level': 0.1856, 'approach_count': 19, 'block_threshold': 4}
2026-07-11 11:30:28 | INFO | trading.strategy2_signal_filter:check:493 | S2 skip: approach>=block (G3, level exhausted) | {'symbol': 'MMTUSDT', 'level': 0.1856, 'approach_count': 19, 'block_threshold': 4}
2026-07-11 11:30:44 | INFO | trading.strategy2_signal_filter:check:493 | S2 skip: approach>=block (G3, level exhausted) | {'symbol': 'MMTUSDT', 'level': 0.1856, 'approach_count': 19, 'block_threshold': 4}
2026-07-11 11:30:59 | INFO | trading.strategy2_signal_filter:check:493 | S2 skip: approach>=block (G3, level exhausted) | {'symbol': 'MMTUSDT', 'level': 0.1856, 'approach_count': 19, 'block_threshold': 4}
2026-07-11 11:31:14 | INFO | trading.strategy2_signal_filter:check:493 | S2 skip: approach>=block (G3, level exhausted) | {'symbol': 'MMTUSDT', 'level': 0.1856, 'approach_count': 19, 'block_threshold': 4}
2026-07-11 11:31:29 | INFO | trading.strategy2_signal_filter:check:493 | S2 skip: approach>=block (G3, level exhausted) | {'symbol': 'MMTUSDT', 'level': 0.1856, 'approach_count': 19, 'block_threshold': 4}
2026-07-11 11:31:45 | INFO | trading.strategy2_signal_filter:check:493 | S2 skip: approach>=block (G3, level exhausted) | {'symbol': 'MMTUSDT', 'level': 0.1856, 'approach_count': 19, 'block_threshold': 4}
2026-07-11 11:32:00 | INFO | trading.strategy2_signal_filter:check:493 | S2 skip: approach>=block (G3, level exhausted) | {'symbol': 'MMTUSDT', 'level': 0.1856, 'approach_count': 19, 'block_threshold': 4}
2026-07-11 11:32:15 | INFO | trading.strategy2_signal_filter:check:493 | S2 skip: approach>=block (G3, level exhausted) | {'symbol': 'MMTUSDT', 'level': 0.1856, 'approach_count': 19, 'block_threshold': 4}
2026-07-11 11:32:30 | INFO | trading.strategy2_signal_filter:check:493 | S2 skip: approach>=block (G3, level exhausted) | {'symbol': 'MMTUSDT', 'level': 0.1856, 'approach_count': 19, 'block_threshold': 4}
2026-07-11 11:32:33 | INFO | __main__:_proximity_arm_loop:1948 | proximity-arm activated | {'symbol': 'TACUSDT', 'level': 0.003366, 'type': 'pump_base', 'strength': 5, 'dist_atr': 1.85}
2026-07-11 11:32:33 | INFO | __main__:_run_phase1:414 | Pump degraded, skipping monitoring | {'symbol': 'TACUSDT', 'health': 5, 'broken': 0, 'correction': '263%'}
2026-07-11 11:32:46 | INFO | trading.strategy2_signal_filter:check:493 | S2 skip: approach>=block (G3, level exhausted) | {'symbol': 'MMTUSDT', 'level': 0.1856, 'approach_count': 19, 'block_threshold': 4}
2026-07-11 11:33:01 | INFO | trading.strategy2_signal_filter:check:493 | S2 skip: approach>=block (G3, level exhausted) | {'symbol': 'MMTUSDT', 'level': 0.1856, 'approach_count': 19, 'block_threshold': 4}
2026-07-11 11:33:16 | INFO | trading.strategy2_signal_filter:check:493 | S2 skip: approach>=block (G3, level exhausted) | {'symbol': 'MMTUSDT', 'level': 0.1856, 'approach_count': 19, 'block_threshold': 4}
2026-07-11 11:33:31 | INFO | trading.strategy2_signal_filter:check:493 | S2 skip: approach>=block (G3, level exhausted) | {'symbol': 'MMTUSDT', 'level': 0.1856, 'approach_count': 19, 'block_threshold': 4}
2026-07-11 11:33:47 | INFO | trading.strategy2_signal_filter:check:493 | S2 skip: approach>=block (G3, level exhausted) | {'symbol': 'MMTUSDT', 'level': 0.1856, 'approach_count': 19, 'block_threshold': 4}
2026-07-11 11:34:02 | INFO | trading.strategy2_signal_filter:check:493 | S2 skip: approach>=block (G3, level exhausted) | {'symbol': 'MMTUSDT', 'level': 0.1856, 'approach_count': 19, 'block_threshold': 4}
2026-07-11 11:34:17 | INFO | trading.strategy2_signal_filter:check:493 | S2 skip: approach>=block (G3, level exhausted) | {'symbol': 'MMTUSDT', 'level': 0.1856, 'approach_count': 19, 'block_threshold': 4}
2026-07-11 11:34:32 | INFO | trading.strategy2_signal_filter:check:493 | S2 skip: approach>=block (G3, level exhausted) | {'symbol': 'MMTUSDT', 'level': 0.1856, 'approach_count': 20, 'block_threshold': 4}
2026-07-11 11:34:48 | INFO | trading.strategy2_signal_filter:check:493 | S2 skip: approach>=block (G3, level exhausted) | {'symbol': 'MMTUSDT', 'level': 0.1856, 'approach_count': 20, 'block_threshold': 4}
2026-07-11 11:35:03 | INFO | trading.strategy2_signal_filter:check:493 | S2 skip: approach>=block (G3, level exhausted) | {'symbol': 'MMTUSDT', 'level': 0.1856, 'approach_count': 20, 'block_threshold': 4}
2026-07-11 11:35:13 | INFO | __main__:_trigger_loop:357 | Trigger activated | {'symbol': 'LABUSDT'}
2026-07-11 11:35:14 | INFO | __main__:_run_phase1:652 | Level monitoring started | {'symbol': 'LABUSDT', 'level': 0.7593, 'strength': 5}
2026-07-11 11:35:19 | INFO | trading.strategy2_signal_filter:check:493 | S2 skip: approach>=block (G3, level exhausted) | {'symbol': 'MMTUSDT', 'level': 0.1856, 'approach_count': 19, 'block_threshold': 4}
2026-07-11 11:35:34 | INFO | trading.strategy2_signal_filter:check:493 | S2 skip: approach>=block (G3, level exhausted) | {'symbol': 'MMTUSDT', 'level': 0.1856, 'approach_count': 19, 'block_threshold': 4}
2026-07-11 11:35:49 | INFO | trading.strategy2_signal_filter:check:493 | S2 skip: approach>=block (G3, level exhausted) | {'symbol': 'MMTUSDT', 'level': 0.1856, 'approach_count': 19, 'block_threshold': 4}
2026-07-11 11:36:04 | INFO | trading.strategy2_signal_filter:check:493 | S2 skip: approach>=block (G3, level exhausted) | {'symbol': 'MMTUSDT', 'level': 0.1856, 'approach_count': 19, 'block_threshold': 4}
2026-07-11 11:36:19 | INFO | trading.strategy2_signal_filter:check:493 | S2 skip: approach>=block (G3, level exhausted) | {'symbol': 'MMTUSDT', 'level': 0.1856, 'approach_count': 19, 'block_threshold': 4}
2026-07-11 11:36:35 | INFO | trading.strategy2_signal_filter:check:493 | S2 skip: approach>=block (G3, level exhausted) | {'symbol': 'MMTUSDT', 'level': 0.1856, 'approach_count': 20, 'block_threshold': 4}
2026-07-11 11:36:50 | INFO | trading.strategy2_signal_filter:check:493 | S2 skip: approach>=block (G3, level exhausted) | {'symbol': 'MMTUSDT', 'level': 0.1856, 'approach_count': 20, 'block_threshold': 4}
2026-07-11 11:37:05 | INFO | trading.strategy2_signal_filter:check:493 | S2 skip: approach>=block (G3, level exhausted) | {'symbol': 'MMTUSDT', 'level': 0.1856, 'approach_count': 19, 'block_threshold': 4}
2026-07-11 11:37:15 | INFO | __main__:_proximity_loop:1381 | Weak level touch resolved | {'symbol': 'VELVETUSDT', 'level': 0.43025, 'event': 'bounce', 'fill_depth': 0.0}
2026-07-11 11:37:20 | INFO | trading.strategy2_signal_filter:check:493 | S2 skip: approach>=block (G3, level exhausted) | {'symbol': 'MMTUSDT', 'level': 0.1856, 'approach_count': 19, 'block_threshold': 4}
2026-07-11 11:37:36 | INFO | trading.strategy2_signal_filter:check:493 | S2 skip: approach>=block (G3, level exhausted) | {'symbol': 'MMTUSDT', 'level': 0.1856, 'approach_count': 19, 'block_threshold': 4}
2026-07-11 11:37:51 | INFO | trading.strategy2_signal_filter:check:493 | S2 skip: approach>=block (G3, level exhausted) | {'symbol': 'MMTUSDT', 'level': 0.1856, 'approach_count': 19, 'block_threshold': 4}
2026-07-11 11:38:06 | INFO | trading.strategy2_signal_filter:check:493 | S2 skip: approach>=block (G3, level exhausted) | {'symbol': 'MMTUSDT', 'level': 0.1856, 'approach_count': 19, 'block_threshold': 4}
2026-07-11 11:38:21 | INFO | trading.strategy2_signal_filter:check:493 | S2 skip: approach>=block (G3, level exhausted) | {'symbol': 'MMTUSDT', 'level': 0.1856, 'approach_count': 19, 'block_threshold': 4}
2026-07-11 11:38:37 | INFO | trading.strategy2_signal_filter:check:493 | S2 skip: approach>=block (G3, level exhausted) | {'symbol': 'MMTUSDT', 'level': 0.1856, 'approach_count': 19, 'block_threshold': 4}
2026-07-11 11:38:52 | INFO | trading.strategy2_signal_filter:check:493 | S2 skip: approach>=block (G3, level exhausted) | {'symbol': 'MMTUSDT', 'level': 0.1856, 'approach_count': 19, 'block_threshold': 4}
2026-07-11 11:39:07 | INFO | trading.strategy2_signal_filter:check:493 | S2 skip: approach>=block (G3, level exhausted) | {'symbol': 'MMTUSDT', 'level': 0.1856, 'approach_count': 19, 'block_threshold': 4}
2026-07-11 11:39:22 | INFO | trading.strategy2_signal_filter:check:493 | S2 skip: approach>=block (G3, level exhausted) | {'symbol': 'MMTUSDT', 'level': 0.1856, 'approach_count': 19, 'block_threshold': 4}
2026-07-11 11:39:38 | INFO | trading.strategy2_signal_filter:check:493 | S2 skip: approach>=block (G3, level exhausted) | {'symbol': 'MMTUSDT', 'level': 0.1856, 'approach_count': 19, 'block_threshold': 4}
2026-07-11 11:39:53 | INFO | trading.strategy2_signal_filter:check:493 | S2 skip: approach>=block (G3, level exhausted) | {'symbol': 'MMTUSDT', 'level': 0.1856, 'approach_count': 19, 'block_threshold': 4}
2026-07-11 11:40:08 | INFO | trading.strategy2_signal_filter:check:493 | S2 skip: approach>=block (G3, level exhausted) | {'symbol': 'MMTUSDT', 'level': 0.1856, 'approach_count': 19, 'block_threshold': 4}
2026-07-11 11:40:23 | INFO | trading.strategy2_signal_filter:check:493 | S2 skip: approach>=block (G3, level exhausted) | {'symbol': 'MMTUSDT', 'level': 0.1856, 'approach_count': 19, 'block_threshold': 4}
2026-07-11 11:40:39 | INFO | trading.strategy2_signal_filter:check:493 | S2 skip: approach>=block (G3, level exhausted) | {'symbol': 'MMTUSDT', 'level': 0.1856, 'approach_count': 19, 'block_threshold': 4}
2026-07-11 11:40:54 | INFO | trading.strategy2_signal_filter:check:493 | S2 skip: approach>=block (G3, level exhausted) | {'symbol': 'MMTUSDT', 'level': 0.1856, 'approach_count': 19, 'block_threshold': 4}
2026-07-11 11:41:09 | INFO | trading.strategy2_signal_filter:check:493 | S2 skip: approach>=block (G3, level exhausted) | {'symbol': 'MMTUSDT', 'level': 0.1856, 'approach_count': 19, 'block_threshold': 4}
2026-07-11 11:41:24 | INFO | trading.strategy2_signal_filter:check:493 | S2 skip: approach>=block (G3, level exhausted) | {'symbol': 'MMTUSDT', 'level': 0.1856, 'approach_count': 19, 'block_threshold': 4}
2026-07-11 11:41:40 | INFO | trading.strategy2_signal_filter:check:493 | S2 skip: approach>=block (G3, level exhausted) | {'symbol': 'MMTUSDT', 'level': 0.1856, 'approach_count': 19, 'block_threshold': 4}
2026-07-11 11:41:55 | INFO | trading.strategy2_signal_filter:check:493 | S2 skip: approach>=block (G3, level exhausted) | {'symbol': 'MMTUSDT', 'level': 0.1856, 'approach_count': 19, 'block_threshold': 4}
2026-07-11 11:42:10 | INFO | trading.strategy2_signal_filter:check:493 | S2 skip: approach>=block (G3, level exhausted) | {'symbol': 'MMTUSDT', 'level': 0.1856, 'approach_count': 19, 'block_threshold': 4}
2026-07-11 11:42:25 | INFO | trading.strategy2_signal_filter:check:493 | S2 skip: approach>=block (G3, level exhausted) | {'symbol': 'MMTUSDT', 'level': 0.1856, 'approach_count': 19, 'block_threshold': 4}
2026-07-11 11:42:41 | INFO | trading.strategy2_signal_filter:check:493 | S2 skip: approach>=block (G3, level exhausted) | {'symbol': 'MMTUSDT', 'level': 0.1856, 'approach_count': 19, 'block_threshold': 4}
2026-07-11 11:42:52 | INFO | __main__:_stale_monitor_loop:1179 | Stale monitor cancelled — rebuilding | {'symbol': 'LABUSDT', 'level': 0.7593, 'current': 0.8566, 'distance_pct': 11.4}
2026-07-11 11:42:52 | INFO | __main__:_monitored:798 | Monitor cancelled | {'symbol': 'LABUSDT', 'level': 0.7593}
2026-07-11 11:42:53 | INFO | __main__:_run_phase1:601 | Level broken in recent candles, skipping monitor | {'symbol': 'LABUSDT', 'level': 0.84229, 'close_below': 15}
2026-07-11 11:43:16 | INFO | trading.strategy2_signal_filter:check:493 | S2 skip: approach>=block (G3, level exhausted) | {'symbol': 'MMTUSDT', 'level': 0.1856, 'approach_count': 19, 'block_threshold': 4}
2026-07-11 11:43:31 | INFO | trading.strategy2_signal_filter:check:493 | S2 skip: approach>=block (G3, level exhausted) | {'symbol': 'MMTUSDT', 'level': 0.1856, 'approach_count': 19, 'block_threshold': 4}
2026-07-11 11:43:57 | INFO | trading.strategy2_signal_filter:check:493 | S2 skip: approach>=block (G3, level exhausted) | {'symbol': 'MMTUSDT', 'level': 0.1856, 'approach_count': 19, 'block_threshold': 4}
2026-07-11 11:44:48 | INFO | trading.strategy2_signal_filter:check:493 | S2 skip: approach>=block (G3, level exhausted) | {'symbol': 'MMTUSDT', 'level': 0.1856, 'approach_count': 18, 'block_threshold': 4}
2026-07-11 11:45:03 | INFO | trading.strategy2_signal_filter:check:493 | S2 skip: approach>=block (G3, level exhausted) | {'symbol': 'MMTUSDT', 'level': 0.1856, 'approach_count': 18, 'block_threshold': 4}
2026-07-11 11:45:18 | INFO | trading.strategy2_signal_filter:check:493 | S2 skip: approach>=block (G3, level exhausted) | {'symbol': 'MMTUSDT', 'level': 0.1856, 'approach_count': 18, 'block_threshold': 4}
2026-07-11 11:45:33 | INFO | trading.strategy2_signal_filter:check:493 | S2 skip: approach>=block (G3, level exhausted) | {'symbol': 'MMTUSDT', 'level': 0.1856, 'approach_count': 18, 'block_threshold': 4}
2026-07-11 11:46:19 | INFO | __main__:_trigger_loop:357 | Trigger activated | {'symbol': 'BUSDT'}
2026-07-11 11:46:19 | INFO | __main__:_run_phase1:414 | Pump degraded, skipping monitoring | {'symbol': 'BUSDT', 'health': 40, 'broken': 0, 'correction': '220%'}
2026-07-11 11:48:42 | INFO | trading.strategy2_signal_filter:check:493 | S2 skip: approach>=block (G3, level exhausted) | {'symbol': 'MMTUSDT', 'level': 0.1856, 'approach_count': 15, 'block_threshold': 4}
2026-07-11 11:48:57 | INFO | trading.strategy2_signal_filter:check:493 | S2 skip: approach>=block (G3, level exhausted) | {'symbol': 'MMTUSDT', 'level': 0.1856, 'approach_count': 18, 'block_threshold': 4}
2026-07-11 11:49:03 | INFO | trading.live_price_tracker:_save_post_exit_range:226 | live_post_exit_tracker saved | {'trade_id': 'b291a769-840f-4754-9563-9c70ebe44601', 'high': 0.004873, 'low': 0.00475}
2026-07-11 11:49:12 | INFO | trading.strategy2_signal_filter:check:493 | S2 skip: approach>=block (G3, level exhausted) | {'symbol': 'MMTUSDT', 'level': 0.1856, 'approach_count': 14, 'block_threshold': 4}
2026-07-11 11:50:34 | INFO | __main__:_proximity_arm_loop:1948 | proximity-arm activated | {'symbol': 'CLOUSDT', 'level': 0.25523, 'type': 'pump_base', 'strength': 5, 'dist_atr': 2.63}
2026-07-11 11:50:34 | INFO | __main__:_run_phase1:652 | Level monitoring started | {'symbol': 'CLOUSDT', 'level': 0.25523, 'strength': 5}
2026-07-11 11:50:34 | INFO | trading.strategy2_signal_filter:check:493 | S2 skip: approach>=block (G3, level exhausted) | {'symbol': 'CLOUSDT', 'level': 0.25523, 'approach_count': 19, 'block_threshold': 4}
2026-07-11 11:50:34 | INFO | trading.strategy2_signal_filter:check:505 | S2: level marked dead, monitor will stop sending proximity | {'symbol': 'CLOUSDT', 'level': 0.25523, 'approach_count': 19}
2026-07-11 11:50:39 | INFO | __main__:_proximity_loop:1258 | Proximity alert sent | {'symbol': 'CLOUSDT', 'level': 0.25523, 'distance_pct': 1.245888953375895}
2026-07-11 11:50:39 | INFO | trading.strategy2_signal_filter:check:493 | S2 skip: approach>=block (G3, level exhausted) | {'symbol': 'CLOUSDT', 'level': 0.25523, 'approach_count': 19, 'block_threshold': 4}
2026-07-11 11:50:54 | INFO | trading.strategy2_signal_filter:check:493 | S2 skip: approach>=block (G3, level exhausted) | {'symbol': 'CLOUSDT', 'level': 0.25523, 'approach_count': 19, 'block_threshold': 4}
2026-07-11 11:51:09 | INFO | trading.strategy2_signal_filter:check:493 | S2 skip: approach>=block (G3, level exhausted) | {'symbol': 'CLOUSDT', 'level': 0.25523, 'approach_count': 19, 'block_threshold': 4}
2026-07-11 11:51:24 | INFO | trading.strategy2_signal_filter:check:493 | S2 skip: approach>=block (G3, level exhausted) | {'symbol': 'CLOUSDT', 'level': 0.25523, 'approach_count': 19, 'block_threshold': 4}
2026-07-11 11:51:40 | INFO | trading.strategy2_signal_filter:check:493 | S2 skip: approach>=block (G3, level exhausted) | {'symbol': 'CLOUSDT', 'level': 0.25523, 'approach_count': 19, 'block_threshold': 4}
2026-07-11 11:51:55 | INFO | trading.strategy2_signal_filter:check:493 | S2 skip: approach>=block (G3, level exhausted) | {'symbol': 'CLOUSDT', 'level': 0.25523, 'approach_count': 19, 'block_threshold': 4}
2026-07-11 11:52:00 | INFO | trading.strategy2_signal_filter:check:493 | S2 skip: approach>=block (G3, level exhausted) | {'symbol': 'MMTUSDT', 'level': 0.1856, 'approach_count': 18, 'block_threshold': 4}
2026-07-11 11:52:10 | INFO | trading.strategy2_signal_filter:check:493 | S2 skip: approach>=block (G3, level exhausted) | {'symbol': 'CLOUSDT', 'level': 0.25523, 'approach_count': 19, 'block_threshold': 4}
2026-07-11 11:52:15 | INFO | __main__:_proximity_loop:1381 | Weak level touch resolved | {'symbol': 'VELVETUSDT', 'level': 0.43025, 'event': 'bounce', 'fill_depth': 0.2208018593840805}
2026-07-11 11:52:25 | INFO | __main__:_proximity_loop:1381 | Weak level touch resolved | {'symbol': 'VELVETUSDT', 'level': 0.43187, 'event': 'zakol', 'fill_depth': 0.7571722972190694}
2026-07-11 11:52:25 | INFO | trading.strategy2_signal_filter:check:493 | S2 skip: approach>=block (G3, level exhausted) | {'symbol': 'CLOUSDT', 'level': 0.25523, 'approach_count': 19, 'block_threshold': 4}
2026-07-11 11:52:41 | INFO | trading.strategy2_signal_filter:check:493 | S2 skip: approach>=block (G3, level exhausted) | {'symbol': 'CLOUSDT', 'level': 0.25523, 'approach_count': 19, 'block_threshold': 4}
2026-07-11 11:52:56 | INFO | trading.strategy2_signal_filter:check:493 | S2 skip: approach>=block (G3, level exhausted) | {'symbol': 'CLOUSDT', 'level': 0.25523, 'approach_count': 19, 'block_threshold': 4}
2026-07-11 11:53:11 | INFO | trading.strategy2_signal_filter:check:493 | S2 skip: approach>=block (G3, level exhausted) | {'symbol': 'CLOUSDT', 'level': 0.25523, 'approach_count': 19, 'block_threshold': 4}
2026-07-11 11:53:21 | INFO | trading.price_tracker:_save_post_exit_range:187 | post_exit_tracker saved | {'trade_id': '940cadfb-07f7-4a70-b081-9dd9351b04a6', 'high': 0.002192, 'low': 0.002112}
2026-07-11 11:53:26 | INFO | trading.strategy2_signal_filter:check:493 | S2 skip: approach>=block (G3, level exhausted) | {'symbol': 'CLOUSDT', 'level': 0.25523, 'approach_count': 19, 'block_threshold': 4}
2026-07-11 11:53:42 | INFO | trading.strategy2_signal_filter:check:493 | S2 skip: approach>=block (G3, level exhausted) | {'symbol': 'CLOUSDT', 'level': 0.25523, 'approach_count': 18, 'block_threshold': 4}
2026-07-11 11:53:57 | INFO | trading.strategy2_signal_filter:check:493 | S2 skip: approach>=block (G3, level exhausted) | {'symbol': 'MMTUSDT', 'level': 0.1856, 'approach_count': 18, 'block_threshold': 4}
2026-07-11 11:53:57 | INFO | trading.strategy2_signal_filter:check:493 | S2 skip: approach>=block (G3, level exhausted) | {'symbol': 'CLOUSDT', 'level': 0.25523, 'approach_count': 18, 'block_threshold': 4}
2026-07-11 11:54:12 | INFO | trading.strategy2_signal_filter:check:493 | S2 skip: approach>=block (G3, level exhausted) | {'symbol': 'CLOUSDT', 'level': 0.25523, 'approach_count': 18, 'block_threshold': 4}
2026-07-11 11:54:27 | INFO | trading.strategy2_signal_filter:check:493 | S2 skip: approach>=block (G3, level exhausted) | {'symbol': 'CLOUSDT', 'level': 0.25523, 'approach_count': 19, 'block_threshold': 4}
2026-07-11 11:54:32 | INFO | trading.strategy2_signal_filter:check:493 | S2 skip: approach>=block (G3, level exhausted) | {'symbol': 'MMTUSDT', 'level': 0.1856, 'approach_count': 18, 'block_threshold': 4}
2026-07-11 11:54:43 | INFO | trading.strategy2_signal_filter:check:493 | S2 skip: approach>=block (G3, level exhausted) | {'symbol': 'CLOUSDT', 'level': 0.25523, 'approach_count': 20, 'block_threshold': 4}
2026-07-11 11:54:48 | INFO | trading.strategy2_signal_filter:check:493 | S2 skip: approach>=block (G3, level exhausted) | {'symbol': 'MMTUSDT', 'level': 0.1856, 'approach_count': 19, 'block_threshold': 4}
2026-07-11 11:54:58 | INFO | trading.strategy2_signal_filter:check:493 | S2 skip: approach>=block (G3, level exhausted) | {'symbol': 'CLOUSDT', 'level': 0.25523, 'approach_count': 19, 'block_threshold': 4}
2026-07-11 11:55:03 | INFO | trading.strategy2_signal_filter:check:493 | S2 skip: approach>=block (G3, level exhausted) | {'symbol': 'MMTUSDT', 'level': 0.1856, 'approach_count': 19, 'block_threshold': 4}
2026-07-11 11:55:13 | INFO | trading.strategy2_signal_filter:check:493 | S2 skip: approach>=block (G3, level exhausted) | {'symbol': 'CLOUSDT', 'level': 0.25523, 'approach_count': 20, 'block_threshold': 4}
2026-07-11 11:55:18 | INFO | trading.strategy2_signal_filter:check:493 | S2 skip: approach>=block (G3, level exhausted) | {'symbol': 'MMTUSDT', 'level': 0.1856, 'approach_count': 18, 'block_threshold': 4}
2026-07-11 11:55:28 | INFO | trading.strategy2_signal_filter:check:493 | S2 skip: approach>=block (G3, level exhausted) | {'symbol': 'CLOUSDT', 'level': 0.25523, 'approach_count': 20, 'block_threshold': 4}
2026-07-11 11:55:33 | INFO | trading.strategy2_signal_filter:check:493 | S2 skip: approach>=block (G3, level exhausted) | {'symbol': 'MMTUSDT', 'level': 0.1856, 'approach_count': 19, 'block_threshold': 4}
2026-07-11 11:55:44 | INFO | trading.strategy2_signal_filter:check:493 | S2 skip: approach>=block (G3, level exhausted) | {'symbol': 'CLOUSDT', 'level': 0.25523, 'approach_count': 20, 'block_threshold': 4}
2026-07-11 11:55:49 | INFO | trading.strategy2_signal_filter:check:493 | S2 skip: approach>=block (G3, level exhausted) | {'symbol': 'MMTUSDT', 'level': 0.1856, 'approach_count': 18, 'block_threshold': 4}
2026-07-11 11:55:59 | INFO | trading.strategy2_signal_filter:check:493 | S2 skip: approach>=block (G3, level exhausted) | {'symbol': 'CLOUSDT', 'level': 0.25523, 'approach_count': 19, 'block_threshold': 4}
2026-07-11 11:56:04 | INFO | trading.strategy2_signal_filter:check:493 | S2 skip: approach>=block (G3, level exhausted) | {'symbol': 'MMTUSDT', 'level': 0.1856, 'approach_count': 18, 'block_threshold': 4}
2026-07-11 11:56:14 | INFO | trading.strategy2_signal_filter:check:493 | S2 skip: approach>=block (G3, level exhausted) | {'symbol': 'CLOUSDT', 'level': 0.25523, 'approach_count': 19, 'block_threshold': 4}
2026-07-11 11:56:19 | INFO | trading.strategy2_signal_filter:check:493 | S2 skip: approach>=block (G3, level exhausted) | {'symbol': 'MMTUSDT', 'level': 0.1856, 'approach_count': 18, 'block_threshold': 4}
2026-07-11 11:56:29 | INFO | trading.strategy2_signal_filter:check:493 | S2 skip: approach>=block (G3, level exhausted) | {'symbol': 'CLOUSDT', 'level': 0.25523, 'approach_count': 19, 'block_threshold': 4}
2026-07-11 11:56:34 | INFO | trading.strategy2_signal_filter:check:493 | S2 skip: approach>=block (G3, level exhausted) | {'symbol': 'MMTUSDT', 'level': 0.1856, 'approach_count': 18, 'block_threshold': 4}
2026-07-11 11:56:45 | INFO | trading.strategy2_signal_filter:check:493 | S2 skip: approach>=block (G3, level exhausted) | {'symbol': 'CLOUSDT', 'level': 0.25523, 'approach_count': 19, 'block_threshold': 4}
2026-07-11 11:56:50 | INFO | trading.strategy2_signal_filter:check:493 | S2 skip: approach>=block (G3, level exhausted) | {'symbol': 'MMTUSDT', 'level': 0.1856, 'approach_count': 18, 'block_threshold': 4}
2026-07-11 11:57:00 | INFO | trading.strategy2_signal_filter:check:493 | S2 skip: approach>=block (G3, level exhausted) | {'symbol': 'CLOUSDT', 'level': 0.25523, 'approach_count': 19, 'block_threshold': 4}
2026-07-11 11:57:05 | INFO | trading.strategy2_signal_filter:check:493 | S2 skip: approach>=block (G3, level exhausted) | {'symbol': 'MMTUSDT', 'level': 0.1856, 'approach_count': 18, 'block_threshold': 4}
2026-07-11 11:57:15 | INFO | trading.strategy2_signal_filter:check:493 | S2 skip: approach>=block (G3, level exhausted) | {'symbol': 'CLOUSDT', 'level': 0.25523, 'approach_count': 19, 'block_threshold': 4}
2026-07-11 11:57:20 | INFO | trading.strategy2_signal_filter:check:493 | S2 skip: approach>=block (G3, level exhausted) | {'symbol': 'MMTUSDT', 'level': 0.1856, 'approach_count': 18, 'block_threshold': 4}
2026-07-11 11:57:30 | INFO | trading.strategy2_signal_filter:check:493 | S2 skip: approach>=block (G3, level exhausted) | {'symbol': 'CLOUSDT', 'level': 0.25523, 'approach_count': 19, 'block_threshold': 4}
2026-07-11 11:57:35 | INFO | trading.strategy2_signal_filter:check:493 | S2 skip: approach>=block (G3, level exhausted) | {'symbol': 'MMTUSDT', 'level': 0.1856, 'approach_count': 18, 'block_threshold': 4}
2026-07-11 11:57:46 | INFO | trading.strategy2_signal_filter:check:493 | S2 skip: approach>=block (G3, level exhausted) | {'symbol': 'CLOUSDT', 'level': 0.25523, 'approach_count': 19, 'block_threshold': 4}
2026-07-11 11:57:51 | INFO | trading.strategy2_signal_filter:check:493 | S2 skip: approach>=block (G3, level exhausted) | {'symbol': 'MMTUSDT', 'level': 0.1856, 'approach_count': 18, 'block_threshold': 4}
2026-07-11 11:58:01 | INFO | trading.strategy2_signal_filter:check:493 | S2 skip: approach>=block (G3, level exhausted) | {'symbol': 'CLOUSDT', 'level': 0.25523, 'approach_count': 19, 'block_threshold': 4}
2026-07-11 11:58:04 | INFO | __main__:_proximity_arm_loop:1948 | proximity-arm activated | {'symbol': 'XPINUSDT', 'level': 0.002081, 'type': 'pump_base', 'strength': 5, 'dist_atr': 1.5}
2026-07-11 11:58:04 | INFO | __main__:_run_phase1:652 | Level monitoring started | {'symbol': 'XPINUSDT', 'level': 0.00200555, 'strength': 5}
2026-07-11 11:58:06 | INFO | trading.strategy2_signal_filter:check:493 | S2 skip: approach>=block (G3, level exhausted) | {'symbol': 'MMTUSDT', 'level': 0.1856, 'approach_count': 18, 'block_threshold': 4}
2026-07-11 11:58:16 | INFO | trading.strategy2_signal_filter:check:493 | S2 skip: approach>=block (G3, level exhausted) | {'symbol': 'CLOUSDT', 'level': 0.25523, 'approach_count': 19, 'block_threshold': 4}
2026-07-11 11:58:21 | INFO | trading.strategy2_signal_filter:check:493 | S2 skip: approach>=block (G3, level exhausted) | {'symbol': 'MMTUSDT', 'level': 0.1856, 'approach_count': 18, 'block_threshold': 4}
2026-07-11 11:58:31 | INFO | trading.strategy2_signal_filter:check:493 | S2 skip: approach>=block (G3, level exhausted) | {'symbol': 'CLOUSDT', 'level': 0.25523, 'approach_count': 19, 'block_threshold': 4}
2026-07-11 11:58:36 | INFO | trading.strategy2_signal_filter:check:493 | S2 skip: approach>=block (G3, level exhausted) | {'symbol': 'MMTUSDT', 'level': 0.1856, 'approach_count': 18, 'block_threshold': 4}
2026-07-11 11:58:47 | INFO | trading.strategy2_signal_filter:check:493 | S2 skip: approach>=block (G3, level exhausted) | {'symbol': 'CLOUSDT', 'level': 0.25523, 'approach_count': 19, 'block_threshold': 4}
2026-07-11 11:58:52 | INFO | trading.strategy2_signal_filter:check:493 | S2 skip: approach>=block (G3, level exhausted) | {'symbol': 'MMTUSDT', 'level': 0.1856, 'approach_count': 18, 'block_threshold': 4}
2026-07-11 11:59:02 | INFO | trading.strategy2_signal_filter:check:493 | S2 skip: approach>=block (G3, level exhausted) | {'symbol': 'CLOUSDT', 'level': 0.25523, 'approach_count': 20, 'block_threshold': 4}
2026-07-11 11:59:07 | INFO | trading.strategy2_signal_filter:check:493 | S2 skip: approach>=block (G3, level exhausted) | {'symbol': 'MMTUSDT', 'level': 0.1856, 'approach_count': 18, 'block_threshold': 4}
2026-07-11 11:59:17 | INFO | trading.strategy2_signal_filter:check:493 | S2 skip: approach>=block (G3, level exhausted) | {'symbol': 'CLOUSDT', 'level': 0.25523, 'approach_count': 19, 'block_threshold': 4}
2026-07-11 11:59:22 | INFO | trading.strategy2_signal_filter:check:493 | S2 skip: approach>=block (G3, level exhausted) | {'symbol': 'MMTUSDT', 'level': 0.1856, 'approach_count': 18, 'block_threshold': 4}
2026-07-11 11:59:32 | INFO | trading.strategy2_signal_filter:check:493 | S2 skip: approach>=block (G3, level exhausted) | {'symbol': 'CLOUSDT', 'level': 0.25523, 'approach_count': 20, 'block_threshold': 4}
2026-07-11 11:59:37 | INFO | trading.strategy2_signal_filter:check:493 | S2 skip: approach>=block (G3, level exhausted) | {'symbol': 'MMTUSDT', 'level': 0.1856, 'approach_count': 18, 'block_threshold': 4}
2026-07-11 11:59:48 | INFO | trading.strategy2_signal_filter:check:493 | S2 skip: approach>=block (G3, level exhausted) | {'symbol': 'CLOUSDT', 'level': 0.25523, 'approach_count': 19, 'block_threshold': 4}
2026-07-11 11:59:53 | INFO | trading.strategy2_signal_filter:check:493 | S2 skip: approach>=block (G3, level exhausted) | {'symbol': 'MMTUSDT', 'level': 0.1856, 'approach_count': 18, 'block_threshold': 4}
2026-07-11 12:00:03 | INFO | trading.strategy2_signal_filter:check:493 | S2 skip: approach>=block (G3, level exhausted) | {'symbol': 'CLOUSDT', 'level': 0.25523, 'approach_count': 19, 'block_threshold': 4}
2026-07-11 12:00:08 | INFO | trading.strategy2_signal_filter:check:493 | S2 skip: approach>=block (G3, level exhausted) | {'symbol': 'MMTUSDT', 'level': 0.1856, 'approach_count': 18, 'block_threshold': 4}
2026-07-11 12:00:18 | INFO | trading.strategy2_signal_filter:check:493 | S2 skip: approach>=block (G3, level exhausted) | {'symbol': 'CLOUSDT', 'level': 0.25523, 'approach_count': 19, 'block_threshold': 4}
2026-07-11 12:00:23 | INFO | trading.strategy2_signal_filter:check:493 | S2 skip: approach>=block (G3, level exhausted) | {'symbol': 'MMTUSDT', 'level': 0.1856, 'approach_count': 18, 'block_threshold': 4}
2026-07-11 12:00:33 | INFO | trading.strategy2_signal_filter:check:493 | S2 skip: approach>=block (G3, level exhausted) | {'symbol': 'CLOUSDT', 'level': 0.25523, 'approach_count': 19, 'block_threshold': 4}
2026-07-11 12:00:39 | INFO | trading.strategy2_signal_filter:check:493 | S2 skip: approach>=block (G3, level exhausted) | {'symbol': 'MMTUSDT', 'level': 0.1856, 'approach_count': 18, 'block_threshold': 4}
2026-07-11 12:00:49 | INFO | trading.strategy2_signal_filter:check:493 | S2 skip: approach>=block (G3, level exhausted) | {'symbol': 'CLOUSDT', 'level': 0.25523, 'approach_count': 19, 'block_threshold': 4}
2026-07-11 12:00:54 | INFO | trading.strategy2_signal_filter:check:493 | S2 skip: approach>=block (G3, level exhausted) | {'symbol': 'MMTUSDT', 'level': 0.1856, 'approach_count': 18, 'block_threshold': 4}
2026-07-11 12:01:04 | INFO | trading.strategy2_signal_filter:check:493 | S2 skip: approach>=block (G3, level exhausted) | {'symbol': 'CLOUSDT', 'level': 0.25523, 'approach_count': 18, 'block_threshold': 4}
2026-07-11 12:01:04 | INFO | __main__:_proximity_arm_loop:1948 | proximity-arm activated | {'symbol': 'SKLUSDT', 'level': 0.0048065, 'type': 'pump_base', 'strength': 5, 'dist_atr': 1.37}
2026-07-11 12:01:04 | INFO | __main__:_run_phase1:414 | Pump degraded, skipping monitoring | {'symbol': 'SKLUSDT', 'health': 40, 'broken': 0, 'correction': '86%'}
2026-07-11 12:01:09 | INFO | trading.strategy2_signal_filter:check:493 | S2 skip: approach>=block (G3, level exhausted) | {'symbol': 'MMTUSDT', 'level': 0.1856, 'approach_count': 17, 'block_threshold': 4}
2026-07-11 12:01:19 | INFO | trading.strategy2_signal_filter:check:493 | S2 skip: approach>=block (G3, level exhausted) | {'symbol': 'CLOUSDT', 'level': 0.25523, 'approach_count': 19, 'block_threshold': 4}
2026-07-11 12:01:24 | INFO | trading.strategy2_signal_filter:check:493 | S2 skip: approach>=block (G3, level exhausted) | {'symbol': 'MMTUSDT', 'level': 0.1856, 'approach_count': 17, 'block_threshold': 4}
2026-07-11 12:01:35 | INFO | trading.strategy2_signal_filter:check:493 | S2 skip: approach>=block (G3, level exhausted) | {'symbol': 'CLOUSDT', 'level': 0.25523, 'approach_count': 19, 'block_threshold': 4}
2026-07-11 12:01:40 | INFO | trading.strategy2_signal_filter:check:493 | S2 skip: approach>=block (G3, level exhausted) | {'symbol': 'MMTUSDT', 'level': 0.1856, 'approach_count': 17, 'block_threshold': 4}
2026-07-11 12:01:55 | INFO | trading.strategy2_signal_filter:check:493 | S2 skip: approach>=block (G3, level exhausted) | {'symbol': 'MMTUSDT', 'level': 0.1856, 'approach_count': 17, 'block_threshold': 4}
2026-07-11 12:02:10 | INFO | trading.strategy2_signal_filter:check:493 | S2 skip: approach>=block (G3, level exhausted) | {'symbol': 'MMTUSDT', 'level': 0.1856, 'approach_count': 17, 'block_threshold': 4}
2026-07-11 12:02:25 | INFO | trading.strategy2_signal_filter:check:493 | S2 skip: approach>=block (G3, level exhausted) | {'symbol': 'MMTUSDT', 'level': 0.1856, 'approach_count': 17, 'block_threshold': 4}
2026-07-11 12:02:34 | INFO | __main__:_proximity_arm_loop:1948 | proximity-arm activated | {'symbol': 'TACUSDT', 'level': 0.00337, 'type': 'pump_base', 'strength': 5, 'dist_atr': 1.48}
2026-07-11 12:02:34 | INFO | __main__:_run_phase1:414 | Pump degraded, skipping monitoring | {'symbol': 'TACUSDT', 'health': 20, 'broken': 0, 'correction': '261%'}
2026-07-11 12:02:41 | INFO | trading.strategy2_signal_filter:check:493 | S2 skip: approach>=block (G3, level exhausted) | {'symbol': 'MMTUSDT', 'level': 0.1856, 'approach_count': 17, 'block_threshold': 4}
2026-07-11 12:02:56 | INFO | analysis.monitor:start_monitor:126 | monitor: skip level with non-positive p_bounce (won't pass entry filter) | {'symbol': 'CLOUSDT', 'level': 0.2581970297029703, 'level_type': 'wick_level', 'p_bounce': 0.0, 'expected_depth': 0.0}
2026-07-11 12:02:56 | INFO | __main__:_monitored:798 | Monitor cancelled | {'symbol': 'CLOUSDT', 'level': 0.25523}
2026-07-11 12:02:56 | INFO | trading.strategy2_signal_filter:check:493 | S2 skip: approach>=block (G3, level exhausted) | {'symbol': 'MMTUSDT', 'level': 0.1856, 'approach_count': 17, 'block_threshold': 4}
2026-07-11 12:02:56 | INFO | trading.strategy2_signal_filter:check:493 | S2 skip: approach>=block (G3, level exhausted) | {'symbol': 'CLOUSDT', 'level': 0.25523, 'approach_count': 19, 'block_threshold': 4}
2026-07-11 12:02:56 | INFO | trading.strategy2_signal_filter:check:505 | S2: level marked dead, monitor will stop sending proximity | {'symbol': 'CLOUSDT', 'level': 0.25523, 'approach_count': 19}
2026-07-11 12:02:56 | INFO | __main__:_start_resistance_after_bounce:1116 | Resistance monitor started | {'symbol': 'CLOUSDT', 'resistance': 0.2581970297029703, 'from_support': 0.25523}
2026-07-11 12:02:56 | INFO | __main__:_monitored:787 | Level outcome saved | {'symbol': 'CLOUSDT', 'level': 0.2581970297029703, 'result': 'отбой', 'outcome': None, 'duration': 0.0}
2026-07-11 12:03:11 | INFO | trading.strategy2_signal_filter:check:493 | S2 skip: approach>=block (G3, level exhausted) | {'symbol': 'MMTUSDT', 'level': 0.1856, 'approach_count': 16, 'block_threshold': 4}
2026-07-11 12:03:26 | INFO | trading.strategy2_signal_filter:check:493 | S2 skip: approach>=block (G3, level exhausted) | {'symbol': 'MMTUSDT', 'level': 0.1856, 'approach_count': 16, 'block_threshold': 4}
2026-07-11 12:03:42 | INFO | trading.strategy2_signal_filter:check:493 | S2 skip: approach>=block (G3, level exhausted) | {'symbol': 'MMTUSDT', 'level': 0.1856, 'approach_count': 16, 'block_threshold': 4}
2026-07-11 12:03:57 | INFO | trading.strategy2_signal_filter:check:493 | S2 skip: approach>=block (G3, level exhausted) | {'symbol': 'MMTUSDT', 'level': 0.1856, 'approach_count': 16, 'block_threshold': 4}
2026-07-11 12:04:12 | INFO | trading.strategy2_signal_filter:check:493 | S2 skip: approach>=block (G3, level exhausted) | {'symbol': 'MMTUSDT', 'level': 0.1856, 'approach_count': 16, 'block_threshold': 4}
2026-07-11 12:04:27 | INFO | trading.strategy2_signal_filter:check:493 | S2 skip: approach>=block (G3, level exhausted) | {'symbol': 'MMTUSDT', 'level': 0.1856, 'approach_count': 16, 'block_threshold': 4}
2026-07-11 12:04:43 | INFO | trading.strategy2_signal_filter:check:493 | S2 skip: approach>=block (G3, level exhausted) | {'symbol': 'MMTUSDT', 'level': 0.1856, 'approach_count': 16, 'block_threshold': 4}
2026-07-11 12:04:58 | INFO | trading.strategy2_signal_filter:check:493 | S2 skip: approach>=block (G3, level exhausted) | {'symbol': 'MMTUSDT', 'level': 0.1856, 'approach_count': 15, 'block_threshold': 4}
2026-07-11 12:05:13 | INFO | trading.strategy2_signal_filter:check:493 | S2 skip: approach>=block (G3, level exhausted) | {'symbol': 'MMTUSDT', 'level': 0.1856, 'approach_count': 15, 'block_threshold': 4}
2026-07-11 12:05:28 | INFO | trading.strategy2_signal_filter:check:493 | S2 skip: approach>=block (G3, level exhausted) | {'symbol': 'MMTUSDT', 'level': 0.1856, 'approach_count': 15, 'block_threshold': 4}
2026-07-11 12:05:44 | INFO | trading.strategy2_signal_filter:check:493 | S2 skip: approach>=block (G3, level exhausted) | {'symbol': 'MMTUSDT', 'level': 0.1856, 'approach_count': 14, 'block_threshold': 4}
2026-07-11 12:05:59 | INFO | trading.strategy2_signal_filter:check:493 | S2 skip: approach>=block (G3, level exhausted) | {'symbol': 'MMTUSDT', 'level': 0.1856, 'approach_count': 14, 'block_threshold': 4}
2026-07-11 12:06:14 | INFO | trading.strategy2_signal_filter:check:493 | S2 skip: approach>=block (G3, level exhausted) | {'symbol': 'MMTUSDT', 'level': 0.1856, 'approach_count': 14, 'block_threshold': 4}
2026-07-11 12:06:30 | INFO | trading.strategy2_signal_filter:check:493 | S2 skip: approach>=block (G3, level exhausted) | {'symbol': 'MMTUSDT', 'level': 0.1856, 'approach_count': 14, 'block_threshold': 4}
2026-07-11 12:06:45 | INFO | trading.strategy2_signal_filter:check:493 | S2 skip: approach>=block (G3, level exhausted) | {'symbol': 'MMTUSDT', 'level': 0.1856, 'approach_count': 14, 'block_threshold': 4}
2026-07-11 12:07:00 | INFO | trading.strategy2_signal_filter:check:493 | S2 skip: approach>=block (G3, level exhausted) | {'symbol': 'MMTUSDT', 'level': 0.1856, 'approach_count': 14, 'block_threshold': 4}
2026-07-11 12:07:15 | INFO | trading.strategy2_signal_filter:check:493 | S2 skip: approach>=block (G3, level exhausted) | {'symbol': 'MMTUSDT', 'level': 0.1856, 'approach_count': 14, 'block_threshold': 4}
2026-07-11 12:07:31 | INFO | trading.strategy2_signal_filter:check:493 | S2 skip: approach>=block (G3, level exhausted) | {'symbol': 'MMTUSDT', 'level': 0.1856, 'approach_count': 14, 'block_threshold': 4}
2026-07-11 12:07:46 | INFO | trading.strategy2_signal_filter:check:493 | S2 skip: approach>=block (G3, level exhausted) | {'symbol': 'MMTUSDT', 'level': 0.1856, 'approach_count': 14, 'block_threshold': 4}
2026-07-11 12:08:06 | INFO | trading.strategy2_signal_filter:check:493 | S2 skip: approach>=block (G3, level exhausted) | {'symbol': 'MMTUSDT', 'level': 0.1856, 'approach_count': 14, 'block_threshold': 4}
2026-07-11 12:08:21 | INFO | trading.strategy2_signal_filter:check:493 | S2 skip: approach>=block (G3, level exhausted) | {'symbol': 'MMTUSDT', 'level': 0.1856, 'approach_count': 14, 'block_threshold': 4}
2026-07-11 12:08:37 | INFO | trading.strategy2_signal_filter:check:493 | S2 skip: approach>=block (G3, level exhausted) | {'symbol': 'MMTUSDT', 'level': 0.1856, 'approach_count': 14, 'block_threshold': 4}
2026-07-11 12:08:52 | INFO | trading.strategy2_signal_filter:check:493 | S2 skip: approach>=block (G3, level exhausted) | {'symbol': 'MMTUSDT', 'level': 0.1856, 'approach_count': 14, 'block_threshold': 4}
2026-07-11 12:09:05 | INFO | __main__:_proximity_arm_loop:1948 | proximity-arm activated | {'symbol': 'EVAAUSDT', 'level': 1.7502, 'type': 'pump_base', 'strength': 5, 'dist_atr': 1.03}
2026-07-11 12:09:05 | INFO | __main__:_run_phase1:414 | Pump degraded, skipping monitoring | {'symbol': 'EVAAUSDT', 'health': 40, 'broken': 0, 'correction': '153%'}
2026-07-11 12:09:07 | INFO | trading.strategy2_signal_filter:check:493 | S2 skip: approach>=block (G3, level exhausted) | {'symbol': 'MMTUSDT', 'level': 0.1856, 'approach_count': 14, 'block_threshold': 4}
2026-07-11 12:09:22 | INFO | trading.strategy2_signal_filter:check:493 | S2 skip: approach>=block (G3, level exhausted) | {'symbol': 'MMTUSDT', 'level': 0.1856, 'approach_count': 15, 'block_threshold': 4}
2026-07-11 12:09:38 | INFO | trading.strategy2_signal_filter:check:493 | S2 skip: approach>=block (G3, level exhausted) | {'symbol': 'MMTUSDT', 'level': 0.1856, 'approach_count': 15, 'block_threshold': 4}
2026-07-11 12:09:53 | INFO | trading.strategy2_signal_filter:check:493 | S2 skip: approach>=block (G3, level exhausted) | {'symbol': 'MMTUSDT', 'level': 0.1856, 'approach_count': 15, 'block_threshold': 4}
2026-07-11 12:10:08 | INFO | trading.strategy2_signal_filter:check:493 | S2 skip: approach>=block (G3, level exhausted) | {'symbol': 'MMTUSDT', 'level': 0.1856, 'approach_count': 15, 'block_threshold': 4}
2026-07-11 12:10:23 | INFO | trading.strategy2_signal_filter:check:493 | S2 skip: approach>=block (G3, level exhausted) | {'symbol': 'MMTUSDT', 'level': 0.1856, 'approach_count': 15, 'block_threshold': 4}
2026-07-11 12:10:39 | INFO | trading.strategy2_signal_filter:check:493 | S2 skip: approach>=block (G3, level exhausted) | {'symbol': 'MMTUSDT', 'level': 0.1856, 'approach_count': 15, 'block_threshold': 4}
2026-07-11 12:10:54 | INFO | trading.strategy2_signal_filter:check:493 | S2 skip: approach>=block (G3, level exhausted) | {'symbol': 'MMTUSDT', 'level': 0.1856, 'approach_count': 15, 'block_threshold': 4}
2026-07-11 12:11:09 | INFO | trading.strategy2_signal_filter:check:493 | S2 skip: approach>=block (G3, level exhausted) | {'symbol': 'MMTUSDT', 'level': 0.1856, 'approach_count': 14, 'block_threshold': 4}
2026-07-11 12:11:24 | INFO | trading.strategy2_signal_filter:check:493 | S2 skip: approach>=block (G3, level exhausted) | {'symbol': 'MMTUSDT', 'level': 0.1856, 'approach_count': 14, 'block_threshold': 4}
2026-07-11 12:11:40 | INFO | trading.strategy2_signal_filter:check:493 | S2 skip: approach>=block (G3, level exhausted) | {'symbol': 'MMTUSDT', 'level': 0.1856, 'approach_count': 14, 'block_threshold': 4}
2026-07-11 12:11:55 | INFO | trading.strategy2_signal_filter:check:493 | S2 skip: approach>=block (G3, level exhausted) | {'symbol': 'MMTUSDT', 'level': 0.1856, 'approach_count': 14, 'block_threshold': 4}
2026-07-11 12:12:10 | INFO | trading.strategy2_signal_filter:check:493 | S2 skip: approach>=block (G3, level exhausted) | {'symbol': 'MMTUSDT', 'level': 0.1856, 'approach_count': 14, 'block_threshold': 4}
2026-07-11 12:12:25 | INFO | trading.strategy2_signal_filter:check:493 | S2 skip: approach>=block (G3, level exhausted) | {'symbol': 'MMTUSDT', 'level': 0.1856, 'approach_count': 14, 'block_threshold': 4}
2026-07-11 12:12:41 | INFO | trading.strategy2_signal_filter:check:493 | S2 skip: approach>=block (G3, level exhausted) | {'symbol': 'MMTUSDT', 'level': 0.1856, 'approach_count': 14, 'block_threshold': 4}
2026-07-11 12:12:56 | INFO | trading.strategy2_signal_filter:check:493 | S2 skip: approach>=block (G3, level exhausted) | {'symbol': 'MMTUSDT', 'level': 0.1856, 'approach_count': 13, 'block_threshold': 4}
2026-07-11 12:13:11 | INFO | trading.strategy2_signal_filter:check:493 | S2 skip: approach>=block (G3, level exhausted) | {'symbol': 'MMTUSDT', 'level': 0.1856, 'approach_count': 14, 'block_threshold': 4}
2026-07-11 12:13:26 | INFO | trading.strategy2_signal_filter:check:493 | S2 skip: approach>=block (G3, level exhausted) | {'symbol': 'MMTUSDT', 'level': 0.1856, 'approach_count': 14, 'block_threshold': 4}
2026-07-11 12:13:42 | INFO | trading.strategy2_signal_filter:check:493 | S2 skip: approach>=block (G3, level exhausted) | {'symbol': 'MMTUSDT', 'level': 0.1856, 'approach_count': 13, 'block_threshold': 4}
2026-07-11 12:13:57 | INFO | trading.strategy2_signal_filter:check:493 | S2 skip: approach>=block (G3, level exhausted) | {'symbol': 'MMTUSDT', 'level': 0.1856, 'approach_count': 13, 'block_threshold': 4}
2026-07-11 12:14:12 | INFO | trading.strategy2_signal_filter:check:493 | S2 skip: approach>=block (G3, level exhausted) | {'symbol': 'MMTUSDT', 'level': 0.1856, 'approach_count': 14, 'block_threshold': 4}
2026-07-11 12:14:27 | INFO | trading.strategy2_signal_filter:check:493 | S2 skip: approach>=block (G3, level exhausted) | {'symbol': 'MMTUSDT', 'level': 0.1856, 'approach_count': 14, 'block_threshold': 4}
2026-07-11 12:14:43 | INFO | trading.strategy2_signal_filter:check:493 | S2 skip: approach>=block (G3, level exhausted) | {'symbol': 'MMTUSDT', 'level': 0.1856, 'approach_count': 14, 'block_threshold': 4}
2026-07-11 12:14:58 | INFO | trading.strategy2_signal_filter:check:493 | S2 skip: approach>=block (G3, level exhausted) | {'symbol': 'MMTUSDT', 'level': 0.1856, 'approach_count': 14, 'block_threshold': 4}
2026-07-11 12:15:13 | INFO | trading.strategy2_signal_filter:check:493 | S2 skip: approach>=block (G3, level exhausted) | {'symbol': 'MMTUSDT', 'level': 0.1856, 'approach_count': 14, 'block_threshold': 4}
2026-07-11 12:15:28 | INFO | trading.strategy2_signal_filter:check:493 | S2 skip: approach>=block (G3, level exhausted) | {'symbol': 'MMTUSDT', 'level': 0.1856, 'approach_count': 14, 'block_threshold': 4}
2026-07-11 12:15:44 | INFO | trading.strategy2_signal_filter:check:493 | S2 skip: approach>=block (G3, level exhausted) | {'symbol': 'MMTUSDT', 'level': 0.1856, 'approach_count': 14, 'block_threshold': 4}
2026-07-11 12:15:59 | INFO | trading.strategy2_signal_filter:check:493 | S2 skip: approach>=block (G3, level exhausted) | {'symbol': 'MMTUSDT', 'level': 0.1856, 'approach_count': 14, 'block_threshold': 4}
2026-07-11 12:16:14 | INFO | trading.strategy2_signal_filter:check:493 | S2 skip: approach>=block (G3, level exhausted) | {'symbol': 'MMTUSDT', 'level': 0.1856, 'approach_count': 14, 'block_threshold': 4}
2026-07-11 12:16:29 | INFO | trading.strategy2_signal_filter:check:493 | S2 skip: approach>=block (G3, level exhausted) | {'symbol': 'MMTUSDT', 'level': 0.1856, 'approach_count': 14, 'block_threshold': 4}
2026-07-11 12:16:45 | INFO | trading.strategy2_signal_filter:check:493 | S2 skip: approach>=block (G3, level exhausted) | {'symbol': 'MMTUSDT', 'level': 0.1856, 'approach_count': 14, 'block_threshold': 4}
2026-07-11 12:16:55 | INFO | __main__:_trigger_loop:357 | Trigger activated | {'symbol': 'EVAAUSDT'}
2026-07-11 12:16:55 | INFO | __main__:_run_phase1:414 | Pump degraded, skipping monitoring | {'symbol': 'EVAAUSDT', 'health': 40, 'broken': 0, 'correction': '156%'}
2026-07-11 12:17:00 | INFO | trading.strategy2_signal_filter:check:493 | S2 skip: approach>=block (G3, level exhausted) | {'symbol': 'MMTUSDT', 'level': 0.1856, 'approach_count': 14, 'block_threshold': 4}
2026-07-11 12:17:15 | INFO | trading.strategy2_signal_filter:check:493 | S2 skip: approach>=block (G3, level exhausted) | {'symbol': 'MMTUSDT', 'level': 0.1856, 'approach_count': 14, 'block_threshold': 4}
2026-07-11 12:17:30 | INFO | trading.strategy2_signal_filter:check:493 | S2 skip: approach>=block (G3, level exhausted) | {'symbol': 'MMTUSDT', 'level': 0.1856, 'approach_count': 14, 'block_threshold': 4}
2026-07-11 12:17:46 | INFO | trading.strategy2_signal_filter:check:493 | S2 skip: approach>=block (G3, level exhausted) | {'symbol': 'MMTUSDT', 'level': 0.1856, 'approach_count': 14, 'block_threshold': 4}
2026-07-11 12:20:35 | INFO | __main__:_proximity_arm_loop:1948 | proximity-arm activated | {'symbol': 'CLOUSDT', 'level': 0.25542, 'type': 'pump_base', 'strength': 5, 'dist_atr': 2.0}
2026-07-11 12:20:35 | INFO | __main__:_run_phase1:601 | Level broken in recent candles, skipping monitor | {'symbol': 'CLOUSDT', 'level': 0.25542, 'close_below': 5}
2026-07-11 12:25:03 | INFO | __main__:_auto_screener_loop:306 | Auto screener completed | {'total': 1, 'new': 0}
2026-07-11 12:25:54 | INFO | trading.strategy2_signal_filter:check:493 | S2 skip: approach>=block (G3, level exhausted) | {'symbol': 'MMTUSDT', 'level': 0.1856, 'approach_count': 14, 'block_threshold': 4}
2026-07-11 12:27:41 | INFO | trading.strategy2_signal_filter:check:493 | S2 skip: approach>=block (G3, level exhausted) | {'symbol': 'MMTUSDT', 'level': 0.1856, 'approach_count': 14, 'block_threshold': 4}
2026-07-11 12:27:56 | INFO | trading.strategy2_signal_filter:check:493 | S2 skip: approach>=block (G3, level exhausted) | {'symbol': 'MMTUSDT', 'level': 0.1856, 'approach_count': 14, 'block_threshold': 4}
2026-07-11 12:28:11 | INFO | trading.strategy2_signal_filter:check:493 | S2 skip: approach>=block (G3, level exhausted) | {'symbol': 'MMTUSDT', 'level': 0.1856, 'approach_count': 14, 'block_threshold': 4}
2026-07-11 12:28:31 | INFO | trading.strategy2_signal_filter:check:493 | S2 skip: approach>=block (G3, level exhausted) | {'symbol': 'MMTUSDT', 'level': 0.1856, 'approach_count': 13, 'block_threshold': 4}
2026-07-11 12:30:18 | INFO | __main__:_trigger_loop:357 | Trigger activated | {'symbol': 'VELVETUSDT'}
2026-07-11 12:30:18 | INFO | __main__:_run_phase1:535 | No strong levels found | {'symbol': 'VELVETUSDT', 'total_levels': 3}
2026-07-11 12:30:35 | INFO | __main__:_proximity_arm_loop:1948 | proximity-arm activated | {'symbol': 'LABUSDT', 'level': 0.8664, 'type': 'pump_base', 'strength': 5, 'dist_atr': 1.88}
2026-07-11 12:30:36 | INFO | __main__:_run_phase1:601 | Level broken in recent candles, skipping monitor | {'symbol': 'LABUSDT', 'level': 0.8664, 'close_below': 10}
2026-07-11 12:30:44 | INFO | trading.strategy2_signal_filter:check:493 | S2 skip: approach>=block (G3, level exhausted) | {'symbol': 'MMTUSDT', 'level': 0.1856, 'approach_count': 13, 'block_threshold': 4}
2026-07-11 12:30:59 | INFO | trading.strategy2_signal_filter:check:493 | S2 skip: approach>=block (G3, level exhausted) | {'symbol': 'MMTUSDT', 'level': 0.1856, 'approach_count': 13, 'block_threshold': 4}
2026-07-11 12:31:05 | INFO | __main__:_proximity_arm_loop:1948 | proximity-arm activated | {'symbol': 'SKLUSDT', 'level': 0.004671, 'type': 'pump_base', 'strength': 5, 'dist_atr': 2.06}
2026-07-11 12:31:05 | INFO | __main__:_run_phase1:414 | Pump degraded, skipping monitoring | {'symbol': 'SKLUSDT', 'health': 25, 'broken': 0, 'correction': '97%'}
2026-07-11 12:31:14 | INFO | trading.strategy2_signal_filter:check:493 | S2 skip: approach>=block (G3, level exhausted) | {'symbol': 'MMTUSDT', 'level': 0.1856, 'approach_count': 13, 'block_threshold': 4}
2026-07-11 12:31:50 | INFO | trading.strategy2_signal_filter:check:493 | S2 skip: approach>=block (G3, level exhausted) | {'symbol': 'MMTUSDT', 'level': 0.1856, 'approach_count': 13, 'block_threshold': 4}
2026-07-11 12:32:05 | INFO | trading.strategy2_signal_filter:check:493 | S2 skip: approach>=block (G3, level exhausted) | {'symbol': 'MMTUSDT', 'level': 0.1856, 'approach_count': 13, 'block_threshold': 4}
2026-07-11 12:32:20 | INFO | trading.strategy2_signal_filter:check:493 | S2 skip: approach>=block (G3, level exhausted) | {'symbol': 'MMTUSDT', 'level': 0.1856, 'approach_count': 13, 'block_threshold': 4}
2026-07-11 12:32:35 | INFO | __main__:_proximity_arm_loop:1948 | proximity-arm activated | {'symbol': 'TACUSDT', 'level': 0.003371, 'type': 'pump_base', 'strength': 5, 'dist_atr': 1.79}
2026-07-11 12:32:35 | INFO | __main__:_run_phase1:414 | Pump degraded, skipping monitoring | {'symbol': 'TACUSDT', 'health': 20, 'broken': 0, 'correction': '261%'}
2026-07-11 12:32:35 | INFO | trading.strategy2_signal_filter:check:493 | S2 skip: approach>=block (G3, level exhausted) | {'symbol': 'MMTUSDT', 'level': 0.1856, 'approach_count': 13, 'block_threshold': 4}
2026-07-11 12:32:51 | INFO | trading.strategy2_signal_filter:check:493 | S2 skip: approach>=block (G3, level exhausted) | {'symbol': 'MMTUSDT', 'level': 0.1856, 'approach_count': 13, 'block_threshold': 4}
2026-07-11 12:33:06 | INFO | trading.strategy2_signal_filter:check:493 | S2 skip: approach>=block (G3, level exhausted) | {'symbol': 'MMTUSDT', 'level': 0.1856, 'approach_count': 13, 'block_threshold': 4}
2026-07-11 12:33:21 | INFO | trading.strategy2_signal_filter:check:493 | S2 skip: approach>=block (G3, level exhausted) | {'symbol': 'MMTUSDT', 'level': 0.1856, 'approach_count': 13, 'block_threshold': 4}
2026-07-11 12:33:37 | INFO | trading.strategy2_signal_filter:check:493 | S2 skip: approach>=block (G3, level exhausted) | {'symbol': 'MMTUSDT', 'level': 0.1856, 'approach_count': 13, 'block_threshold': 4}
2026-07-11 12:33:52 | INFO | trading.strategy2_signal_filter:check:493 | S2 skip: approach>=block (G3, level exhausted) | {'symbol': 'MMTUSDT', 'level': 0.1856, 'approach_count': 13, 'block_threshold': 4}
2026-07-11 12:34:07 | INFO | trading.strategy2_signal_filter:check:493 | S2 skip: approach>=block (G3, level exhausted) | {'symbol': 'MMTUSDT', 'level': 0.1856, 'approach_count': 13, 'block_threshold': 4}
2026-07-11 12:34:22 | INFO | trading.strategy2_signal_filter:check:493 | S2 skip: approach>=block (G3, level exhausted) | {'symbol': 'MMTUSDT', 'level': 0.1856, 'approach_count': 13, 'block_threshold': 4}
2026-07-11 12:34:38 | INFO | trading.strategy2_signal_filter:check:493 | S2 skip: approach>=block (G3, level exhausted) | {'symbol': 'MMTUSDT', 'level': 0.1856, 'approach_count': 13, 'block_threshold': 4}
2026-07-11 12:34:53 | INFO | trading.strategy2_signal_filter:check:493 | S2 skip: approach>=block (G3, level exhausted) | {'symbol': 'MMTUSDT', 'level': 0.1856, 'approach_count': 13, 'block_threshold': 4}
2026-07-11 12:35:08 | INFO | trading.strategy2_signal_filter:check:493 | S2 skip: approach>=block (G3, level exhausted) | {'symbol': 'MMTUSDT', 'level': 0.1856, 'approach_count': 13, 'block_threshold': 4}
2026-07-11 12:35:18 | INFO | __main__:_trigger_loop:357 | Trigger activated | {'symbol': 'LABUSDT'}
2026-07-11 12:35:19 | INFO | __main__:_run_phase1:652 | Level monitoring started | {'symbol': 'LABUSDT', 'level': 0.75935, 'strength': 5}
2026-07-11 12:35:23 | INFO | trading.strategy2_signal_filter:check:493 | S2 skip: approach>=block (G3, level exhausted) | {'symbol': 'MMTUSDT', 'level': 0.1856, 'approach_count': 13, 'block_threshold': 4}
2026-07-11 12:35:39 | INFO | trading.strategy2_signal_filter:check:493 | S2 skip: approach>=block (G3, level exhausted) | {'symbol': 'MMTUSDT', 'level': 0.1856, 'approach_count': 13, 'block_threshold': 4}
2026-07-11 12:35:54 | INFO | trading.strategy2_signal_filter:check:493 | S2 skip: approach>=block (G3, level exhausted) | {'symbol': 'MMTUSDT', 'level': 0.1856, 'approach_count': 13, 'block_threshold': 4}
2026-07-11 12:36:09 | INFO | trading.strategy2_signal_filter:check:493 | S2 skip: approach>=block (G3, level exhausted) | {'symbol': 'MMTUSDT', 'level': 0.1856, 'approach_count': 13, 'block_threshold': 4}
2026-07-11 12:36:24 | INFO | trading.strategy2_signal_filter:check:493 | S2 skip: approach>=block (G3, level exhausted) | {'symbol': 'MMTUSDT', 'level': 0.1856, 'approach_count': 13, 'block_threshold': 4}
2026-07-11 12:36:40 | INFO | trading.strategy2_signal_filter:check:493 | S2 skip: approach>=block (G3, level exhausted) | {'symbol': 'MMTUSDT', 'level': 0.1856, 'approach_count': 13, 'block_threshold': 4}
2026-07-11 12:36:55 | INFO | trading.strategy2_signal_filter:check:493 | S2 skip: approach>=block (G3, level exhausted) | {'symbol': 'MMTUSDT', 'level': 0.1856, 'approach_count': 13, 'block_threshold': 4}
2026-07-11 12:37:10 | INFO | trading.strategy2_signal_filter:check:493 | S2 skip: approach>=block (G3, level exhausted) | {'symbol': 'MMTUSDT', 'level': 0.1856, 'approach_count': 13, 'block_threshold': 4}
2026-07-11 12:37:25 | INFO | trading.strategy2_signal_filter:check:493 | S2 skip: approach>=block (G3, level exhausted) | {'symbol': 'MMTUSDT', 'level': 0.1856, 'approach_count': 13, 'block_threshold': 4}
2026-07-11 12:37:41 | INFO | trading.strategy2_signal_filter:check:493 | S2 skip: approach>=block (G3, level exhausted) | {'symbol': 'MMTUSDT', 'level': 0.1856, 'approach_count': 13, 'block_threshold': 4}
2026-07-11 12:37:52 | INFO | __main__:_stale_monitor_loop:1179 | Stale monitor cancelled — rebuilding | {'symbol': 'LABUSDT', 'level': 0.75935, 'current': 0.868, 'distance_pct': 12.5}
2026-07-11 12:37:52 | INFO | __main__:_monitored:798 | Monitor cancelled | {'symbol': 'LABUSDT', 'level': 0.75935}
2026-07-11 12:37:53 | INFO | __main__:_run_phase1:601 | Level broken in recent candles, skipping monitor | {'symbol': 'LABUSDT', 'level': 0.84748, 'close_below': 2}
2026-07-11 12:37:56 | INFO | trading.strategy2_signal_filter:check:493 | S2 skip: approach>=block (G3, level exhausted) | {'symbol': 'MMTUSDT', 'level': 0.1856, 'approach_count': 13, 'block_threshold': 4}
2026-07-11 12:38:11 | INFO | trading.strategy2_signal_filter:check:493 | S2 skip: approach>=block (G3, level exhausted) | {'symbol': 'MMTUSDT', 'level': 0.1856, 'approach_count': 13, 'block_threshold': 4}
2026-07-11 12:38:26 | INFO | trading.strategy2_signal_filter:check:493 | S2 skip: approach>=block (G3, level exhausted) | {'symbol': 'MMTUSDT', 'level': 0.1856, 'approach_count': 13, 'block_threshold': 4}
2026-07-11 12:38:42 | INFO | trading.strategy2_signal_filter:check:493 | S2 skip: approach>=block (G3, level exhausted) | {'symbol': 'MMTUSDT', 'level': 0.1856, 'approach_count': 13, 'block_threshold': 4}
2026-07-11 12:38:57 | INFO | trading.strategy2_signal_filter:check:493 | S2 skip: approach>=block (G3, level exhausted) | {'symbol': 'MMTUSDT', 'level': 0.1856, 'approach_count': 13, 'block_threshold': 4}
2026-07-11 12:39:12 | INFO | trading.strategy2_signal_filter:check:493 | S2 skip: approach>=block (G3, level exhausted) | {'symbol': 'MMTUSDT', 'level': 0.1856, 'approach_count': 13, 'block_threshold': 4}
2026-07-11 12:39:28 | INFO | trading.strategy2_signal_filter:check:493 | S2 skip: approach>=block (G3, level exhausted) | {'symbol': 'MMTUSDT', 'level': 0.1856, 'approach_count': 13, 'block_threshold': 4}
2026-07-11 12:39:43 | INFO | trading.strategy2_signal_filter:check:493 | S2 skip: approach>=block (G3, level exhausted) | {'symbol': 'MMTUSDT', 'level': 0.1856, 'approach_count': 13, 'block_threshold': 4}
2026-07-11 12:39:58 | INFO | trading.strategy2_signal_filter:check:493 | S2 skip: approach>=block (G3, level exhausted) | {'symbol': 'MMTUSDT', 'level': 0.1856, 'approach_count': 13, 'block_threshold': 4}
2026-07-11 12:40:39 | INFO | __main__:_monitored:787 | Level outcome saved | {'symbol': 'MMTUSDT', 'level': 0.1856, 'result': 'пробой', 'outcome': 'breakout', 'duration': 5135.9}
2026-07-11 12:40:39 | INFO | __main__:_start_next_level_after_breakout:933 | Next level from cache started | {'symbol': 'MMTUSDT', 'level': 0.1656}
2026-07-11 12:42:53 | INFO | __main__:_stale_monitor_loop:1179 | Stale monitor cancelled — rebuilding | {'symbol': 'MMTUSDT', 'level': 0.1656, 'current': 0.1855, 'distance_pct': 10.7}
2026-07-11 12:42:53 | INFO | __main__:_monitored:798 | Monitor cancelled | {'symbol': 'MMTUSDT', 'level': 0.1656}
2026-07-11 12:46:20 | INFO | __main__:_trigger_loop:357 | Trigger activated | {'symbol': 'BUSDT'}
2026-07-11 12:46:20 | INFO | __main__:_run_phase1:414 | Pump degraded, skipping monitoring | {'symbol': 'BUSDT', 'health': 40, 'broken': 0, 'correction': '221%'}
2026-07-11 12:47:05 | INFO | trading.strategy2_signal_filter:check:641 | S2 market phase | {'symbol': 'XPINUSDT', 'phase': 'drop_tradeable', 'note': 'drop_tradeable:bq=0.61'}
2026-07-11 12:47:05 | INFO | __main__:_proximity_loop:1258 | Proximity alert sent | {'symbol': 'XPINUSDT', 'level': 0.00200555, 'distance_pct': 1.8330885952031357}
2026-07-11 12:47:05 | INFO | trading.strategy2_signal_filter:check:641 | S2 market phase | {'symbol': 'XPINUSDT', 'phase': 'drop_tradeable', 'note': 'drop_tradeable:bq=0.61'}
2026-07-11 12:47:10 | INFO | trading.strategy2_signal_filter:check:641 | S2 market phase | {'symbol': 'XPINUSDT', 'phase': 'drop_tradeable', 'note': 'drop_tradeable:bq=0.61'}
2026-07-11 12:49:06 | INFO | __main__:_proximity_arm_loop:1948 | proximity-arm activated | {'symbol': 'EVAAUSDT', 'level': 1.7543, 'type': 'pump_base', 'strength': 5, 'dist_atr': 1.13}
2026-07-11 12:49:06 | INFO | __main__:_run_phase1:414 | Pump degraded, skipping monitoring | {'symbol': 'EVAAUSDT', 'health': 40, 'broken': 0, 'correction': '106%'}
2026-07-11 12:49:28 | INFO | trading.strategy2_signal_filter:check:641 | S2 market phase | {'symbol': 'XPINUSDT', 'phase': 'drop_tradeable', 'note': 'drop_tradeable:bq=0.61'}
2026-07-11 12:49:38 | INFO | trading.strategy2_signal_filter:check:641 | S2 market phase | {'symbol': 'XPINUSDT', 'phase': 'drop_tradeable', 'note': 'drop_tradeable:bq=0.61'}
2026-07-11 12:49:43 | INFO | trading.strategy2_signal_filter:check:641 | S2 market phase | {'symbol': 'XPINUSDT', 'phase': 'drop_tradeable', 'note': 'drop_tradeable:bq=0.61'}
2026-07-11 12:49:43 | INFO | trading.strategy2_signal_filter:check:641 | S2 market phase | {'symbol': 'XPINUSDT', 'phase': 'drop_tradeable', 'note': 'drop_tradeable:bq=0.61'}
2026-07-11 12:49:48 | INFO | trading.strategy2_signal_filter:check:641 | S2 market phase | {'symbol': 'XPINUSDT', 'phase': 'drop_tradeable', 'note': 'drop_tradeable:bq=0.61'}
2026-07-11 12:50:08 | INFO | trading.strategy2_signal_filter:check:641 | S2 market phase | {'symbol': 'XPINUSDT', 'phase': 'drop_tradeable', 'note': 'drop_tradeable:bq=0.61'}
2026-07-11 12:50:08 | INFO | trading.strategy2_signal_filter:check:641 | S2 market phase | {'symbol': 'XPINUSDT', 'phase': 'drop_tradeable', 'note': 'drop_tradeable:bq=0.61'}
2026-07-11 12:50:13 | INFO | trading.strategy2_signal_filter:check:641 | S2 market phase | {'symbol': 'XPINUSDT', 'phase': 'drop_tradeable', 'note': 'drop_tradeable:bq=0.61'}
2026-07-11 12:50:19 | INFO | trading.strategy2_signal_filter:check:641 | S2 market phase | {'symbol': 'XPINUSDT', 'phase': 'drop_tradeable', 'note': 'drop_tradeable:bq=0.61'}
2026-07-11 12:50:24 | INFO | trading.strategy2_signal_filter:check:641 | S2 market phase | {'symbol': 'XPINUSDT', 'phase': 'drop_tradeable', 'note': 'drop_tradeable:bq=0.61'}
2026-07-11 12:50:24 | INFO | trading.strategy2_signal_filter:check:641 | S2 market phase | {'symbol': 'XPINUSDT', 'phase': 'drop_tradeable', 'note': 'drop_tradeable:bq=0.61'}
2026-07-11 12:50:29 | INFO | trading.strategy2_signal_filter:check:641 | S2 market phase | {'symbol': 'XPINUSDT', 'phase': 'drop_tradeable', 'note': 'drop_tradeable:bq=0.61'}
2026-07-11 12:50:34 | INFO | trading.strategy2_signal_filter:check:641 | S2 market phase | {'symbol': 'XPINUSDT', 'phase': 'drop_tradeable', 'note': 'drop_tradeable:bq=0.61'}
2026-07-11 12:50:39 | INFO | trading.strategy2_signal_filter:check:641 | S2 market phase | {'symbol': 'XPINUSDT', 'phase': 'drop_tradeable', 'note': 'drop_tradeable:bq=0.61'}
2026-07-11 12:50:39 | INFO | trading.strategy2_signal_filter:check:641 | S2 market phase | {'symbol': 'XPINUSDT', 'phase': 'drop_tradeable', 'note': 'drop_tradeable:bq=0.61'}
2026-07-11 12:50:44 | INFO | trading.strategy2_signal_filter:check:641 | S2 market phase | {'symbol': 'XPINUSDT', 'phase': 'drop_tradeable', 'note': 'drop_tradeable:bq=0.61'}
2026-07-11 12:50:49 | INFO | trading.strategy2_signal_filter:check:641 | S2 market phase | {'symbol': 'XPINUSDT', 'phase': 'drop_tradeable', 'note': 'drop_tradeable:bq=0.61'}
2026-07-11 12:50:54 | INFO | trading.strategy2_signal_filter:check:641 | S2 market phase | {'symbol': 'XPINUSDT', 'phase': 'drop_tradeable', 'note': 'drop_tradeable:bq=0.61'}
2026-07-11 12:50:54 | INFO | trading.strategy2_signal_filter:check:641 | S2 market phase | {'symbol': 'XPINUSDT', 'phase': 'drop_tradeable', 'note': 'drop_tradeable:bq=0.61'}
2026-07-11 12:50:59 | INFO | trading.strategy2_signal_filter:check:641 | S2 market phase | {'symbol': 'XPINUSDT', 'phase': 'drop_tradeable', 'note': 'drop_tradeable:bq=0.61'}
2026-07-11 12:51:04 | INFO | trading.strategy2_signal_filter:check:641 | S2 market phase | {'symbol': 'XPINUSDT', 'phase': 'drop_tradeable', 'note': 'drop_tradeable:bq=0.61'}
2026-07-11 12:51:09 | INFO | trading.strategy2_signal_filter:check:641 | S2 market phase | {'symbol': 'XPINUSDT', 'phase': 'drop_tradeable', 'note': 'drop_tradeable:bq=0.61'}
2026-07-11 12:51:09 | INFO | trading.strategy2_signal_filter:check:641 | S2 market phase | {'symbol': 'XPINUSDT', 'phase': 'drop_tradeable', 'note': 'drop_tradeable:bq=0.61'}
2026-07-11 12:51:14 | INFO | trading.strategy2_signal_filter:check:641 | S2 market phase | {'symbol': 'XPINUSDT', 'phase': 'drop_tradeable', 'note': 'drop_tradeable:bq=0.61'}
2026-07-11 12:51:20 | INFO | trading.strategy2_signal_filter:check:641 | S2 market phase | {'symbol': 'XPINUSDT', 'phase': 'drop_tradeable', 'note': 'drop_tradeable:bq=0.61'}
2026-07-11 12:51:25 | INFO | trading.strategy2_signal_filter:check:641 | S2 market phase | {'symbol': 'XPINUSDT', 'phase': 'drop_tradeable', 'note': 'drop_tradeable:bq=0.61'}
2026-07-11 12:51:25 | INFO | trading.strategy2_signal_filter:check:641 | S2 market phase | {'symbol': 'XPINUSDT', 'phase': 'drop_tradeable', 'note': 'drop_tradeable:bq=0.61'}
2026-07-11 12:51:30 | INFO | trading.strategy2_signal_filter:check:641 | S2 market phase | {'symbol': 'XPINUSDT', 'phase': 'drop_tradeable', 'note': 'drop_tradeable:bq=0.61'}
2026-07-11 12:51:35 | INFO | trading.strategy2_signal_filter:check:641 | S2 market phase | {'symbol': 'XPINUSDT', 'phase': 'drop_tradeable', 'note': 'drop_tradeable:bq=0.61'}
2026-07-11 12:51:40 | INFO | trading.strategy2_signal_filter:check:641 | S2 market phase | {'symbol': 'XPINUSDT', 'phase': 'drop_tradeable', 'note': 'drop_tradeable:bq=0.61'}
2026-07-11 12:51:40 | INFO | trading.strategy2_signal_filter:check:641 | S2 market phase | {'symbol': 'XPINUSDT', 'phase': 'drop_tradeable', 'note': 'drop_tradeable:bq=0.61'}
2026-07-11 12:51:45 | INFO | trading.strategy2_signal_filter:check:641 | S2 market phase | {'symbol': 'XPINUSDT', 'phase': 'drop_tradeable', 'note': 'drop_tradeable:bq=0.61'}
2026-07-11 12:51:50 | INFO | trading.strategy2_signal_filter:check:641 | S2 market phase | {'symbol': 'XPINUSDT', 'phase': 'drop_tradeable', 'note': 'drop_tradeable:bq=0.61'}
2026-07-11 12:51:55 | INFO | trading.strategy2_signal_filter:check:641 | S2 market phase | {'symbol': 'XPINUSDT', 'phase': 'drop_tradeable', 'note': 'drop_tradeable:bq=0.61'}
2026-07-11 12:51:55 | INFO | trading.strategy2_signal_filter:check:641 | S2 market phase | {'symbol': 'XPINUSDT', 'phase': 'drop_tradeable', 'note': 'drop_tradeable:bq=0.61'}
2026-07-11 12:52:00 | INFO | trading.strategy2_signal_filter:check:641 | S2 market phase | {'symbol': 'XPINUSDT', 'phase': 'drop_tradeable', 'note': 'drop_tradeable:bq=0.61'}
2026-07-11 12:52:05 | INFO | trading.strategy2_signal_filter:check:641 | S2 market phase | {'symbol': 'XPINUSDT', 'phase': 'drop_tradeable', 'note': 'drop_tradeable:bq=0.61'}
2026-07-11 12:52:10 | INFO | trading.strategy2_signal_filter:check:641 | S2 market phase | {'symbol': 'XPINUSDT', 'phase': 'drop_tradeable', 'note': 'drop_tradeable:bq=0.61'}
2026-07-11 12:52:10 | INFO | trading.strategy2_signal_filter:check:641 | S2 market phase | {'symbol': 'XPINUSDT', 'phase': 'drop_tradeable', 'note': 'drop_tradeable:bq=0.61'}
2026-07-11 12:52:15 | INFO | trading.strategy2_signal_filter:check:641 | S2 market phase | {'symbol': 'XPINUSDT', 'phase': 'drop_tradeable', 'note': 'drop_tradeable:bq=0.61'}
2026-07-11 12:52:21 | INFO | trading.strategy2_signal_filter:check:641 | S2 market phase | {'symbol': 'XPINUSDT', 'phase': 'drop_tradeable', 'note': 'drop_tradeable:bq=0.61'}
2026-07-11 12:52:26 | INFO | trading.strategy2_signal_filter:check:641 | S2 market phase | {'symbol': 'XPINUSDT', 'phase': 'drop_tradeable', 'note': 'drop_tradeable:bq=0.61'}
2026-07-11 12:52:26 | INFO | trading.strategy2_signal_filter:check:641 | S2 market phase | {'symbol': 'XPINUSDT', 'phase': 'drop_tradeable', 'note': 'drop_tradeable:bq=0.61'}
2026-07-11 12:52:56 | INFO | trading.strategy2_signal_filter:check:641 | S2 market phase | {'symbol': 'XPINUSDT', 'phase': 'drop_tradeable', 'note': 'drop_tradeable:bq=0.61'}
2026-07-11 12:52:56 | INFO | trading.strategy2_signal_filter:check:641 | S2 market phase | {'symbol': 'XPINUSDT', 'phase': 'drop_tradeable', 'note': 'drop_tradeable:bq=0.61'}
2026-07-11 12:53:01 | INFO | trading.strategy2_signal_filter:check:641 | S2 market phase | {'symbol': 'XPINUSDT', 'phase': 'drop_tradeable', 'note': 'drop_tradeable:bq=0.61'}
2026-07-11 12:53:06 | INFO | trading.strategy2_signal_filter:check:641 | S2 market phase | {'symbol': 'XPINUSDT', 'phase': 'drop_tradeable', 'note': 'drop_tradeable:bq=0.61'}
2026-07-11 12:53:06 | INFO | __main__:_proximity_arm_loop:1948 | proximity-arm activated | {'symbol': 'CLOUSDT', 'level': 0.25562, 'type': 'pump_base', 'strength': 5, 'dist_atr': 1.25}
2026-07-11 12:53:07 | INFO | __main__:_run_phase1:652 | Level monitoring started | {'symbol': 'CLOUSDT', 'level': 0.24772, 'strength': 5}
2026-07-11 12:53:52 | INFO | trading.strategy2_signal_filter:check:641 | S2 market phase | {'symbol': 'XPINUSDT', 'phase': 'drop_tradeable', 'note': 'drop_tradeable:bq=0.61'}
2026-07-11 12:53:52 | INFO | trading.strategy2_signal_filter:check:641 | S2 market phase | {'symbol': 'XPINUSDT', 'phase': 'drop_tradeable', 'note': 'drop_tradeable:bq=0.61'}
2026-07-11 12:53:57 | INFO | trading.strategy2_signal_filter:check:641 | S2 market phase | {'symbol': 'XPINUSDT', 'phase': 'drop_tradeable', 'note': 'drop_tradeable:bq=0.61'}
2026-07-11 12:56:37 | INFO | __main__:_proximity_arm_loop:1948 | proximity-arm activated | {'symbol': 'MMTUSDT', 'level': 0.1845, 'type': 'pump_base', 'strength': 5, 'dist_atr': 1.6}
2026-07-11 12:57:10 | INFO | analysis.monitor:start_monitor:126 | monitor: skip level with non-positive p_bounce (won't pass entry filter) | {'symbol': 'CLOUSDT', 'level': 0.25627700000000003, 'level_type': 'wick_level', 'p_bounce': 0.0, 'expected_depth': 0.0}
2026-07-11 12:57:10 | INFO | __main__:_start_resistance_after_bounce:1116 | Resistance monitor started | {'symbol': 'CLOUSDT', 'resistance': 0.25627700000000003, 'from_support': 0.25294}
2026-07-11 12:57:11 | INFO | __main__:_monitored:787 | Level outcome saved | {'symbol': 'CLOUSDT', 'level': 0.25627700000000003, 'result': 'отбой', 'outcome': None, 'duration': 0.0}
2026-07-11 12:57:51 | INFO | __main__:_proximity_loop:1381 | Weak level touch resolved | {'symbol': 'CLOUSDT', 'level': 0.25281, 'event': 'bounce', 'fill_depth': 0.04351093706736244}
2026-07-11 12:58:42 | INFO | trading.strategy2_signal_filter:check:493 | S2 skip: approach>=block (G3, level exhausted) | {'symbol': 'CLOUSDT', 'level': 0.24772, 'approach_count': 9, 'block_threshold': 4}
2026-07-11 12:58:42 | INFO | trading.strategy2_signal_filter:check:505 | S2: level marked dead, monitor will stop sending proximity | {'symbol': 'CLOUSDT', 'level': 0.24772, 'approach_count': 9}
2026-07-11 12:58:42 | INFO | __main__:_proximity_loop:1258 | Proximity alert sent | {'symbol': 'CLOUSDT', 'level': 0.24772, 'distance_pct': 1.9124925757275792}
2026-07-11 12:58:42 | INFO | trading.strategy2_signal_filter:check:493 | S2 skip: approach>=block (G3, level exhausted) | {'symbol': 'CLOUSDT', 'level': 0.24772, 'approach_count': 9, 'block_threshold': 4}
2026-07-11 12:59:07 | INFO | trading.strategy2_signal_filter:check:641 | S2 market phase | {'symbol': 'XPINUSDT', 'phase': 'drop_tradeable', 'note': 'drop_tradeable:bq=0.61'}
2026-07-11 12:59:17 | INFO | trading.strategy2_signal_filter:check:641 | S2 market phase | {'symbol': 'XPINUSDT', 'phase': 'drop_tradeable', 'note': 'drop_tradeable:bq=0.61'}
2026-07-11 12:59:23 | INFO | trading.strategy2_signal_filter:check:641 | S2 market phase | {'symbol': 'XPINUSDT', 'phase': 'drop_tradeable', 'note': 'drop_tradeable:bq=0.61'}
2026-07-11 12:59:23 | INFO | trading.strategy2_signal_filter:check:641 | S2 market phase | {'symbol': 'XPINUSDT', 'phase': 'drop_tradeable', 'note': 'drop_tradeable:bq=0.61'}
2026-07-11 12:59:28 | INFO | trading.strategy2_signal_filter:check:641 | S2 market phase | {'symbol': 'XPINUSDT', 'phase': 'drop_tradeable', 'note': 'drop_tradeable:bq=0.61'}
2026-07-11 12:59:48 | INFO | trading.strategy2_signal_filter:check:641 | S2 market phase | {'symbol': 'XPINUSDT', 'phase': 'drop_tradeable', 'note': 'drop_tradeable:bq=0.61'}
2026-07-11 12:59:48 | INFO | trading.strategy2_signal_filter:check:641 | S2 market phase | {'symbol': 'XPINUSDT', 'phase': 'drop_tradeable', 'note': 'drop_tradeable:bq=0.61'}
2026-07-11 12:59:53 | INFO | trading.strategy2_signal_filter:check:641 | S2 market phase | {'symbol': 'XPINUSDT', 'phase': 'drop_tradeable', 'note': 'drop_tradeable:bq=0.61'}
2026-07-11 13:00:39 | INFO | trading.strategy2_signal_filter:check:641 | S2 market phase | {'symbol': 'XPINUSDT', 'phase': 'bleed', 'note': 'bleed:bq=0.49,dir_eff=0.15'}
2026-07-11 13:00:39 | INFO | trading.strategy2_signal_filter:check:641 | S2 market phase | {'symbol': 'XPINUSDT', 'phase': 'bleed', 'note': 'bleed:bq=0.49,dir_eff=0.15'}
2026-07-11 13:00:44 | INFO | trading.strategy2_signal_filter:check:641 | S2 market phase | {'symbol': 'XPINUSDT', 'phase': 'bleed', 'note': 'bleed:bq=0.49,dir_eff=0.15'}
2026-07-11 13:00:49 | INFO | trading.strategy2_signal_filter:check:641 | S2 market phase | {'symbol': 'XPINUSDT', 'phase': 'bleed', 'note': 'bleed:bq=0.49,dir_eff=0.15'}
2026-07-11 13:00:54 | INFO | trading.strategy2_signal_filter:check:641 | S2 market phase | {'symbol': 'XPINUSDT', 'phase': 'bleed', 'note': 'bleed:bq=0.49,dir_eff=0.15'}
2026-07-11 13:01:04 | INFO | trading.strategy2_signal_filter:check:641 | S2 market phase | {'symbol': 'XPINUSDT', 'phase': 'bleed', 'note': 'bleed:bq=0.49,dir_eff=0.15'}
2026-07-11 13:01:07 | INFO | __main__:_proximity_arm_loop:1948 | proximity-arm activated | {'symbol': 'SKLUSDT', 'level': 0.004671, 'type': 'pump_base', 'strength': 5, 'dist_atr': 3.61}
2026-07-11 13:01:07 | INFO | __main__:_run_phase1:414 | Pump degraded, skipping monitoring | {'symbol': 'SKLUSDT', 'health': 25, 'broken': 0, 'correction': '91%'}
2026-07-11 13:01:09 | INFO | trading.strategy2_signal_filter:check:641 | S2 market phase | {'symbol': 'XPINUSDT', 'phase': 'bleed', 'note': 'bleed:bq=0.49,dir_eff=0.15'}
2026-07-11 13:01:09 | INFO | trading.strategy2_signal_filter:check:641 | S2 market phase | {'symbol': 'XPINUSDT', 'phase': 'bleed', 'note': 'bleed:bq=0.49,dir_eff=0.15'}
2026-07-11 13:01:14 | INFO | trading.strategy2_signal_filter:check:641 | S2 market phase | {'symbol': 'XPINUSDT', 'phase': 'bleed', 'note': 'bleed:bq=0.49,dir_eff=0.15'}
2026-07-11 13:01:40 | INFO | __main__:_proximity_loop:1381 | Weak level touch resolved | {'symbol': 'CLOUSDT', 'level': 0.25281, 'event': 'bounce', 'fill_depth': 0.24128792373719374}
2026-07-11 13:05:16 | INFO | config:remove:75 | Token removed | {'symbol': 'TACUSDT'}
2026-07-11 13:05:16 | INFO | __main__:_monitor_health_loop:1767 | Symbol removed by monitor health check | {'symbol': 'TACUSDT', 'natr_5m': 0.59, 'trades_1m': 140}
2026-07-11 13:06:04 | INFO | trading.strategy2_signal_filter:check:641 | S2 market phase | {'symbol': 'XPINUSDT', 'phase': 'drop_tradeable', 'note': 'drop_tradeable:bq=0.61'}
2026-07-11 13:06:04 | INFO | trading.strategy2_signal_filter:check:641 | S2 market phase | {'symbol': 'XPINUSDT', 'phase': 'drop_tradeable', 'note': 'drop_tradeable:bq=0.61'}
2026-07-11 13:06:09 | INFO | trading.strategy2_signal_filter:check:641 | S2 market phase | {'symbol': 'XPINUSDT', 'phase': 'drop_tradeable', 'note': 'drop_tradeable:bq=0.61'}
2026-07-11 13:06:40 | INFO | trading.strategy2_signal_filter:check:641 | S2 market phase | {'symbol': 'XPINUSDT', 'phase': 'drop_tradeable', 'note': 'drop_tradeable:bq=0.61'}
2026-07-11 13:07:05 | INFO | trading.strategy2_signal_filter:check:641 | S2 market phase | {'symbol': 'XPINUSDT', 'phase': 'drop_tradeable', 'note': 'drop_tradeable:bq=0.61'}
2026-07-11 13:07:05 | INFO | trading.strategy2_signal_filter:check:641 | S2 market phase | {'symbol': 'XPINUSDT', 'phase': 'drop_tradeable', 'note': 'drop_tradeable:bq=0.61'}
2026-07-11 13:07:10 | INFO | trading.strategy2_signal_filter:check:641 | S2 market phase | {'symbol': 'XPINUSDT', 'phase': 'drop_tradeable', 'note': 'drop_tradeable:bq=0.61'}
2026-07-11 13:07:16 | INFO | trading.strategy2_signal_filter:check:641 | S2 market phase | {'symbol': 'XPINUSDT', 'phase': 'drop_tradeable', 'note': 'drop_tradeable:bq=0.61'}
2026-07-11 13:07:21 | INFO | trading.strategy2_signal_filter:check:641 | S2 market phase | {'symbol': 'XPINUSDT', 'phase': 'drop_tradeable', 'note': 'drop_tradeable:bq=0.61'}
2026-07-11 13:07:21 | INFO | trading.strategy2_signal_filter:check:641 | S2 market phase | {'symbol': 'XPINUSDT', 'phase': 'drop_tradeable', 'note': 'drop_tradeable:bq=0.61'}
2026-07-11 13:07:26 | INFO | trading.strategy2_signal_filter:check:641 | S2 market phase | {'symbol': 'XPINUSDT', 'phase': 'drop_tradeable', 'note': 'drop_tradeable:bq=0.61'}
2026-07-11 13:07:31 | INFO | trading.strategy2_signal_filter:check:641 | S2 market phase | {'symbol': 'XPINUSDT', 'phase': 'drop_tradeable', 'note': 'drop_tradeable:bq=0.61'}
2026-07-11 13:07:36 | INFO | trading.strategy2_signal_filter:check:641 | S2 market phase | {'symbol': 'XPINUSDT', 'phase': 'drop_tradeable', 'note': 'drop_tradeable:bq=0.61'}
2026-07-11 13:07:36 | INFO | trading.strategy2_signal_filter:check:641 | S2 market phase | {'symbol': 'XPINUSDT', 'phase': 'drop_tradeable', 'note': 'drop_tradeable:bq=0.61'}
2026-07-11 13:07:41 | INFO | trading.strategy2_signal_filter:check:641 | S2 market phase | {'symbol': 'XPINUSDT', 'phase': 'drop_tradeable', 'note': 'drop_tradeable:bq=0.61'}
2026-07-11 13:07:46 | INFO | trading.strategy2_signal_filter:check:641 | S2 market phase | {'symbol': 'XPINUSDT', 'phase': 'drop_tradeable', 'note': 'drop_tradeable:bq=0.61'}
2026-07-11 13:07:51 | INFO | trading.strategy2_signal_filter:check:641 | S2 market phase | {'symbol': 'XPINUSDT', 'phase': 'drop_tradeable', 'note': 'drop_tradeable:bq=0.61'}
2026-07-11 13:07:51 | INFO | trading.strategy2_signal_filter:check:641 | S2 market phase | {'symbol': 'XPINUSDT', 'phase': 'drop_tradeable', 'note': 'drop_tradeable:bq=0.61'}
2026-07-11 13:08:57 | INFO | trading.strategy2_signal_filter:check:641 | S2 market phase | {'symbol': 'XPINUSDT', 'phase': 'drop_tradeable', 'note': 'drop_tradeable:bq=0.61'}
2026-07-11 13:09:07 | INFO | trading.strategy2_signal_filter:check:641 | S2 market phase | {'symbol': 'XPINUSDT', 'phase': 'drop_tradeable', 'note': 'drop_tradeable:bq=0.61'}
2026-07-11 13:09:12 | INFO | trading.strategy2_signal_filter:check:641 | S2 market phase | {'symbol': 'XPINUSDT', 'phase': 'drop_tradeable', 'note': 'drop_tradeable:bq=0.61'}
2026-07-11 13:09:12 | INFO | trading.strategy2_signal_filter:check:641 | S2 market phase | {'symbol': 'XPINUSDT', 'phase': 'drop_tradeable', 'note': 'drop_tradeable:bq=0.61'}
2026-07-11 13:09:18 | INFO | trading.strategy2_signal_filter:check:641 | S2 market phase | {'symbol': 'XPINUSDT', 'phase': 'drop_tradeable', 'note': 'drop_tradeable:bq=0.61'}
2026-07-11 13:09:28 | INFO | trading.strategy2_signal_filter:check:641 | S2 market phase | {'symbol': 'XPINUSDT', 'phase': 'drop_tradeable', 'note': 'drop_tradeable:bq=0.61'}
2026-07-11 13:09:33 | INFO | trading.strategy2_signal_filter:check:641 | S2 market phase | {'symbol': 'XPINUSDT', 'phase': 'drop_tradeable', 'note': 'drop_tradeable:bq=0.61'}
2026-07-11 13:09:38 | INFO | trading.strategy2_signal_filter:check:641 | S2 market phase | {'symbol': 'XPINUSDT', 'phase': 'drop_tradeable', 'note': 'drop_tradeable:bq=0.61'}
2026-07-11 13:09:43 | INFO | trading.strategy2_signal_filter:check:641 | S2 market phase | {'symbol': 'XPINUSDT', 'phase': 'drop_tradeable', 'note': 'drop_tradeable:bq=0.61'}
2026-07-11 13:09:43 | INFO | trading.strategy2_signal_filter:check:641 | S2 market phase | {'symbol': 'XPINUSDT', 'phase': 'drop_tradeable', 'note': 'drop_tradeable:bq=0.61'}
2026-07-11 13:09:48 | INFO | trading.strategy2_signal_filter:check:641 | S2 market phase | {'symbol': 'XPINUSDT', 'phase': 'drop_tradeable', 'note': 'drop_tradeable:bq=0.61'}
2026-07-11 13:09:53 | INFO | trading.strategy2_signal_filter:check:641 | S2 market phase | {'symbol': 'XPINUSDT', 'phase': 'drop_tradeable', 'note': 'drop_tradeable:bq=0.61'}
2026-07-11 13:09:58 | INFO | trading.strategy2_signal_filter:check:641 | S2 market phase | {'symbol': 'XPINUSDT', 'phase': 'drop_tradeable', 'note': 'drop_tradeable:bq=0.61'}
2026-07-11 13:09:58 | INFO | trading.strategy2_signal_filter:check:641 | S2 market phase | {'symbol': 'XPINUSDT', 'phase': 'drop_tradeable', 'note': 'drop_tradeable:bq=0.61'}
2026-07-11 13:10:03 | INFO | trading.strategy2_signal_filter:check:641 | S2 market phase | {'symbol': 'XPINUSDT', 'phase': 'drop_tradeable', 'note': 'drop_tradeable:bq=0.61'}
2026-07-11 13:10:08 | INFO | trading.strategy2_signal_filter:check:641 | S2 market phase | {'symbol': 'XPINUSDT', 'phase': 'drop_tradeable', 'note': 'drop_tradeable:bq=0.61'}
2026-07-11 13:10:13 | INFO | trading.strategy2_signal_filter:check:641 | S2 market phase | {'symbol': 'XPINUSDT', 'phase': 'drop_tradeable', 'note': 'drop_tradeable:bq=0.61'}
2026-07-11 13:10:13 | INFO | trading.strategy2_signal_filter:check:641 | S2 market phase | {'symbol': 'XPINUSDT', 'phase': 'drop_tradeable', 'note': 'drop_tradeable:bq=0.61'}
2026-07-11 13:10:19 | INFO | trading.strategy2_signal_filter:check:641 | S2 market phase | {'symbol': 'XPINUSDT', 'phase': 'drop_tradeable', 'note': 'drop_tradeable:bq=0.61'}
2026-07-11 13:10:34 | INFO | trading.strategy2_signal_filter:check:641 | S2 market phase | {'symbol': 'XPINUSDT', 'phase': 'drop_tradeable', 'note': 'drop_tradeable:bq=0.61'}
2026-07-11 13:10:34 | INFO | trading.strategy2_signal_filter:check:641 | S2 market phase | {'symbol': 'XPINUSDT', 'phase': 'drop_tradeable', 'note': 'drop_tradeable:bq=0.61'}
2026-07-11 13:10:39 | INFO | trading.strategy2_signal_filter:check:641 | S2 market phase | {'symbol': 'XPINUSDT', 'phase': 'drop_tradeable', 'note': 'drop_tradeable:bq=0.61'}
2026-07-11 13:10:49 | INFO | trading.strategy2_signal_filter:check:641 | S2 market phase | {'symbol': 'XPINUSDT', 'phase': 'drop_tradeable', 'note': 'drop_tradeable:bq=0.61'}
2026-07-11 13:10:59 | INFO | trading.strategy2_signal_filter:check:641 | S2 market phase | {'symbol': 'XPINUSDT', 'phase': 'drop_tradeable', 'note': 'drop_tradeable:bq=0.61'}
2026-07-11 13:11:04 | INFO | trading.strategy2_signal_filter:check:641 | S2 market phase | {'symbol': 'XPINUSDT', 'phase': 'drop_tradeable', 'note': 'drop_tradeable:bq=0.61'}
2026-07-11 13:11:04 | INFO | trading.strategy2_signal_filter:check:641 | S2 market phase | {'symbol': 'XPINUSDT', 'phase': 'drop_tradeable', 'note': 'drop_tradeable:bq=0.61'}
2026-07-11 13:11:09 | INFO | trading.strategy2_signal_filter:check:641 | S2 market phase | {'symbol': 'XPINUSDT', 'phase': 'drop_tradeable', 'note': 'drop_tradeable:bq=0.61'}
2026-07-11 13:11:14 | INFO | trading.strategy2_signal_filter:check:641 | S2 market phase | {'symbol': 'XPINUSDT', 'phase': 'drop_tradeable', 'note': 'drop_tradeable:bq=0.61'}
2026-07-11 13:11:20 | INFO | trading.strategy2_signal_filter:check:641 | S2 market phase | {'symbol': 'XPINUSDT', 'phase': 'drop_tradeable', 'note': 'drop_tradeable:bq=0.61'}
2026-07-11 13:11:20 | INFO | trading.strategy2_signal_filter:check:641 | S2 market phase | {'symbol': 'XPINUSDT', 'phase': 'drop_tradeable', 'note': 'drop_tradeable:bq=0.61'}
2026-07-11 13:11:25 | INFO | trading.strategy2_signal_filter:check:641 | S2 market phase | {'symbol': 'XPINUSDT', 'phase': 'drop_tradeable', 'note': 'drop_tradeable:bq=0.61'}
2026-07-11 13:11:30 | INFO | trading.strategy2_signal_filter:check:641 | S2 market phase | {'symbol': 'XPINUSDT', 'phase': 'drop_tradeable', 'note': 'drop_tradeable:bq=0.61'}
2026-07-11 13:11:35 | INFO | trading.strategy2_signal_filter:check:641 | S2 market phase | {'symbol': 'XPINUSDT', 'phase': 'drop_tradeable', 'note': 'drop_tradeable:bq=0.61'}
2026-07-11 13:11:35 | INFO | trading.strategy2_signal_filter:check:641 | S2 market phase | {'symbol': 'XPINUSDT', 'phase': 'drop_tradeable', 'note': 'drop_tradeable:bq=0.61'}
2026-07-11 13:11:40 | INFO | trading.strategy2_signal_filter:check:641 | S2 market phase | {'symbol': 'XPINUSDT', 'phase': 'drop_tradeable', 'note': 'drop_tradeable:bq=0.61'}
2026-07-11 13:11:45 | INFO | trading.strategy2_signal_filter:check:641 | S2 market phase | {'symbol': 'XPINUSDT', 'phase': 'drop_tradeable', 'note': 'drop_tradeable:bq=0.61'}
2026-07-11 13:11:50 | INFO | trading.strategy2_signal_filter:check:641 | S2 market phase | {'symbol': 'XPINUSDT', 'phase': 'drop_tradeable', 'note': 'drop_tradeable:bq=0.61'}
2026-07-11 13:11:50 | INFO | trading.strategy2_signal_filter:check:641 | S2 market phase | {'symbol': 'XPINUSDT', 'phase': 'drop_tradeable', 'note': 'drop_tradeable:bq=0.61'}
2026-07-11 13:11:55 | INFO | trading.strategy2_signal_filter:check:641 | S2 market phase | {'symbol': 'XPINUSDT', 'phase': 'drop_tradeable', 'note': 'drop_tradeable:bq=0.61'}
2026-07-11 13:12:00 | INFO | trading.strategy2_signal_filter:check:641 | S2 market phase | {'symbol': 'XPINUSDT', 'phase': 'drop_tradeable', 'note': 'drop_tradeable:bq=0.61'}
2026-07-11 13:12:05 | INFO | trading.strategy2_signal_filter:check:641 | S2 market phase | {'symbol': 'XPINUSDT', 'phase': 'drop_tradeable', 'note': 'drop_tradeable:bq=0.61'}
2026-07-11 13:12:05 | INFO | trading.strategy2_signal_filter:check:641 | S2 market phase | {'symbol': 'XPINUSDT', 'phase': 'drop_tradeable', 'note': 'drop_tradeable:bq=0.61'}
2026-07-11 13:12:10 | INFO | trading.strategy2_signal_filter:check:641 | S2 market phase | {'symbol': 'XPINUSDT', 'phase': 'drop_tradeable', 'note': 'drop_tradeable:bq=0.61'}
2026-07-11 13:12:16 | INFO | trading.strategy2_signal_filter:check:641 | S2 market phase | {'symbol': 'XPINUSDT', 'phase': 'drop_tradeable', 'note': 'drop_tradeable:bq=0.61'}
2026-07-11 13:12:21 | INFO | trading.strategy2_signal_filter:check:641 | S2 market phase | {'symbol': 'XPINUSDT', 'phase': 'drop_tradeable', 'note': 'drop_tradeable:bq=0.61'}
2026-07-11 13:12:21 | INFO | trading.strategy2_signal_filter:check:641 | S2 market phase | {'symbol': 'XPINUSDT', 'phase': 'drop_tradeable', 'note': 'drop_tradeable:bq=0.61'}
2026-07-11 13:12:26 | INFO | trading.strategy2_signal_filter:check:641 | S2 market phase | {'symbol': 'XPINUSDT', 'phase': 'drop_tradeable', 'note': 'drop_tradeable:bq=0.61'}
2026-07-11 13:12:31 | INFO | trading.strategy2_signal_filter:check:641 | S2 market phase | {'symbol': 'XPINUSDT', 'phase': 'drop_tradeable', 'note': 'drop_tradeable:bq=0.61'}
2026-07-11 13:12:36 | INFO | trading.strategy2_signal_filter:check:641 | S2 market phase | {'symbol': 'XPINUSDT', 'phase': 'drop_tradeable', 'note': 'drop_tradeable:bq=0.61'}
2026-07-11 13:12:36 | INFO | trading.strategy2_signal_filter:check:641 | S2 market phase | {'symbol': 'XPINUSDT', 'phase': 'drop_tradeable', 'note': 'drop_tradeable:bq=0.61'}
2026-07-11 13:12:41 | INFO | trading.strategy2_signal_filter:check:641 | S2 market phase | {'symbol': 'XPINUSDT', 'phase': 'drop_tradeable', 'note': 'drop_tradeable:bq=0.61'}
2026-07-11 13:12:46 | INFO | trading.strategy2_signal_filter:check:641 | S2 market phase | {'symbol': 'XPINUSDT', 'phase': 'drop_tradeable', 'note': 'drop_tradeable:bq=0.61'}
2026-07-11 13:12:51 | INFO | trading.strategy2_signal_filter:check:641 | S2 market phase | {'symbol': 'XPINUSDT', 'phase': 'drop_tradeable', 'note': 'drop_tradeable:bq=0.61'}
2026-07-11 13:12:51 | INFO | trading.strategy2_signal_filter:check:641 | S2 market phase | {'symbol': 'XPINUSDT', 'phase': 'drop_tradeable', 'note': 'drop_tradeable:bq=0.61'}
2026-07-11 13:12:56 | INFO | trading.strategy2_signal_filter:check:641 | S2 market phase | {'symbol': 'XPINUSDT', 'phase': 'drop_tradeable', 'note': 'drop_tradeable:bq=0.61'}
2026-07-11 13:13:01 | INFO | trading.strategy2_signal_filter:check:641 | S2 market phase | {'symbol': 'XPINUSDT', 'phase': 'drop_tradeable', 'note': 'drop_tradeable:bq=0.61'}
2026-07-11 13:13:06 | INFO | trading.strategy2_signal_filter:check:641 | S2 market phase | {'symbol': 'XPINUSDT', 'phase': 'drop_tradeable', 'note': 'drop_tradeable:bq=0.61'}
2026-07-11 13:13:06 | INFO | trading.strategy2_signal_filter:check:641 | S2 market phase | {'symbol': 'XPINUSDT', 'phase': 'drop_tradeable', 'note': 'drop_tradeable:bq=0.61'}
2026-07-11 13:13:11 | INFO | trading.strategy2_signal_filter:check:641 | S2 market phase | {'symbol': 'XPINUSDT', 'phase': 'drop_tradeable', 'note': 'drop_tradeable:bq=0.61'}
2026-07-11 13:13:17 | INFO | trading.strategy2_signal_filter:check:641 | S2 market phase | {'symbol': 'XPINUSDT', 'phase': 'drop_tradeable', 'note': 'drop_tradeable:bq=0.61'}
2026-07-11 13:13:22 | INFO | trading.strategy2_signal_filter:check:641 | S2 market phase | {'symbol': 'XPINUSDT', 'phase': 'drop_tradeable', 'note': 'drop_tradeable:bq=0.61'}
2026-07-11 13:13:22 | INFO | trading.strategy2_signal_filter:check:641 | S2 market phase | {'symbol': 'XPINUSDT', 'phase': 'drop_tradeable', 'note': 'drop_tradeable:bq=0.61'}
2026-07-11 13:13:27 | INFO | trading.strategy2_signal_filter:check:641 | S2 market phase | {'symbol': 'XPINUSDT', 'phase': 'drop_tradeable', 'note': 'drop_tradeable:bq=0.61'}
2026-07-11 13:13:32 | INFO | trading.strategy2_signal_filter:check:641 | S2 market phase | {'symbol': 'XPINUSDT', 'phase': 'drop_tradeable', 'note': 'drop_tradeable:bq=0.61'}
2026-07-11 13:13:37 | INFO | trading.strategy2_signal_filter:check:641 | S2 market phase | {'symbol': 'XPINUSDT', 'phase': 'drop_tradeable', 'note': 'drop_tradeable:bq=0.61'}
2026-07-11 13:13:37 | INFO | trading.strategy2_signal_filter:check:641 | S2 market phase | {'symbol': 'XPINUSDT', 'phase': 'drop_tradeable', 'note': 'drop_tradeable:bq=0.61'}
2026-07-11 13:13:42 | INFO | trading.strategy2_signal_filter:check:641 | S2 market phase | {'symbol': 'XPINUSDT', 'phase': 'drop_tradeable', 'note': 'drop_tradeable:bq=0.61'}
2026-07-11 13:13:47 | INFO | trading.strategy2_signal_filter:check:641 | S2 market phase | {'symbol': 'XPINUSDT', 'phase': 'drop_tradeable', 'note': 'drop_tradeable:bq=0.61'}
2026-07-11 13:13:52 | INFO | trading.strategy2_signal_filter:check:641 | S2 market phase | {'symbol': 'XPINUSDT', 'phase': 'drop_tradeable', 'note': 'drop_tradeable:bq=0.61'}
2026-07-11 13:13:52 | INFO | trading.strategy2_signal_filter:check:641 | S2 market phase | {'symbol': 'XPINUSDT', 'phase': 'drop_tradeable', 'note': 'drop_tradeable:bq=0.61'}
2026-07-11 13:13:57 | INFO | trading.strategy2_signal_filter:check:641 | S2 market phase | {'symbol': 'XPINUSDT', 'phase': 'drop_tradeable', 'note': 'drop_tradeable:bq=0.61'}
2026-07-11 13:14:02 | INFO | trading.strategy2_signal_filter:check:641 | S2 market phase | {'symbol': 'XPINUSDT', 'phase': 'drop_tradeable', 'note': 'drop_tradeable:bq=0.61'}
2026-07-11 13:14:07 | INFO | trading.strategy2_signal_filter:check:641 | S2 market phase | {'symbol': 'XPINUSDT', 'phase': 'drop_tradeable', 'note': 'drop_tradeable:bq=0.61'}
2026-07-11 13:14:07 | INFO | trading.strategy2_signal_filter:check:641 | S2 market phase | {'symbol': 'XPINUSDT', 'phase': 'drop_tradeable', 'note': 'drop_tradeable:bq=0.61'}
2026-07-11 13:16:55 | INFO | __main__:_trigger_loop:357 | Trigger activated | {'symbol': 'EVAAUSDT'}
2026-07-11 13:16:55 | INFO | __main__:_run_phase1:414 | Pump degraded, skipping monitoring | {'symbol': 'EVAAUSDT', 'health': 40, 'broken': 0, 'correction': '142%'}
2026-07-11 13:19:07 | INFO | __main__:_proximity_arm_loop:1948 | proximity-arm activated | {'symbol': 'EVAAUSDT', 'level': 1.5978, 'type': 'pump_base', 'strength': 5, 'dist_atr': 2.28}
2026-07-11 13:19:07 | INFO | __main__:_run_phase1:414 | Pump degraded, skipping monitoring | {'symbol': 'EVAAUSDT', 'health': 40, 'broken': 0, 'correction': '138%'}
2026-07-11 13:24:17 | INFO | __main__:_trigger_loop:357 | Trigger activated | {'symbol': 'MMTUSDT'}
2026-07-11 13:24:18 | INFO | __main__:_run_phase1:601 | Level broken in recent candles, skipping monitor | {'symbol': 'MMTUSDT', 'level': 0.19165, 'close_below': 18}
2026-07-11 13:26:38 | INFO | __main__:_proximity_arm_loop:1948 | proximity-arm activated | {'symbol': 'MMTUSDT', 'level': 0.19165, 'type': 'pump_base', 'strength': 5, 'dist_atr': 2.49}
2026-07-11 13:28:01 | INFO | trading.strategy2_signal_filter:check:641 | S2 market phase | {'symbol': 'XPINUSDT', 'phase': 'drop_tradeable', 'note': 'drop_tradeable:bq=0.82'}
2026-07-11 13:28:01 | INFO | trading.strategy2_signal_filter:check:641 | S2 market phase | {'symbol': 'XPINUSDT', 'phase': 'drop_tradeable', 'note': 'drop_tradeable:bq=0.82'}
2026-07-11 13:28:06 | INFO | trading.strategy2_signal_filter:check:641 | S2 market phase | {'symbol': 'XPINUSDT', 'phase': 'drop_tradeable', 'note': 'drop_tradeable:bq=0.82'}
2026-07-11 13:28:11 | INFO | trading.strategy2_signal_filter:check:641 | S2 market phase | {'symbol': 'XPINUSDT', 'phase': 'drop_tradeable', 'note': 'drop_tradeable:bq=0.82'}
2026-07-11 13:28:16 | INFO | trading.strategy2_signal_filter:check:641 | S2 market phase | {'symbol': 'XPINUSDT', 'phase': 'drop_tradeable', 'note': 'drop_tradeable:bq=0.82'}
2026-07-11 13:28:16 | INFO | trading.strategy2_signal_filter:check:641 | S2 market phase | {'symbol': 'XPINUSDT', 'phase': 'drop_tradeable', 'note': 'drop_tradeable:bq=0.82'}
2026-07-11 13:28:21 | INFO | trading.strategy2_signal_filter:check:641 | S2 market phase | {'symbol': 'XPINUSDT', 'phase': 'drop_tradeable', 'note': 'drop_tradeable:bq=0.82'}
2026-07-11 13:28:27 | INFO | trading.strategy2_signal_filter:check:641 | S2 market phase | {'symbol': 'XPINUSDT', 'phase': 'drop_tradeable', 'note': 'drop_tradeable:bq=0.82'}
2026-07-11 13:28:32 | INFO | trading.strategy2_signal_filter:check:641 | S2 market phase | {'symbol': 'XPINUSDT', 'phase': 'drop_tradeable', 'note': 'drop_tradeable:bq=0.82'}
2026-07-11 13:28:32 | INFO | trading.strategy2_signal_filter:check:641 | S2 market phase | {'symbol': 'XPINUSDT', 'phase': 'drop_tradeable', 'note': 'drop_tradeable:bq=0.82'}
2026-07-11 13:28:47 | INFO | trading.strategy2_signal_filter:check:641 | S2 market phase | {'symbol': 'XPINUSDT', 'phase': 'drop_tradeable', 'note': 'drop_tradeable:bq=0.82'}
2026-07-11 13:29:12 | INFO | trading.strategy2_signal_filter:check:641 | S2 market phase | {'symbol': 'XPINUSDT', 'phase': 'drop_tradeable', 'note': 'drop_tradeable:bq=0.82'}
2026-07-11 13:29:17 | INFO | trading.strategy2_signal_filter:check:641 | S2 market phase | {'symbol': 'XPINUSDT', 'phase': 'drop_tradeable', 'note': 'drop_tradeable:bq=0.82'}
2026-07-11 13:29:22 | INFO | trading.strategy2_signal_filter:check:641 | S2 market phase | {'symbol': 'XPINUSDT', 'phase': 'drop_tradeable', 'note': 'drop_tradeable:bq=0.82'}
2026-07-11 13:29:28 | INFO | trading.strategy2_signal_filter:check:641 | S2 market phase | {'symbol': 'XPINUSDT', 'phase': 'drop_tradeable', 'note': 'drop_tradeable:bq=0.82'}
2026-07-11 13:29:33 | INFO | trading.strategy2_signal_filter:check:641 | S2 market phase | {'symbol': 'XPINUSDT', 'phase': 'drop_tradeable', 'note': 'drop_tradeable:bq=0.82'}
2026-07-11 13:33:16 | INFO | __main__:_trigger_loop:357 | Trigger activated | {'symbol': 'USUSDT'}
2026-07-11 13:33:16 | INFO | __main__:_run_phase1:414 | Pump degraded, skipping monitoring | {'symbol': 'USUSDT', 'health': 20, 'broken': 0, 'correction': '110%'}
2026-07-11 13:35:20 | INFO | config:add:68 | Token added | {'symbol': 'TUSDT'}
2026-07-11 13:35:20 | INFO | __main__:_auto_screener_loop:192 | Auto-added new symbol from screener | {'symbol': 'TUSDT'}
2026-07-11 13:35:21 | INFO | analysis.claude_strength:calculate_strength_with_claude:174 | Claude input levels | {'symbol': 'TUSDT', 'levels': [{'price': 0.00374437, 'candle_count': 22, 'hourly_open_bonus': 0, 'round_number_bonus': 0, 'poc_aligned': False, 'position': 'origin', 'volume_at_level': 30477729.0, 'type': 'body_level'}, {'price': 0.00385079, 'candle_count': 19, 'hourly_open_bonus': 0, 'round_number_bonus': 0, 'poc_aligned': False, 'position': 'impulse', 'volume_at_level': 47196553.0, 'type': 'body_level'}, {'price': 0.00388062, 'candle_count': 7, 'hourly_open_bonus': 0, 'round_number_bonus': 1, 'poc_aligned': False, 'position': 'impulse', 'volume_at_level': 34602783.0, 'type': 'body_level'}, {'price': 0.00393141, 'candle_count': 33, 'hourly_open_bonus': 0, 'round_number_bonus': 1, 'poc_aligned': False, 'position': 'impulse', 'volume_at_level': 38373970.0, 'type': 'body_level'}, {'price': 0.0040228, 'candle_count': 18, 'hourly_open_bonus': 0, 'round_number_bonus': 1, 'poc_aligned': False, 'position': 'impulse', 'volume_at_level': 59294367.0, 'type': 'body_level'}]}
2026-07-11 13:35:23 | INFO | __main__:_trigger_loop:357 | Trigger activated | {'symbol': 'TUSDT'}
2026-07-11 13:35:24 | INFO | __main__:_run_phase1:652 | Level monitoring started | {'symbol': 'TUSDT', 'level': 0.0040228, 'strength': 5}
2026-07-11 13:35:24 | INFO | analysis.claude_strength:calculate_strength_with_claude:298 | Claude strength assigned | {'symbol': 'TUSDT', 'level': 0.00374437, 'strength': 3, 'p_bounce_claude': 86, 'reason': 'Origin позиция, но минимальный объём (0.1x), малотестовая'}
2026-07-11 13:35:24 | INFO | analysis.claude_strength:calculate_strength_with_claude:298 | Claude strength assigned | {'symbol': 'TUSDT', 'level': 0.00385079, 'strength': 3, 'p_bounce_claude': 89, 'reason': 'Многотестовая зона (19 свечей), но низкий объём'}
2026-07-11 13:35:24 | INFO | analysis.claude_strength:calculate_strength_with_claude:298 | Claude strength assigned | {'symbol': 'TUSDT', 'level': 0.00388062, 'strength': 3, 'p_bounce_claude': 87, 'reason': 'Round number, но мало тестов (7 свечей), объём 0.2x'}
2026-07-11 13:35:24 | INFO | analysis.claude_strength:calculate_strength_with_claude:298 | Claude strength assigned | {'symbol': 'TUSDT', 'level': 0.00393141, 'strength': 4, 'p_bounce_claude': 91, 'reason': 'Наиболее протестирована (33 свечи), round number, импульс'}
2026-07-11 13:35:24 | INFO | analysis.claude_strength:calculate_strength_with_claude:298 | Claude strength assigned | {'symbol': 'TUSDT', 'level': 0.0040228, 'strength': 4, 'p_bounce_claude': 92, 'reason': 'Body-level импульс, максимальный объём (0.3x), близко к круглому'}
2026-07-11 13:35:24 | INFO | __main__:_auto_screener_loop:306 | Auto screener completed | {'total': 2, 'new': 1}
2026-07-11 13:45:28 | INFO | __main__:_auto_screener_loop:306 | Auto screener completed | {'total': 2, 'new': 0}
2026-07-11 13:46:39 | INFO | __main__:_proximity_arm_loop:1948 | proximity-arm activated | {'symbol': 'SKLUSDT', 'level': 0.004671, 'type': 'pump_base', 'strength': 5, 'dist_atr': 3.1}
2026-07-11 13:46:39 | INFO | __main__:_run_phase1:414 | Pump degraded, skipping monitoring | {'symbol': 'SKLUSDT', 'health': 40, 'broken': 0, 'correction': '94%'}
2026-07-11 13:47:16 | INFO | __main__:_trigger_loop:357 | Trigger activated | {'symbol': 'BUSDT'}
2026-07-11 13:47:16 | INFO | __main__:_run_phase1:414 | Pump degraded, skipping monitoring | {'symbol': 'BUSDT', 'health': 40, 'broken': 0, 'correction': '185%'}
2026-07-11 13:49:09 | INFO | __main__:_proximity_arm_loop:1948 | proximity-arm activated | {'symbol': 'EVAAUSDT', 'level': 1.5978, 'type': 'pump_base', 'strength': 5, 'dist_atr': 2.68}
2026-07-11 13:49:09 | INFO | __main__:_run_phase1:414 | Pump degraded, skipping monitoring | {'symbol': 'EVAAUSDT', 'health': 40, 'broken': 0, 'correction': '139%'}
2026-07-11 13:55:31 | INFO | __main__:_auto_screener_loop:306 | Auto screener completed | {'total': 2, 'new': 0}
2026-07-11 13:57:53 | INFO | __main__:_stale_monitor_loop:1179 | Stale monitor cancelled — rebuilding | {'symbol': 'XPINUSDT', 'level': 0.00200555, 'current': 0.001792, 'distance_pct': 11.9}
2026-07-11 13:57:53 | INFO | __main__:_monitored:798 | Monitor cancelled | {'symbol': 'XPINUSDT', 'level': 0.00200555}
2026-07-11 13:57:53 | INFO | __main__:_run_phase1:414 | Pump degraded, skipping monitoring | {'symbol': 'XPINUSDT', 'health': 25, 'broken': 0, 'correction': '76%'}
2026-07-11 13:58:09 | INFO | __main__:_proximity_arm_loop:1948 | proximity-arm activated | {'symbol': 'XPINUSDT', 'level': 0.001722, 'type': 'pump_base', 'strength': 5, 'dist_atr': 2.65}
2026-07-11 13:58:09 | INFO | __main__:_run_phase1:414 | Pump degraded, skipping monitoring | {'symbol': 'XPINUSDT', 'health': 25, 'broken': 0, 'correction': '74%'}
2026-07-11 14:00:29 | INFO | analysis.monitor:start_monitor:126 | monitor: skip level with non-positive p_bounce (won't pass entry filter) | {'symbol': 'CLOUSDT', 'level': 0.2560577692307692, 'level_type': 'wick_level', 'p_bounce': 0.0, 'expected_depth': 0.0}
2026-07-11 14:00:29 | INFO | __main__:_start_resistance_after_bounce:1116 | Resistance monitor started | {'symbol': 'CLOUSDT', 'resistance': 0.2560577692307692, 'from_support': 0.25294}
2026-07-11 14:00:29 | INFO | __main__:_monitored:787 | Level outcome saved | {'symbol': 'CLOUSDT', 'level': 0.2560577692307692, 'result': 'отбой', 'outcome': None, 'duration': 0.0}
2026-07-11 14:00:39 | INFO | __main__:_proximity_loop:1381 | Weak level touch resolved | {'symbol': 'CLOUSDT', 'level': 0.25281, 'event': 'bounce', 'fill_depth': 0.0}
2026-07-11 14:01:09 | INFO | __main__:_proximity_arm_loop:1948 | proximity-arm activated | {'symbol': 'MMTUSDT', 'level': 0.1871, 'type': 'pump_base', 'strength': 5, 'dist_atr': 1.07}
2026-07-11 14:01:10 | INFO | analysis.monitor:start_monitor:126 | monitor: skip level with non-positive p_bounce (won't pass entry filter) | {'symbol': 'CLOUSDT', 'level': 0.2565065, 'level_type': 'wick_level', 'p_bounce': 0.0, 'expected_depth': 0.0}
2026-07-11 14:01:10 | INFO | __main__:_run_phase1:652 | Level monitoring started | {'symbol': 'MMTUSDT', 'level': 0.1578, 'strength': 5}
2026-07-11 14:01:10 | INFO | __main__:_start_resistance_after_bounce:1116 | Resistance monitor started | {'symbol': 'CLOUSDT', 'resistance': 0.2565065, 'from_support': 0.25294}
2026-07-11 14:01:10 | INFO | __main__:_monitored:787 | Level outcome saved | {'symbol': 'CLOUSDT', 'level': 0.2565065, 'result': 'отбой', 'outcome': None, 'duration': 0.0}
2026-07-11 14:01:15 | INFO | __main__:_trigger_loop:357 | Trigger activated | {'symbol': 'LABUSDT'}
2026-07-11 14:01:15 | INFO | analysis.monitor:start_monitor:126 | monitor: skip level with non-positive p_bounce (won't pass entry filter) | {'symbol': 'CLOUSDT', 'level': 0.2565065, 'level_type': 'wick_level', 'p_bounce': 0.0, 'expected_depth': 0.0}
2026-07-11 14:01:15 | INFO | __main__:_run_phase1:652 | Level monitoring started | {'symbol': 'LABUSDT', 'level': 0.76082, 'strength': 5}
2026-07-11 14:01:15 | INFO | __main__:_start_resistance_after_bounce:1116 | Resistance monitor started | {'symbol': 'CLOUSDT', 'resistance': 0.2565065, 'from_support': 0.25294}
2026-07-11 14:01:16 | INFO | __main__:_monitored:787 | Level outcome saved | {'symbol': 'CLOUSDT', 'level': 0.2565065, 'result': 'отбой', 'outcome': None, 'duration': 0.0}
2026-07-11 14:02:53 | INFO | __main__:_stale_monitor_loop:1179 | Stale monitor cancelled — rebuilding | {'symbol': 'MMTUSDT', 'level': 0.1578, 'current': 0.1883, 'distance_pct': 16.2}
2026-07-11 14:02:53 | INFO | __main__:_stale_monitor_loop:1179 | Stale monitor cancelled — rebuilding | {'symbol': 'TUSDT', 'level': 0.0040228, 'current': 0.004555, 'distance_pct': 11.7}
2026-07-11 14:02:53 | INFO | __main__:_monitored:798 | Monitor cancelled | {'symbol': 'MMTUSDT', 'level': 0.1578}
2026-07-11 14:02:53 | INFO | __main__:_monitored:798 | Monitor cancelled | {'symbol': 'TUSDT', 'level': 0.0040228}
2026-07-11 14:02:54 | INFO | __main__:_run_phase1:535 | No strong levels found | {'symbol': 'MMTUSDT', 'total_levels': 1}
2026-07-11 14:02:55 | INFO | __main__:_run_phase1:601 | Level broken in recent candles, skipping monitor | {'symbol': 'TUSDT', 'level': 0.0044205, 'close_below': 24}
2026-07-11 14:03:09 | INFO | __main__:_proximity_arm_loop:1948 | proximity-arm activated | {'symbol': 'TUSDT', 'level': 0.0044205, 'type': 'pump_base', 'strength': 5, 'dist_atr': 1.45}
2026-07-11 14:04:13 | INFO | analysis.monitor:start_monitor:126 | monitor: skip level with non-positive p_bounce (won't pass entry filter) | {'symbol': 'CLOUSDT', 'level': 0.2554314285714286, 'level_type': 'wick_level', 'p_bounce': 0.0, 'expected_depth': 0.0}
2026-07-11 14:04:13 | INFO | __main__:_start_resistance_after_bounce:1116 | Resistance monitor started | {'symbol': 'CLOUSDT', 'resistance': 0.2554314285714286, 'from_support': 0.25294}
2026-07-11 14:04:13 | INFO | __main__:_monitored:787 | Level outcome saved | {'symbol': 'CLOUSDT', 'level': 0.2554314285714286, 'result': 'отбой', 'outcome': None, 'duration': 0.0}
2026-07-11 14:04:28 | INFO | analysis.monitor:start_monitor:126 | monitor: skip level with non-positive p_bounce (won't pass entry filter) | {'symbol': 'CLOUSDT', 'level': 0.25570629629629626, 'level_type': 'wick_level', 'p_bounce': 0.0, 'expected_depth': 0.0}
2026-07-11 14:04:28 | INFO | __main__:_start_resistance_after_bounce:1116 | Resistance monitor started | {'symbol': 'CLOUSDT', 'resistance': 0.25570629629629626, 'from_support': 0.25294}
2026-07-11 14:04:29 | INFO | __main__:_monitored:787 | Level outcome saved | {'symbol': 'CLOUSDT', 'level': 0.25570629629629626, 'result': 'отбой', 'outcome': None, 'duration': 0.0}
2026-07-11 14:04:33 | INFO | analysis.monitor:start_monitor:126 | monitor: skip level with non-positive p_bounce (won't pass entry filter) | {'symbol': 'CLOUSDT', 'level': 0.25570629629629626, 'level_type': 'wick_level', 'p_bounce': 0.0, 'expected_depth': 0.0}
2026-07-11 14:04:33 | INFO | __main__:_start_resistance_after_bounce:1116 | Resistance monitor started | {'symbol': 'CLOUSDT', 'resistance': 0.25570629629629626, 'from_support': 0.25294}
2026-07-11 14:04:34 | INFO | __main__:_monitored:787 | Level outcome saved | {'symbol': 'CLOUSDT', 'level': 0.25570629629629626, 'result': 'отбой', 'outcome': None, 'duration': 0.0}
2026-07-11 14:04:39 | INFO | analysis.monitor:start_monitor:126 | monitor: skip level with non-positive p_bounce (won't pass entry filter) | {'symbol': 'CLOUSDT', 'level': 0.2561876785714286, 'level_type': 'wick_level', 'p_bounce': 0.0, 'expected_depth': 0.0}
2026-07-11 14:04:39 | INFO | __main__:_start_resistance_after_bounce:1116 | Resistance monitor started | {'symbol': 'CLOUSDT', 'resistance': 0.2561876785714286, 'from_support': 0.25294}
2026-07-11 14:04:39 | INFO | __main__:_monitored:787 | Level outcome saved | {'symbol': 'CLOUSDT', 'level': 0.2561876785714286, 'result': 'отбой', 'outcome': None, 'duration': 0.0}
2026-07-11 14:04:44 | INFO | analysis.monitor:start_monitor:126 | monitor: skip level with non-positive p_bounce (won't pass entry filter) | {'symbol': 'CLOUSDT', 'level': 0.2561876785714286, 'level_type': 'wick_level', 'p_bounce': 0.0, 'expected_depth': 0.0}
2026-07-11 14:04:44 | INFO | __main__:_start_resistance_after_bounce:1116 | Resistance monitor started | {'symbol': 'CLOUSDT', 'resistance': 0.2561876785714286, 'from_support': 0.25294}
2026-07-11 14:04:44 | INFO | __main__:_monitored:787 | Level outcome saved | {'symbol': 'CLOUSDT', 'level': 0.2561876785714286, 'result': 'отбой', 'outcome': None, 'duration': 0.0}
2026-07-11 14:04:49 | INFO | analysis.monitor:start_monitor:126 | monitor: skip level with non-positive p_bounce (won't pass entry filter) | {'symbol': 'CLOUSDT', 'level': 0.255616511627907, 'level_type': 'wick_level', 'p_bounce': 0.0, 'expected_depth': 0.0}
2026-07-11 14:04:49 | INFO | __main__:_start_resistance_after_bounce:1116 | Resistance monitor started | {'symbol': 'CLOUSDT', 'resistance': 0.255616511627907, 'from_support': 0.25294}
2026-07-11 14:04:49 | INFO | __main__:_monitored:787 | Level outcome saved | {'symbol': 'CLOUSDT', 'level': 0.255616511627907, 'result': 'отбой', 'outcome': None, 'duration': 0.0}
2026-07-11 14:05:33 | INFO | __main__:_auto_screener_loop:306 | Auto screener completed | {'total': 1, 'new': 0}
2026-07-11 14:06:05 | INFO | __main__:_proximity_loop:1381 | Weak level touch resolved | {'symbol': 'CLOUSDT', 'level': 0.25281, 'event': 'bounce', 'fill_depth': 0.0}
2026-07-11 14:15:35 | INFO | __main__:_auto_screener_loop:306 | Auto screener completed | {'total': 1, 'new': 0}
2026-07-11 14:16:40 | INFO | __main__:_proximity_arm_loop:1948 | proximity-arm activated | {'symbol': 'SKLUSDT', 'level': 0.004671, 'type': 'pump_base', 'strength': 5, 'dist_atr': 3.69}
2026-07-11 14:16:40 | INFO | __main__:_run_phase1:414 | Pump degraded, skipping monitoring | {'symbol': 'SKLUSDT', 'health': 40, 'broken': 0, 'correction': '94%'}
2026-07-11 14:17:47 | INFO | __main__:_trigger_loop:357 | Trigger activated | {'symbol': 'EVAAUSDT'}
2026-07-11 14:17:47 | INFO | __main__:_run_phase1:414 | Pump degraded, skipping monitoring | {'symbol': 'EVAAUSDT', 'health': 40, 'broken': 0, 'correction': '140%'}
2026-07-11 14:19:10 | INFO | __main__:_proximity_arm_loop:1948 | proximity-arm activated | {'symbol': 'EVAAUSDT', 'level': 1.5978, 'type': 'pump_base', 'strength': 5, 'dist_atr': 2.08}
2026-07-11 14:19:10 | INFO | __main__:_run_phase1:414 | Pump degraded, skipping monitoring | {'symbol': 'EVAAUSDT', 'health': 40, 'broken': 0, 'correction': '141%'}
2026-07-11 14:25:38 | INFO | __main__:_auto_screener_loop:306 | Auto screener completed | {'total': 1, 'new': 0}
2026-07-11 14:29:40 | INFO | __main__:_proximity_arm_loop:1948 | proximity-arm activated | {'symbol': 'XPINUSDT', 'level': 0.001647, 'type': 'pump_base', 'strength': 5, 'dist_atr': 3.22}
2026-07-11 14:29:40 | INFO | __main__:_run_phase1:414 | Pump degraded, skipping monitoring | {'symbol': 'XPINUSDT', 'health': 25, 'broken': 0, 'correction': '89%'}
2026-07-11 14:31:10 | INFO | __main__:_proximity_arm_loop:1948 | proximity-arm activated | {'symbol': 'MMTUSDT', 'level': 0.1845, 'type': 'pump_base', 'strength': 5, 'dist_atr': 3.44}
2026-07-11 14:33:11 | INFO | __main__:_proximity_arm_loop:1948 | proximity-arm activated | {'symbol': 'TUSDT', 'level': 0.004434, 'type': 'pump_base', 'strength': 5, 'dist_atr': 3.51}
2026-07-11 14:33:11 | INFO | __main__:_run_phase1:652 | Level monitoring started | {'symbol': 'TUSDT', 'level': 0.004434, 'strength': 5}
2026-07-11 14:35:35 | INFO | __main__:_trigger_loop:357 | Trigger activated | {'symbol': 'TUSDT'}
2026-07-11 14:35:40 | INFO | __main__:_auto_screener_loop:306 | Auto screener completed | {'total': 1, 'new': 0}
2026-07-11 14:45:10 | INFO | __main__:_trigger_loop:357 | Trigger activated | {'symbol': 'CLOUSDT'}
2026-07-11 14:45:10 | INFO | __main__:_run_phase1:575 | Replaced old monitor with closer level | {'symbol': 'CLOUSDT', 'old': 0.24772, 'new': 0.25594}
2026-07-11 14:45:10 | INFO | __main__:_monitored:798 | Monitor cancelled | {'symbol': 'CLOUSDT', 'level': 0.24772}
2026-07-11 14:45:11 | INFO | __main__:_run_phase1:652 | Level monitoring started | {'symbol': 'CLOUSDT', 'level': 0.25594, 'strength': 4}
2026-07-11 14:45:11 | INFO | trading.strategy2_signal_filter:check:493 | S2 skip: approach>=block (G3, level exhausted) | {'symbol': 'CLOUSDT', 'level': 0.25594, 'approach_count': 32, 'block_threshold': 4}
2026-07-11 14:45:11 | INFO | trading.strategy2_signal_filter:check:505 | S2: level marked dead, monitor will stop sending proximity | {'symbol': 'CLOUSDT', 'level': 0.25594, 'approach_count': 32}
2026-07-11 14:45:15 | INFO | __main__:_proximity_loop:1258 | Proximity alert sent | {'symbol': 'CLOUSDT', 'level': 0.25594, 'distance_pct': 0.6521232823538602}
2026-07-11 14:45:15 | INFO | trading.strategy2_signal_filter:check:493 | S2 skip: approach>=block (G3, level exhausted) | {'symbol': 'CLOUSDT', 'level': 0.25594, 'approach_count': 32, 'block_threshold': 4}
2026-07-11 14:45:30 | INFO | trading.strategy2_signal_filter:check:493 | S2 skip: approach>=block (G3, level exhausted) | {'symbol': 'CLOUSDT', 'level': 0.25594, 'approach_count': 32, 'block_threshold': 4}
2026-07-11 14:45:42 | INFO | __main__:_auto_screener_loop:306 | Auto screener completed | {'total': 1, 'new': 0}
2026-07-11 14:46:57 | INFO | analysis.monitor:start_monitor:126 | monitor: skip level with non-positive p_bounce (won't pass entry filter) | {'symbol': 'CLOUSDT', 'level': 0.2583151094890511, 'level_type': 'wick_level', 'p_bounce': 0.0, 'expected_depth': 0.0}
2026-07-11 14:46:57 | INFO | __main__:_monitored:798 | Monitor cancelled | {'symbol': 'CLOUSDT', 'level': 0.25594}
2026-07-11 14:46:57 | INFO | trading.strategy2_signal_filter:check:493 | S2 skip: approach>=block (G3, level exhausted) | {'symbol': 'CLOUSDT', 'level': 0.25594, 'approach_count': 29, 'block_threshold': 4}
2026-07-11 14:46:57 | INFO | trading.strategy2_signal_filter:check:505 | S2: level marked dead, monitor will stop sending proximity | {'symbol': 'CLOUSDT', 'level': 0.25594, 'approach_count': 29}
2026-07-11 14:46:57 | INFO | __main__:_start_resistance_after_bounce:1116 | Resistance monitor started | {'symbol': 'CLOUSDT', 'resistance': 0.2583151094890511, 'from_support': 0.25594}
2026-07-11 14:46:57 | INFO | __main__:_monitored:787 | Level outcome saved | {'symbol': 'CLOUSDT', 'level': 0.2583151094890511, 'result': 'отбой', 'outcome': None, 'duration': 0.0}
2026-07-11 14:47:11 | INFO | __main__:_proximity_arm_loop:1948 | proximity-arm activated | {'symbol': 'CLOUSDT', 'level': 0.25594, 'type': 'pump_base', 'strength': 5, 'dist_atr': 1.28}
2026-07-11 14:47:22 | INFO | __main__:_trigger_loop:357 | Trigger activated | {'symbol': 'BUSDT'}
2026-07-11 14:47:22 | INFO | __main__:_run_phase1:414 | Pump degraded, skipping monitoring | {'symbol': 'BUSDT', 'health': 5, 'broken': 0, 'correction': '222%'}
2026-07-11 14:49:09 | INFO | __main__:_trigger_loop:357 | Trigger activated | {'symbol': 'MMTUSDT'}
2026-07-11 14:49:10 | INFO | __main__:_run_phase1:652 | Level monitoring started | {'symbol': 'MMTUSDT', 'level': 0.1871, 'strength': 3}
2026-07-11 14:49:11 | INFO | __main__:_proximity_arm_loop:1948 | proximity-arm activated | {'symbol': 'EVAAUSDT', 'level': 1.5978, 'type': 'pump_base', 'strength': 5, 'dist_atr': 1.44}
2026-07-11 14:49:11 | INFO | __main__:_run_phase1:414 | Pump degraded, skipping monitoring | {'symbol': 'EVAAUSDT', 'health': 40, 'broken': 0, 'correction': '113%'}
2026-07-11 14:55:44 | INFO | __main__:_auto_screener_loop:306 | Auto screener completed | {'total': 1, 'new': 0}
2026-07-11 14:58:59 | INFO | trading.strategy2_signal_filter:check:493 | S2 skip: approach>=block (G3, level exhausted) | {'symbol': 'MMTUSDT', 'level': 0.1871, 'approach_count': 20, 'block_threshold': 4}
2026-07-11 14:58:59 | INFO | trading.strategy2_signal_filter:check:505 | S2: level marked dead, monitor will stop sending proximity | {'symbol': 'MMTUSDT', 'level': 0.1871, 'approach_count': 20}
2026-07-11 14:58:59 | INFO | __main__:_proximity_loop:1258 | Proximity alert sent | {'symbol': 'MMTUSDT', 'level': 0.1871, 'distance_pct': 1.8877818563188358}
2026-07-11 14:58:59 | INFO | trading.strategy2_signal_filter:check:493 | S2 skip: approach>=block (G3, level exhausted) | {'symbol': 'MMTUSDT', 'level': 0.1871, 'approach_count': 20, 'block_threshold': 4}
2026-07-11 14:59:42 | INFO | __main__:_proximity_arm_loop:1948 | proximity-arm activated | {'symbol': 'XPINUSDT', 'level': 0.0017745, 'type': 'pump_base', 'strength': 5, 'dist_atr': 1.45}
2026-07-11 14:59:42 | INFO | __main__:_run_phase1:414 | Pump degraded, skipping monitoring | {'symbol': 'XPINUSDT', 'health': 40, 'broken': 0, 'correction': '72%'}
2026-07-11 15:00:26 | INFO | trading.strategy2_signal_filter:check:493 | S2 skip: approach>=block (G3, level exhausted) | {'symbol': 'MMTUSDT', 'level': 0.1871, 'approach_count': 16, 'block_threshold': 4}
2026-07-11 15:00:41 | INFO | trading.strategy2_signal_filter:check:493 | S2 skip: approach>=block (G3, level exhausted) | {'symbol': 'MMTUSDT', 'level': 0.1871, 'approach_count': 16, 'block_threshold': 4}
2026-07-11 15:00:41 | INFO | __main__:_proximity_loop:1258 | Proximity alert sent | {'symbol': 'TUSDT', 'level': 0.004434, 'distance_pct': 0.4713804713804756}
2026-07-11 15:00:56 | INFO | trading.strategy2_signal_filter:check:493 | S2 skip: approach>=block (G3, level exhausted) | {'symbol': 'MMTUSDT', 'level': 0.1871, 'approach_count': 16, 'block_threshold': 4}
2026-07-11 15:01:12 | INFO | trading.strategy2_signal_filter:check:493 | S2 skip: approach>=block (G3, level exhausted) | {'symbol': 'MMTUSDT', 'level': 0.1871, 'approach_count': 16, 'block_threshold': 4}
2026-07-11 15:01:27 | INFO | trading.strategy2_signal_filter:check:493 | S2 skip: approach>=block (G3, level exhausted) | {'symbol': 'MMTUSDT', 'level': 0.1871, 'approach_count': 16, 'block_threshold': 4}
2026-07-11 15:01:42 | INFO | trading.strategy2_signal_filter:check:493 | S2 skip: approach>=block (G3, level exhausted) | {'symbol': 'MMTUSDT', 'level': 0.1871, 'approach_count': 16, 'block_threshold': 4}
2026-07-11 15:01:57 | INFO | trading.strategy2_signal_filter:check:493 | S2 skip: approach>=block (G3, level exhausted) | {'symbol': 'MMTUSDT', 'level': 0.1871, 'approach_count': 16, 'block_threshold': 4}
2026-07-11 15:02:13 | INFO | trading.strategy2_signal_filter:check:493 | S2 skip: approach>=block (G3, level exhausted) | {'symbol': 'MMTUSDT', 'level': 0.1871, 'approach_count': 16, 'block_threshold': 4}
2026-07-11 15:02:28 | INFO | trading.strategy2_signal_filter:check:493 | S2 skip: approach>=block (G3, level exhausted) | {'symbol': 'MMTUSDT', 'level': 0.1871, 'approach_count': 16, 'block_threshold': 4}
2026-07-11 15:02:38 | INFO | __main__:_trigger_loop:357 | Trigger activated | {'symbol': 'XPINUSDT'}
2026-07-11 15:02:38 | INFO | __main__:_run_phase1:414 | Pump degraded, skipping monitoring | {'symbol': 'XPINUSDT', 'health': 40, 'broken': 0, 'correction': '69%'}
2026-07-11 15:02:43 | INFO | trading.strategy2_signal_filter:check:493 | S2 skip: approach>=block (G3, level exhausted) | {'symbol': 'MMTUSDT', 'level': 0.1871, 'approach_count': 16, 'block_threshold': 4}
2026-07-11 15:02:58 | INFO | trading.strategy2_signal_filter:check:493 | S2 skip: approach>=block (G3, level exhausted) | {'symbol': 'MMTUSDT', 'level': 0.1871, 'approach_count': 16, 'block_threshold': 4}
2026-07-11 15:03:14 | INFO | trading.strategy2_signal_filter:check:493 | S2 skip: approach>=block (G3, level exhausted) | {'symbol': 'MMTUSDT', 'level': 0.1871, 'approach_count': 16, 'block_threshold': 4}
2026-07-11 15:03:29 | INFO | trading.strategy2_signal_filter:check:493 | S2 skip: approach>=block (G3, level exhausted) | {'symbol': 'MMTUSDT', 'level': 0.1871, 'approach_count': 16, 'block_threshold': 4}
2026-07-11 15:03:44 | INFO | trading.strategy2_signal_filter:check:493 | S2 skip: approach>=block (G3, level exhausted) | {'symbol': 'MMTUSDT', 'level': 0.1871, 'approach_count': 16, 'block_threshold': 4}
2026-07-11 15:03:59 | INFO | trading.strategy2_signal_filter:check:493 | S2 skip: approach>=block (G3, level exhausted) | {'symbol': 'MMTUSDT', 'level': 0.1871, 'approach_count': 16, 'block_threshold': 4}
2026-07-11 15:04:15 | INFO | trading.strategy2_signal_filter:check:493 | S2 skip: approach>=block (G3, level exhausted) | {'symbol': 'MMTUSDT', 'level': 0.1871, 'approach_count': 16, 'block_threshold': 4}
2026-07-11 15:04:30 | INFO | trading.strategy2_signal_filter:check:493 | S2 skip: approach>=block (G3, level exhausted) | {'symbol': 'MMTUSDT', 'level': 0.1871, 'approach_count': 16, 'block_threshold': 4}
2026-07-11 15:04:45 | INFO | trading.strategy2_signal_filter:check:493 | S2 skip: approach>=block (G3, level exhausted) | {'symbol': 'MMTUSDT', 'level': 0.1871, 'approach_count': 16, 'block_threshold': 4}
2026-07-11 15:05:01 | INFO | trading.strategy2_signal_filter:check:493 | S2 skip: approach>=block (G3, level exhausted) | {'symbol': 'MMTUSDT', 'level': 0.1871, 'approach_count': 16, 'block_threshold': 4}
2026-07-11 15:05:06 | INFO | analysis.monitor:start_monitor:126 | monitor: skip level with non-positive p_bounce (won't pass entry filter) | {'symbol': 'TUSDT', 'level': 0.004465238095238095, 'level_type': 'wick_level', 'p_bounce': 0.0, 'expected_depth': 0.0}
2026-07-11 15:05:06 | INFO | __main__:_monitored:798 | Monitor cancelled | {'symbol': 'TUSDT', 'level': 0.004434}
2026-07-11 15:05:06 | INFO | trading.strategy2_signal_filter:check:641 | S2 market phase | {'symbol': 'TUSDT', 'phase': 'drop_tradeable', 'note': 'drop_tradeable:bq=0.80'}
2026-07-11 15:05:06 | INFO | __main__:_start_resistance_after_bounce:1116 | Resistance monitor started | {'symbol': 'TUSDT', 'resistance': 0.004465238095238095, 'from_support': 0.004434}
2026-07-11 15:05:06 | INFO | __main__:_monitored:787 | Level outcome saved | {'symbol': 'TUSDT', 'level': 0.004465238095238095, 'result': 'отбой', 'outcome': None, 'duration': 0.0}
2026-07-11 15:05:16 | INFO | trading.strategy2_signal_filter:check:493 | S2 skip: approach>=block (G3, level exhausted) | {'symbol': 'MMTUSDT', 'level': 0.1871, 'approach_count': 16, 'block_threshold': 4}
2026-07-11 15:05:31 | INFO | trading.strategy2_signal_filter:check:493 | S2 skip: approach>=block (G3, level exhausted) | {'symbol': 'MMTUSDT', 'level': 0.1871, 'approach_count': 16, 'block_threshold': 4}
2026-07-11 15:05:31 | INFO | __main__:_monitored:787 | Level outcome saved | {'symbol': 'CLOUSDT', 'level': 0.25294, 'result': 'пробой', 'outcome': 'breakout', 'duration': 17461.6}
2026-07-11 15:05:31 | INFO | analysis.monitor:start_monitor:126 | monitor: skip level with non-positive p_bounce (won't pass entry filter) | {'symbol': 'CLOUSDT', 'level': 0.24772, 'level_type': 'body_level', 'p_bounce': 0.0, 'expected_depth': 0.0}
2026-07-11 15:05:31 | INFO | __main__:_start_next_level_after_breakout:886 | Previous level started after breakout | {'symbol': 'CLOUSDT', 'level': 0.24772}
2026-07-11 15:05:32 | INFO | __main__:_monitored:787 | Level outcome saved | {'symbol': 'CLOUSDT', 'level': 0.24772, 'result': 'отбой', 'outcome': None, 'duration': 0.0}
2026-07-11 15:05:46 | INFO | trading.strategy2_signal_filter:check:493 | S2 skip: approach>=block (G3, level exhausted) | {'symbol': 'MMTUSDT', 'level': 0.1871, 'approach_count': 16, 'block_threshold': 4}
2026-07-11 15:05:47 | INFO | config:add:68 | Token added | {'symbol': 'BEATUSDT'}
2026-07-11 15:05:47 | INFO | __main__:_auto_screener_loop:192 | Auto-added new symbol from screener | {'symbol': 'BEATUSDT'}
2026-07-11 15:05:48 | INFO | analysis.claude_strength:calculate_strength_with_claude:174 | Claude input levels | {'symbol': 'BEATUSDT', 'levels': [{'price': 2.271, 'candle_count': 30, 'hourly_open_bonus': 3, 'round_number_bonus': 0, 'poc_aligned': False, 'position': 'origin', 'volume_at_level': 3276619.0, 'type': 'pump_base'}, {'price': 2.3965, 'candle_count': 48, 'hourly_open_bonus': 3, 'round_number_bonus': 2, 'poc_aligned': False, 'position': 'origin', 'volume_at_level': 5292676.0, 'type': 'pump_base'}, {'price': 2.431, 'candle_count': 37, 'hourly_open_bonus': 3, 'round_number_bonus': 0, 'poc_aligned': False, 'position': 'origin', 'volume_at_level': 4592224.0, 'type': 'pump_base'}, {'price': 2.555, 'candle_count': 24, 'hourly_open_bonus': 3, 'round_number_bonus': 0, 'poc_aligned': False, 'position': 'impulse', 'volume_at_level': 2936470.0, 'type': 'pump_base'}, {'price': 2.612, 'candle_count': 37, 'hourly_open_bonus': 3, 'round_number_bonus': 1, 'poc_aligned': False, 'position': 'impulse', 'volume_at_level': 7086279.0, 'type': 'pump_base'}, {'price': 2.63, 'candle_count': 6, 'hourly_open_bonus': 0, 'round_number_bonus': 0, 'poc_aligned': False, 'position': 'impulse', 'volume_at_level': 3080867.0, 'type': 'consolidation_base'}]}
2026-07-11 15:05:51 | INFO | analysis.claude_strength:calculate_strength_with_claude:298 | Claude strength assigned | {'symbol': 'BEATUSDT', 'level': 2.271, 'strength': 5, 'p_bounce_claude': 95, 'reason': 'Пампбаза, объём 5.0x, открытие 4h'}
2026-07-11 15:05:51 | INFO | analysis.claude_strength:calculate_strength_with_claude:298 | Claude strength assigned | {'symbol': 'BEATUSDT', 'level': 2.3965, 'strength': 5, 'p_bounce_claude': 97, 'reason': 'Пампбаза, объём 8.1x, очень близко к круглому числу'}
2026-07-11 15:05:51 | INFO | analysis.claude_strength:calculate_strength_with_claude:298 | Claude strength assigned | {'symbol': 'BEATUSDT', 'level': 2.431, 'strength': 5, 'p_bounce_claude': 96, 'reason': 'Пампбаза, объём 7.0x, много касаний (37)'}
2026-07-11 15:05:51 | INFO | analysis.claude_strength:calculate_strength_with_claude:298 | Claude strength assigned | {'symbol': 'BEATUSDT', 'level': 2.555, 'strength': 5, 'p_bounce_claude': 95, 'reason': 'Пампбаза импульса, объём 4.5x, открытие 4h'}
2026-07-11 15:05:51 | INFO | analysis.claude_strength:calculate_strength_with_claude:298 | Claude strength assigned | {'symbol': 'BEATUSDT', 'level': 2.612, 'strength': 5, 'p_bounce_claude': 96, 'reason': 'Пампбаза импульса, объём 10.9x, близко к круглому числу'}
2026-07-11 15:05:51 | INFO | analysis.claude_strength:calculate_strength_with_claude:298 | Claude strength assigned | {'symbol': 'BEATUSDT', 'level': 2.63, 'strength': 3, 'p_bounce_claude': 87, 'reason': 'Консолидационная база, объём 4.7x, недавняя формация'}
2026-07-11 15:05:51 | INFO | __main__:_auto_screener_loop:298 | Auto monitoring started | {'symbol': 'BEATUSDT', 'level': 2.63}
2026-07-11 15:05:51 | INFO | __main__:_auto_screener_loop:306 | Auto screener completed | {'total': 2, 'new': 1}
2026-07-11 15:06:02 | INFO | trading.strategy2_signal_filter:check:493 | S2 skip: approach>=block (G3, level exhausted) | {'symbol': 'MMTUSDT', 'level': 0.1871, 'approach_count': 16, 'block_threshold': 4}
2026-07-11 15:06:16 | INFO | trading.strategy2_signal_filter:check:641 | S2 market phase | {'symbol': 'BEATUSDT', 'phase': 'bleed', 'note': 'bleed:bq=0.21,dir_eff=0.36'}
2026-07-11 15:06:17 | INFO | trading.strategy2_signal_filter:check:493 | S2 skip: approach>=block (G3, level exhausted) | {'symbol': 'MMTUSDT', 'level': 0.1871, 'approach_count': 16, 'block_threshold': 4}
2026-07-11 15:06:17 | INFO | __main__:_proximity_loop:1258 | Proximity alert sent | {'symbol': 'BEATUSDT', 'level': 2.63, 'distance_pct': 1.6822429906542031}
2026-07-11 15:06:21 | INFO | trading.strategy2_signal_filter:check:641 | S2 market phase | {'symbol': 'BEATUSDT', 'phase': 'bleed', 'note': 'bleed:bq=0.21,dir_eff=0.36'}
2026-07-11 15:06:26 | INFO | trading.strategy2_signal_filter:check:641 | S2 market phase | {'symbol': 'BEATUSDT', 'phase': 'bleed', 'note': 'bleed:bq=0.21,dir_eff=0.36'}
2026-07-11 15:06:32 | INFO | trading.strategy2_signal_filter:check:493 | S2 skip: approach>=block (G3, level exhausted) | {'symbol': 'MMTUSDT', 'level': 0.1871, 'approach_count': 17, 'block_threshold': 4}
2026-07-11 15:06:41 | INFO | trading.strategy2_signal_filter:check:641 | S2 market phase | {'symbol': 'BEATUSDT', 'phase': 'bleed', 'note': 'bleed:bq=0.21,dir_eff=0.37'}
2026-07-11 15:06:46 | INFO | trading.strategy2_signal_filter:check:641 | S2 market phase | {'symbol': 'BEATUSDT', 'phase': 'bleed', 'note': 'bleed:bq=0.21,dir_eff=0.37'}
2026-07-11 15:06:51 | INFO | trading.strategy2_signal_filter:check:641 | S2 market phase | {'symbol': 'BEATUSDT', 'phase': 'bleed', 'note': 'bleed:bq=0.21,dir_eff=0.37'}
2026-07-11 15:06:56 | INFO | trading.strategy2_signal_filter:check:641 | S2 market phase | {'symbol': 'BEATUSDT', 'phase': 'bleed', 'note': 'bleed:bq=0.21,dir_eff=0.37'}
2026-07-11 15:07:01 | INFO | trading.strategy2_signal_filter:check:641 | S2 market phase | {'symbol': 'BEATUSDT', 'phase': 'bleed', 'note': 'bleed:bq=0.21,dir_eff=0.37'}
2026-07-11 15:07:06 | INFO | trading.strategy2_signal_filter:check:641 | S2 market phase | {'symbol': 'BEATUSDT', 'phase': 'bleed', 'note': 'bleed:bq=0.21,dir_eff=0.37'}
2026-07-11 15:07:08 | INFO | analysis.monitor:start_monitor:126 | monitor: skip level with non-positive p_bounce (won't pass entry filter) | {'symbol': 'MMTUSDT', 'level': 0.18872261904761906, 'level_type': 'wick_level', 'p_bounce': 0.0, 'expected_depth': 0.0}
2026-07-11 15:07:08 | INFO | __main__:_monitored:798 | Monitor cancelled | {'symbol': 'MMTUSDT', 'level': 0.1871}
2026-07-11 15:07:08 | INFO | trading.strategy2_signal_filter:check:493 | S2 skip: approach>=block (G3, level exhausted) | {'symbol': 'MMTUSDT', 'level': 0.1871, 'approach_count': 17, 'block_threshold': 4}
2026-07-11 15:07:08 | INFO | trading.strategy2_signal_filter:check:505 | S2: level marked dead, monitor will stop sending proximity | {'symbol': 'MMTUSDT', 'level': 0.1871, 'approach_count': 17}
2026-07-11 15:07:08 | INFO | __main__:_start_resistance_after_bounce:1116 | Resistance monitor started | {'symbol': 'MMTUSDT', 'resistance': 0.18872261904761906, 'from_support': 0.1871}
2026-07-11 15:07:08 | INFO | __main__:_monitored:787 | Level outcome saved | {'symbol': 'MMTUSDT', 'level': 0.18872261904761906, 'result': 'отбой', 'outcome': None, 'duration': 0.0}
2026-07-11 15:07:11 | INFO | trading.strategy2_signal_filter:check:641 | S2 market phase | {'symbol': 'BEATUSDT', 'phase': 'bleed', 'note': 'bleed:bq=0.21,dir_eff=0.36'}
2026-07-11 15:07:16 | INFO | trading.strategy2_signal_filter:check:641 | S2 market phase | {'symbol': 'BEATUSDT', 'phase': 'bleed', 'note': 'bleed:bq=0.21,dir_eff=0.36'}
2026-07-11 15:07:21 | INFO | trading.strategy2_signal_filter:check:641 | S2 market phase | {'symbol': 'BEATUSDT', 'phase': 'bleed', 'note': 'bleed:bq=0.21,dir_eff=0.36'}
2026-07-11 15:07:26 | INFO | trading.strategy2_signal_filter:check:641 | S2 market phase | {'symbol': 'BEATUSDT', 'phase': 'bleed', 'note': 'bleed:bq=0.21,dir_eff=0.35'}
2026-07-11 15:07:31 | INFO | trading.strategy2_signal_filter:check:641 | S2 market phase | {'symbol': 'BEATUSDT', 'phase': 'bleed', 'note': 'bleed:bq=0.21,dir_eff=0.35'}
2026-07-11 15:07:36 | INFO | trading.strategy2_signal_filter:check:641 | S2 market phase | {'symbol': 'BEATUSDT', 'phase': 'bleed', 'note': 'bleed:bq=0.21,dir_eff=0.34'}
2026-07-11 15:07:41 | INFO | trading.strategy2_signal_filter:check:641 | S2 market phase | {'symbol': 'BEATUSDT', 'phase': 'bleed', 'note': 'bleed:bq=0.21,dir_eff=0.34'}
2026-07-11 15:07:46 | INFO | trading.strategy2_signal_filter:check:641 | S2 market phase | {'symbol': 'BEATUSDT', 'phase': 'bleed', 'note': 'bleed:bq=0.21,dir_eff=0.34'}
2026-07-11 15:07:51 | INFO | trading.strategy2_signal_filter:check:641 | S2 market phase | {'symbol': 'BEATUSDT', 'phase': 'bleed', 'note': 'bleed:bq=0.21,dir_eff=0.36'}
2026-07-11 15:07:56 | INFO | trading.strategy2_signal_filter:check:641 | S2 market phase | {'symbol': 'BEATUSDT', 'phase': 'bleed', 'note': 'bleed:bq=0.21,dir_eff=0.36'}
2026-07-11 15:08:01 | INFO | trading.strategy2_signal_filter:check:641 | S2 market phase | {'symbol': 'BEATUSDT', 'phase': 'bleed', 'note': 'bleed:bq=0.21,dir_eff=0.36'}
2026-07-11 15:08:06 | INFO | trading.strategy2_signal_filter:check:641 | S2 market phase | {'symbol': 'BEATUSDT', 'phase': 'bleed', 'note': 'bleed:bq=0.21,dir_eff=0.36'}
2026-07-11 15:08:11 | INFO | trading.strategy2_signal_filter:check:641 | S2 market phase | {'symbol': 'BEATUSDT', 'phase': 'bleed', 'note': 'bleed:bq=0.21,dir_eff=0.36'}
2026-07-11 15:08:16 | INFO | trading.strategy2_signal_filter:check:641 | S2 market phase | {'symbol': 'BEATUSDT', 'phase': 'bleed', 'note': 'bleed:bq=0.21,dir_eff=0.36'}
2026-07-11 15:08:21 | INFO | trading.strategy2_signal_filter:check:641 | S2 market phase | {'symbol': 'BEATUSDT', 'phase': 'bleed', 'note': 'bleed:bq=0.21,dir_eff=0.35'}
2026-07-11 15:08:26 | INFO | trading.strategy2_signal_filter:check:641 | S2 market phase | {'symbol': 'BEATUSDT', 'phase': 'bleed', 'note': 'bleed:bq=0.21,dir_eff=0.35'}
2026-07-11 15:08:31 | INFO | trading.strategy2_signal_filter:check:641 | S2 market phase | {'symbol': 'BEATUSDT', 'phase': 'bleed', 'note': 'bleed:bq=0.21,dir_eff=0.35'}
2026-07-11 15:08:36 | INFO | trading.strategy2_signal_filter:check:641 | S2 market phase | {'symbol': 'BEATUSDT', 'phase': 'bleed', 'note': 'bleed:bq=0.21,dir_eff=0.35'}
2026-07-11 15:08:41 | INFO | trading.strategy2_signal_filter:check:641 | S2 market phase | {'symbol': 'BEATUSDT', 'phase': 'bleed', 'note': 'bleed:bq=0.21,dir_eff=0.35'}
2026-07-11 15:08:42 | INFO | __main__:_proximity_arm_loop:1948 | proximity-arm activated | {'symbol': 'SKLUSDT', 'level': 0.004795, 'type': 'pump_base', 'strength': 5, 'dist_atr': 1.14}
2026-07-11 15:08:42 | INFO | __main__:_run_phase1:414 | Pump degraded, skipping monitoring | {'symbol': 'SKLUSDT', 'health': 40, 'broken': 0, 'correction': '82%'}
2026-07-11 15:08:46 | INFO | trading.strategy2_signal_filter:check:641 | S2 market phase | {'symbol': 'BEATUSDT', 'phase': 'bleed', 'note': 'bleed:bq=0.21,dir_eff=0.35'}
2026-07-11 15:08:51 | INFO | trading.strategy2_signal_filter:check:641 | S2 market phase | {'symbol': 'BEATUSDT', 'phase': 'bleed', 'note': 'bleed:bq=0.21,dir_eff=0.35'}
2026-07-11 15:08:56 | INFO | trading.strategy2_signal_filter:check:641 | S2 market phase | {'symbol': 'BEATUSDT', 'phase': 'bleed', 'note': 'bleed:bq=0.21,dir_eff=0.35'}
2026-07-11 15:09:01 | INFO | trading.strategy2_signal_filter:check:641 | S2 market phase | {'symbol': 'BEATUSDT', 'phase': 'bleed', 'note': 'bleed:bq=0.21,dir_eff=0.33'}
2026-07-11 15:09:06 | INFO | trading.strategy2_signal_filter:check:641 | S2 market phase | {'symbol': 'BEATUSDT', 'phase': 'bleed', 'note': 'bleed:bq=0.21,dir_eff=0.33'}
2026-07-11 15:09:11 | INFO | trading.strategy2_signal_filter:check:641 | S2 market phase | {'symbol': 'BEATUSDT', 'phase': 'bleed', 'note': 'bleed:bq=0.21,dir_eff=0.33'}
2026-07-11 15:09:16 | INFO | trading.strategy2_signal_filter:check:641 | S2 market phase | {'symbol': 'BEATUSDT', 'phase': 'bleed', 'note': 'bleed:bq=0.21,dir_eff=0.34'}
2026-07-11 15:09:21 | INFO | trading.strategy2_signal_filter:check:641 | S2 market phase | {'symbol': 'BEATUSDT', 'phase': 'bleed', 'note': 'bleed:bq=0.21,dir_eff=0.34'}
2026-07-11 15:09:26 | INFO | trading.strategy2_signal_filter:check:641 | S2 market phase | {'symbol': 'BEATUSDT', 'phase': 'bleed', 'note': 'bleed:bq=0.21,dir_eff=0.34'}
2026-07-11 15:09:31 | INFO | trading.strategy2_signal_filter:check:641 | S2 market phase | {'symbol': 'BEATUSDT', 'phase': 'bleed', 'note': 'bleed:bq=0.21,dir_eff=0.34'}
2026-07-11 15:09:36 | INFO | trading.strategy2_signal_filter:check:641 | S2 market phase | {'symbol': 'BEATUSDT', 'phase': 'bleed', 'note': 'bleed:bq=0.21,dir_eff=0.34'}
2026-07-11 15:09:41 | INFO | trading.strategy2_signal_filter:check:641 | S2 market phase | {'symbol': 'BEATUSDT', 'phase': 'bleed', 'note': 'bleed:bq=0.21,dir_eff=0.34'}
2026-07-11 15:09:46 | INFO | trading.strategy2_signal_filter:check:641 | S2 market phase | {'symbol': 'BEATUSDT', 'phase': 'bleed', 'note': 'bleed:bq=0.21,dir_eff=0.33'}
2026-07-11 15:09:51 | INFO | trading.strategy2_signal_filter:check:641 | S2 market phase | {'symbol': 'BEATUSDT', 'phase': 'bleed', 'note': 'bleed:bq=0.21,dir_eff=0.33'}
2026-07-11 15:10:11 | INFO | trading.strategy2_signal_filter:check:641 | S2 market phase | {'symbol': 'BEATUSDT', 'phase': 'bleed', 'note': 'bleed:bq=0.21,dir_eff=0.35'}
2026-07-11 15:10:16 | INFO | trading.strategy2_signal_filter:check:641 | S2 market phase | {'symbol': 'BEATUSDT', 'phase': 'bleed', 'note': 'bleed:bq=0.21,dir_eff=0.35'}
2026-07-11 15:10:21 | INFO | trading.strategy2_signal_filter:check:641 | S2 market phase | {'symbol': 'BEATUSDT', 'phase': 'bleed', 'note': 'bleed:bq=0.21,dir_eff=0.35'}
2026-07-11 15:10:26 | INFO | trading.strategy2_signal_filter:check:641 | S2 market phase | {'symbol': 'BEATUSDT', 'phase': 'bleed', 'note': 'bleed:bq=0.21,dir_eff=0.35'}
2026-07-11 15:10:32 | INFO | trading.strategy2_signal_filter:check:641 | S2 market phase | {'symbol': 'BEATUSDT', 'phase': 'bleed', 'note': 'bleed:bq=0.21,dir_eff=0.35'}
2026-07-11 15:10:37 | INFO | trading.strategy2_signal_filter:check:641 | S2 market phase | {'symbol': 'BEATUSDT', 'phase': 'bleed', 'note': 'bleed:bq=0.21,dir_eff=0.35'}
2026-07-11 15:10:42 | INFO | trading.strategy2_signal_filter:check:641 | S2 market phase | {'symbol': 'BEATUSDT', 'phase': 'bleed', 'note': 'bleed:bq=0.21,dir_eff=0.35'}
2026-07-11 15:10:47 | INFO | trading.strategy2_signal_filter:check:641 | S2 market phase | {'symbol': 'BEATUSDT', 'phase': 'bleed', 'note': 'bleed:bq=0.21,dir_eff=0.35'}
2026-07-11 15:10:52 | INFO | trading.strategy2_signal_filter:check:641 | S2 market phase | {'symbol': 'BEATUSDT', 'phase': 'bleed', 'note': 'bleed:bq=0.21,dir_eff=0.35'}
2026-07-11 15:10:57 | INFO | trading.strategy2_signal_filter:check:641 | S2 market phase | {'symbol': 'BEATUSDT', 'phase': 'bleed', 'note': 'bleed:bq=0.21,dir_eff=0.35'}
2026-07-11 15:11:02 | INFO | trading.strategy2_signal_filter:check:641 | S2 market phase | {'symbol': 'BEATUSDT', 'phase': 'bleed', 'note': 'bleed:bq=0.21,dir_eff=0.35'}
2026-07-11 15:11:07 | INFO | trading.strategy2_signal_filter:check:641 | S2 market phase | {'symbol': 'BEATUSDT', 'phase': 'bleed', 'note': 'bleed:bq=0.21,dir_eff=0.36'}
2026-07-11 15:11:12 | INFO | trading.strategy2_signal_filter:check:641 | S2 market phase | {'symbol': 'BEATUSDT', 'phase': 'bleed', 'note': 'bleed:bq=0.21,dir_eff=0.36'}
2026-07-11 15:11:17 | INFO | trading.strategy2_signal_filter:check:641 | S2 market phase | {'symbol': 'BEATUSDT', 'phase': 'bleed', 'note': 'bleed:bq=0.21,dir_eff=0.36'}
2026-07-11 15:11:22 | INFO | trading.strategy2_signal_filter:check:641 | S2 market phase | {'symbol': 'BEATUSDT', 'phase': 'bleed', 'note': 'bleed:bq=0.21,dir_eff=0.36'}
2026-07-11 15:11:28 | INFO | trading.strategy2_signal_filter:check:641 | S2 market phase | {'symbol': 'BEATUSDT', 'phase': 'bleed', 'note': 'bleed:bq=0.21,dir_eff=0.36'}
2026-07-11 15:11:33 | INFO | trading.strategy2_signal_filter:check:641 | S2 market phase | {'symbol': 'BEATUSDT', 'phase': 'bleed', 'note': 'bleed:bq=0.21,dir_eff=0.36'}
2026-07-11 15:11:38 | INFO | trading.strategy2_signal_filter:check:641 | S2 market phase | {'symbol': 'BEATUSDT', 'phase': 'bleed', 'note': 'bleed:bq=0.21,dir_eff=0.35'}
2026-07-11 15:11:43 | INFO | trading.strategy2_signal_filter:check:641 | S2 market phase | {'symbol': 'BEATUSDT', 'phase': 'bleed', 'note': 'bleed:bq=0.21,dir_eff=0.35'}
2026-07-11 15:11:48 | INFO | trading.strategy2_signal_filter:check:641 | S2 market phase | {'symbol': 'BEATUSDT', 'phase': 'bleed', 'note': 'bleed:bq=0.21,dir_eff=0.35'}
2026-07-11 15:11:53 | INFO | trading.strategy2_signal_filter:check:641 | S2 market phase | {'symbol': 'BEATUSDT', 'phase': 'bleed', 'note': 'bleed:bq=0.21,dir_eff=0.35'}
2026-07-11 15:11:58 | INFO | trading.strategy2_signal_filter:check:641 | S2 market phase | {'symbol': 'BEATUSDT', 'phase': 'bleed', 'note': 'bleed:bq=0.21,dir_eff=0.35'}
2026-07-11 15:12:03 | INFO | trading.strategy2_signal_filter:check:641 | S2 market phase | {'symbol': 'BEATUSDT', 'phase': 'bleed', 'note': 'bleed:bq=0.21,dir_eff=0.37'}
2026-07-11 15:12:08 | INFO | trading.strategy2_signal_filter:check:641 | S2 market phase | {'symbol': 'BEATUSDT', 'phase': 'bleed', 'note': 'bleed:bq=0.21,dir_eff=0.37'}
2026-07-11 15:12:13 | INFO | __main__:_trigger_loop:357 | Trigger activated | {'symbol': 'SKLUSDT'}
2026-07-11 15:12:13 | INFO | __main__:_run_phase1:414 | Pump degraded, skipping monitoring | {'symbol': 'SKLUSDT', 'health': 40, 'broken': 0, 'correction': '79%'}
2026-07-11 15:12:13 | INFO | trading.strategy2_signal_filter:check:641 | S2 market phase | {'symbol': 'BEATUSDT', 'phase': 'bleed', 'note': 'bleed:bq=0.21,dir_eff=0.37'}
2026-07-11 15:12:18 | INFO | trading.strategy2_signal_filter:check:641 | S2 market phase | {'symbol': 'BEATUSDT', 'phase': 'bleed', 'note': 'bleed:bq=0.21,dir_eff=0.37'}
2026-07-11 15:12:24 | INFO | trading.strategy2_signal_filter:check:641 | S2 market phase | {'symbol': 'BEATUSDT', 'phase': 'bleed', 'note': 'bleed:bq=0.21,dir_eff=0.37'}
2026-07-11 15:12:29 | INFO | trading.strategy2_signal_filter:check:641 | S2 market phase | {'symbol': 'BEATUSDT', 'phase': 'bleed', 'note': 'bleed:bq=0.21,dir_eff=0.37'}
2026-07-11 15:12:34 | INFO | trading.strategy2_signal_filter:check:641 | S2 market phase | {'symbol': 'BEATUSDT', 'phase': 'bleed', 'note': 'bleed:bq=0.21,dir_eff=0.37'}
2026-07-11 15:12:39 | INFO | trading.strategy2_signal_filter:check:641 | S2 market phase | {'symbol': 'BEATUSDT', 'phase': 'bleed', 'note': 'bleed:bq=0.21,dir_eff=0.37'}
2026-07-11 15:12:44 | INFO | trading.strategy2_signal_filter:check:641 | S2 market phase | {'symbol': 'BEATUSDT', 'phase': 'bleed', 'note': 'bleed:bq=0.21,dir_eff=0.37'}
2026-07-11 15:12:49 | INFO | trading.strategy2_signal_filter:check:641 | S2 market phase | {'symbol': 'BEATUSDT', 'phase': 'bleed', 'note': 'bleed:bq=0.21,dir_eff=0.37'}
2026-07-11 15:12:54 | INFO | trading.strategy2_signal_filter:check:641 | S2 market phase | {'symbol': 'BEATUSDT', 'phase': 'bleed', 'note': 'bleed:bq=0.21,dir_eff=0.37'}
2026-07-11 15:12:59 | INFO | trading.strategy2_signal_filter:check:641 | S2 market phase | {'symbol': 'BEATUSDT', 'phase': 'bleed', 'note': 'bleed:bq=0.21,dir_eff=0.37'}
2026-07-11 15:13:04 | INFO | trading.strategy2_signal_filter:check:641 | S2 market phase | {'symbol': 'BEATUSDT', 'phase': 'bleed', 'note': 'bleed:bq=0.21,dir_eff=0.37'}
2026-07-11 15:13:09 | INFO | trading.strategy2_signal_filter:check:641 | S2 market phase | {'symbol': 'BEATUSDT', 'phase': 'bleed', 'note': 'bleed:bq=0.21,dir_eff=0.37'}
2026-07-11 15:13:12 | INFO | __main__:_proximity_arm_loop:1948 | proximity-arm activated | {'symbol': 'TUSDT', 'level': 0.004503, 'type': 'pump_base', 'strength': 5, 'dist_atr': 1.25}
2026-07-11 15:13:13 | INFO | __main__:_run_phase1:652 | Level monitoring started | {'symbol': 'TUSDT', 'level': 0.00438633, 'strength': 3}
2026-07-11 15:13:14 | INFO | trading.strategy2_signal_filter:check:641 | S2 market phase | {'symbol': 'BEATUSDT', 'phase': 'bleed', 'note': 'bleed:bq=0.21,dir_eff=0.26'}
2026-07-11 15:13:20 | INFO | trading.strategy2_signal_filter:check:641 | S2 market phase | {'symbol': 'BEATUSDT', 'phase': 'bleed', 'note': 'bleed:bq=0.21,dir_eff=0.26'}
2026-07-11 15:13:25 | INFO | trading.strategy2_signal_filter:check:641 | S2 market phase | {'symbol': 'BEATUSDT', 'phase': 'bleed', 'note': 'bleed:bq=0.21,dir_eff=0.26'}
2026-07-11 15:13:30 | INFO | trading.strategy2_signal_filter:check:641 | S2 market phase | {'symbol': 'BEATUSDT', 'phase': 'bleed', 'note': 'bleed:bq=0.21,dir_eff=0.26'}
2026-07-11 15:13:35 | INFO | trading.strategy2_signal_filter:check:641 | S2 market phase | {'symbol': 'BEATUSDT', 'phase': 'bleed', 'note': 'bleed:bq=0.21,dir_eff=0.26'}
2026-07-11 15:13:40 | INFO | trading.strategy2_signal_filter:check:641 | S2 market phase | {'symbol': 'BEATUSDT', 'phase': 'bleed', 'note': 'bleed:bq=0.21,dir_eff=0.26'}
2026-07-11 15:13:45 | INFO | trading.strategy2_signal_filter:check:641 | S2 market phase | {'symbol': 'BEATUSDT', 'phase': 'bleed', 'note': 'bleed:bq=0.21,dir_eff=0.25'}
2026-07-11 15:13:50 | INFO | trading.strategy2_signal_filter:check:641 | S2 market phase | {'symbol': 'BEATUSDT', 'phase': 'bleed', 'note': 'bleed:bq=0.21,dir_eff=0.25'}
2026-07-11 15:13:55 | INFO | trading.strategy2_signal_filter:check:641 | S2 market phase | {'symbol': 'BEATUSDT', 'phase': 'bleed', 'note': 'bleed:bq=0.21,dir_eff=0.25'}
2026-07-11 15:14:00 | INFO | trading.strategy2_signal_filter:check:641 | S2 market phase | {'symbol': 'BEATUSDT', 'phase': 'bleed', 'note': 'bleed:bq=0.21,dir_eff=0.25'}
2026-07-11 15:14:05 | INFO | trading.strategy2_signal_filter:check:641 | S2 market phase | {'symbol': 'BEATUSDT', 'phase': 'bleed', 'note': 'bleed:bq=0.21,dir_eff=0.25'}
2026-07-11 15:14:10 | INFO | trading.strategy2_signal_filter:check:641 | S2 market phase | {'symbol': 'BEATUSDT', 'phase': 'bleed', 'note': 'bleed:bq=0.21,dir_eff=0.30'}
2026-07-11 15:14:16 | INFO | trading.strategy2_signal_filter:check:641 | S2 market phase | {'symbol': 'BEATUSDT', 'phase': 'bleed', 'note': 'bleed:bq=0.21,dir_eff=0.30'}
2026-07-11 15:14:21 | INFO | trading.strategy2_signal_filter:check:641 | S2 market phase | {'symbol': 'BEATUSDT', 'phase': 'bleed', 'note': 'bleed:bq=0.21,dir_eff=0.30'}
2026-07-11 15:14:26 | INFO | trading.strategy2_signal_filter:check:641 | S2 market phase | {'symbol': 'BEATUSDT', 'phase': 'bleed', 'note': 'bleed:bq=0.21,dir_eff=0.29'}
2026-07-11 15:14:31 | INFO | trading.strategy2_signal_filter:check:641 | S2 market phase | {'symbol': 'BEATUSDT', 'phase': 'bleed', 'note': 'bleed:bq=0.21,dir_eff=0.29'}
2026-07-11 15:14:36 | INFO | trading.strategy2_signal_filter:check:641 | S2 market phase | {'symbol': 'BEATUSDT', 'phase': 'bleed', 'note': 'bleed:bq=0.21,dir_eff=0.29'}
2026-07-11 15:14:41 | INFO | trading.strategy2_signal_filter:check:641 | S2 market phase | {'symbol': 'BEATUSDT', 'phase': 'bleed', 'note': 'bleed:bq=0.21,dir_eff=0.29'}
2026-07-11 15:14:46 | INFO | trading.strategy2_signal_filter:check:641 | S2 market phase | {'symbol': 'BEATUSDT', 'phase': 'bleed', 'note': 'bleed:bq=0.21,dir_eff=0.29'}
2026-07-11 15:14:51 | INFO | trading.strategy2_signal_filter:check:641 | S2 market phase | {'symbol': 'BEATUSDT', 'phase': 'bleed', 'note': 'bleed:bq=0.21,dir_eff=0.29'}
2026-07-11 15:14:56 | INFO | trading.strategy2_signal_filter:check:641 | S2 market phase | {'symbol': 'BEATUSDT', 'phase': 'bleed', 'note': 'bleed:bq=0.21,dir_eff=0.29'}
2026-07-11 15:15:01 | INFO | trading.strategy2_signal_filter:check:641 | S2 market phase | {'symbol': 'BEATUSDT', 'phase': 'bleed', 'note': 'bleed:bq=0.21,dir_eff=0.29'}
2026-07-11 15:15:06 | INFO | trading.strategy2_signal_filter:check:641 | S2 market phase | {'symbol': 'BEATUSDT', 'phase': 'bleed', 'note': 'bleed:bq=0.21,dir_eff=0.29'}
2026-07-11 15:15:12 | INFO | trading.strategy2_signal_filter:check:641 | S2 market phase | {'symbol': 'BEATUSDT', 'phase': 'bleed', 'note': 'bleed:bq=0.21,dir_eff=0.34'}
2026-07-11 15:15:17 | INFO | trading.strategy2_signal_filter:check:641 | S2 market phase | {'symbol': 'BEATUSDT', 'phase': 'bleed', 'note': 'bleed:bq=0.21,dir_eff=0.34'}
2026-07-11 15:15:22 | INFO | trading.strategy2_signal_filter:check:641 | S2 market phase | {'symbol': 'BEATUSDT', 'phase': 'bleed', 'note': 'bleed:bq=0.21,dir_eff=0.33'}
2026-07-11 15:15:27 | INFO | trading.strategy2_signal_filter:check:641 | S2 market phase | {'symbol': 'BEATUSDT', 'phase': 'bleed', 'note': 'bleed:bq=0.21,dir_eff=0.33'}
2026-07-11 15:15:32 | INFO | trading.strategy2_signal_filter:check:641 | S2 market phase | {'symbol': 'BEATUSDT', 'phase': 'bleed', 'note': 'bleed:bq=0.21,dir_eff=0.33'}
2026-07-11 15:15:42 | INFO | __main__:_proximity_arm_loop:1948 | proximity-arm activated | {'symbol': 'MMTUSDT', 'level': 0.1873, 'type': 'pump_base', 'strength': 5, 'dist_atr': 1.09}
2026-07-11 15:15:43 | INFO | __main__:_run_phase1:652 | Level monitoring started | {'symbol': 'MMTUSDT', 'level': 0.15775, 'strength': 5}
2026-07-11 15:15:52 | INFO | trading.strategy2_signal_filter:check:641 | S2 market phase | {'symbol': 'BEATUSDT', 'phase': 'bleed', 'note': 'bleed:bq=0.21,dir_eff=0.33'}
2026-07-11 15:15:54 | INFO | __main__:_auto_screener_loop:306 | Auto screener completed | {'total': 2, 'new': 0}
2026-07-11 15:15:57 | INFO | trading.strategy2_signal_filter:check:641 | S2 market phase | {'symbol': 'BEATUSDT', 'phase': 'bleed', 'note': 'bleed:bq=0.21,dir_eff=0.33'}
2026-07-11 15:16:02 | INFO | trading.strategy2_signal_filter:check:641 | S2 market phase | {'symbol': 'BEATUSDT', 'phase': 'bleed', 'note': 'bleed:bq=0.21,dir_eff=0.33'}
2026-07-11 15:17:12 | INFO | __main__:_proximity_arm_loop:1948 | proximity-arm activated | {'symbol': 'CLOUSDT', 'level': 0.24366, 'type': 'pump_base', 'strength': 5, 'dist_atr': 2.64}
2026-07-11 15:17:13 | INFO | __main__:_run_phase1:652 | Level monitoring started | {'symbol': 'CLOUSDT', 'level': 0.24366, 'strength': 5}
2026-07-11 15:17:54 | INFO | __main__:_stale_monitor_loop:1179 | Stale monitor cancelled — rebuilding | {'symbol': 'MMTUSDT', 'level': 0.15775, 'current': 0.1886, 'distance_pct': 16.4}
2026-07-11 15:17:54 | INFO | __main__:_monitored:798 | Monitor cancelled | {'symbol': 'MMTUSDT', 'level': 0.15775}
2026-07-11 15:18:55 | INFO | trading.strategy2_signal_filter:check:641 | S2 market phase | {'symbol': 'BEATUSDT', 'phase': 'bleed', 'note': 'bleed:bq=0.21,dir_eff=0.39'}
2026-07-11 15:19:01 | INFO | trading.strategy2_signal_filter:check:641 | S2 market phase | {'symbol': 'LABUSDT', 'phase': 'drop_tradeable', 'note': 'drop_tradeable:bq=0.73'}
2026-07-11 15:19:01 | INFO | trading.strategy2_signal_filter:check:730 | S2 skip: body_level in active fall (H6) | {'symbol': 'LABUSDT', 'level': 0.76082, 'current_price': 0.75, 'drop_pct': -5.59, 'vol_spike': 2.17, 'drop_thresh': -1.2, 'spike_thresh': 1.5}
2026-07-11 15:19:06 | INFO | trading.strategy2_signal_filter:check:641 | S2 market phase | {'symbol': 'LABUSDT', 'phase': 'drop_tradeable', 'note': 'drop_tradeable:bq=0.73'}
2026-07-11 15:19:06 | INFO | trading.strategy2_signal_filter:check:730 | S2 skip: body_level in active fall (H6) | {'symbol': 'LABUSDT', 'level': 0.76082, 'current_price': 0.75, 'drop_pct': -5.59, 'vol_spike': 2.17, 'drop_thresh': -1.2, 'spike_thresh': 1.5}
2026-07-11 15:19:11 | INFO | trading.strategy2_signal_filter:check:641 | S2 market phase | {'symbol': 'LABUSDT', 'phase': 'drop_tradeable', 'note': 'drop_tradeable:bq=0.73'}
2026-07-11 15:19:11 | INFO | trading.strategy2_signal_filter:check:730 | S2 skip: body_level in active fall (H6) | {'symbol': 'LABUSDT', 'level': 0.76082, 'current_price': 0.75, 'drop_pct': -5.59, 'vol_spike': 2.17, 'drop_thresh': -1.2, 'spike_thresh': 1.5}
2026-07-11 15:19:31 | INFO | analysis.monitor:start_monitor:126 | monitor: skip level with non-positive p_bounce (won't pass entry filter) | {'symbol': 'LABUSDT', 'level': 0.77412, 'level_type': 'body_level', 'p_bounce': 0.0, 'expected_depth': 0.0}
2026-07-11 15:19:31 | INFO | __main__:_monitored:798 | Monitor cancelled | {'symbol': 'LABUSDT', 'level': 0.76082}
2026-07-11 15:19:31 | INFO | __main__:_start_resistance_after_bounce:1116 | Resistance monitor started | {'symbol': 'LABUSDT', 'resistance': 0.77412, 'from_support': 0.76082}
2026-07-11 15:19:31 | INFO | __main__:_proximity_loop:1258 | Proximity alert sent | {'symbol': 'LABUSDT', 'level': 0.76082, 'distance_pct': 0.102415966386555}
2026-07-11 15:19:31 | INFO | trading.strategy2_signal_filter:check:641 | S2 market phase | {'symbol': 'LABUSDT', 'phase': 'drop_tradeable', 'note': 'drop_tradeable:bq=0.73'}
2026-07-11 15:19:31 | INFO | trading.strategy2_signal_filter:check:730 | S2 skip: body_level in active fall (H6) | {'symbol': 'LABUSDT', 'level': 0.76082, 'current_price': 0.7616, 'drop_pct': -4.37, 'vol_spike': 2.44, 'drop_thresh': -1.2, 'spike_thresh': 1.5}
2026-07-11 15:19:31 | INFO | __main__:_monitored:787 | Level outcome saved | {'symbol': 'LABUSDT', 'level': 0.77412, 'result': 'отбой', 'outcome': None, 'duration': 0.0}
2026-07-11 15:19:51 | INFO | trading.strategy2_signal_filter:check:641 | S2 market phase | {'symbol': 'BEATUSDT', 'phase': 'bleed', 'note': 'bleed:bq=0.21,dir_eff=0.38'}
2026-07-11 15:19:57 | INFO | trading.strategy2_signal_filter:check:641 | S2 market phase | {'symbol': 'BEATUSDT', 'phase': 'bleed', 'note': 'bleed:bq=0.21,dir_eff=0.38'}
2026-07-11 15:20:02 | INFO | trading.strategy2_signal_filter:check:641 | S2 market phase | {'symbol': 'BEATUSDT', 'phase': 'bleed', 'note': 'bleed:bq=0.21,dir_eff=0.38'}
2026-07-11 15:20:07 | INFO | trading.strategy2_signal_filter:check:641 | S2 market phase | {'symbol': 'BEATUSDT', 'phase': 'bleed', 'note': 'bleed:bq=0.21,dir_eff=0.39'}
2026-07-11 15:20:12 | INFO | trading.strategy2_signal_filter:check:641 | S2 market phase | {'symbol': 'BEATUSDT', 'phase': 'bleed', 'note': 'bleed:bq=0.21,dir_eff=0.39'}
2026-07-11 15:20:12 | INFO | __main__:_proximity_arm_loop:1948 | proximity-arm activated | {'symbol': 'EVAAUSDT', 'level': 1.5978, 'type': 'pump_base', 'strength': 5, 'dist_atr': 2.22}
2026-07-11 15:20:12 | INFO | __main__:_run_phase1:414 | Pump degraded, skipping monitoring | {'symbol': 'EVAAUSDT', 'health': 40, 'broken': 0, 'correction': '113%'}
2026-07-11 15:20:17 | INFO | trading.strategy2_signal_filter:check:641 | S2 market phase | {'symbol': 'BEATUSDT', 'phase': 'bleed', 'note': 'bleed:bq=0.21,dir_eff=0.39'}
2026-07-11 15:20:22 | INFO | trading.strategy2_signal_filter:check:641 | S2 market phase | {'symbol': 'BEATUSDT', 'phase': 'bleed', 'note': 'bleed:bq=0.21,dir_eff=0.40'}
2026-07-11 15:20:27 | INFO | trading.strategy2_signal_filter:check:641 | S2 market phase | {'symbol': 'BEATUSDT', 'phase': 'bleed', 'note': 'bleed:bq=0.21,dir_eff=0.40'}
2026-07-11 15:20:32 | INFO | trading.strategy2_signal_filter:check:641 | S2 market phase | {'symbol': 'BEATUSDT', 'phase': 'bleed', 'note': 'bleed:bq=0.21,dir_eff=0.39'}
2026-07-11 15:20:37 | INFO | trading.strategy2_signal_filter:check:641 | S2 market phase | {'symbol': 'BEATUSDT', 'phase': 'bleed', 'note': 'bleed:bq=0.21,dir_eff=0.39'}
2026-07-11 15:20:42 | INFO | trading.strategy2_signal_filter:check:641 | S2 market phase | {'symbol': 'BEATUSDT', 'phase': 'bleed', 'note': 'bleed:bq=0.21,dir_eff=0.39'}
2026-07-11 15:20:47 | INFO | trading.strategy2_signal_filter:check:641 | S2 market phase | {'symbol': 'BEATUSDT', 'phase': 'bleed', 'note': 'bleed:bq=0.21,dir_eff=0.40'}
2026-07-11 15:20:53 | INFO | trading.strategy2_signal_filter:check:641 | S2 market phase | {'symbol': 'BEATUSDT', 'phase': 'bleed', 'note': 'bleed:bq=0.21,dir_eff=0.40'}
2026-07-11 15:20:58 | INFO | trading.strategy2_signal_filter:check:641 | S2 market phase | {'symbol': 'BEATUSDT', 'phase': 'bleed', 'note': 'bleed:bq=0.21,dir_eff=0.40'}
2026-07-11 15:21:03 | INFO | trading.strategy2_signal_filter:check:641 | S2 market phase | {'symbol': 'BEATUSDT', 'phase': 'bleed', 'note': 'bleed:bq=0.21,dir_eff=0.40'}
2026-07-11 15:21:08 | INFO | trading.strategy2_signal_filter:check:641 | S2 market phase | {'symbol': 'BEATUSDT', 'phase': 'bleed', 'note': 'bleed:bq=0.21,dir_eff=0.40'}
2026-07-11 15:21:43 | INFO | trading.strategy2_signal_filter:check:641 | S2 market phase | {'symbol': 'CLOUSDT', 'phase': 'drop_tradeable', 'note': 'drop_tradeable:bq=0.89'}
2026-07-11 15:21:44 | INFO | __main__:_proximity_loop:1258 | Proximity alert sent | {'symbol': 'CLOUSDT', 'level': 0.24366, 'distance_pct': 1.3322534926098462}
2026-07-11 15:21:44 | INFO | trading.strategy2_signal_filter:check:641 | S2 market phase | {'symbol': 'CLOUSDT', 'phase': 'drop_tradeable', 'note': 'drop_tradeable:bq=0.89'}
2026-07-11 15:21:49 | INFO | trading.strategy2_signal_filter:check:641 | S2 market phase | {'symbol': 'CLOUSDT', 'phase': 'drop_tradeable', 'note': 'drop_tradeable:bq=0.89'}
2026-07-11 15:21:54 | INFO | trading.strategy2_signal_filter:check:641 | S2 market phase | {'symbol': 'CLOUSDT', 'phase': 'drop_tradeable', 'note': 'drop_tradeable:bq=0.89'}
2026-07-11 15:21:59 | INFO | trading.strategy2_signal_filter:check:641 | S2 market phase | {'symbol': 'CLOUSDT', 'phase': 'drop_tradeable', 'note': 'drop_tradeable:bq=0.89'}
2026-07-11 15:22:14 | INFO | trading.strategy2_signal_filter:check:641 | S2 market phase | {'symbol': 'BEATUSDT', 'phase': 'bleed', 'note': 'bleed:bq=0.21,dir_eff=0.35'}
2026-07-11 15:22:19 | INFO | trading.strategy2_signal_filter:check:641 | S2 market phase | {'symbol': 'BEATUSDT', 'phase': 'bleed', 'note': 'bleed:bq=0.21,dir_eff=0.35'}
2026-07-11 15:22:24 | INFO | trading.strategy2_signal_filter:check:641 | S2 market phase | {'symbol': 'BEATUSDT', 'phase': 'bleed', 'note': 'bleed:bq=0.21,dir_eff=0.34'}
2026-07-11 15:22:29 | INFO | trading.strategy2_signal_filter:check:641 | S2 market phase | {'symbol': 'BEATUSDT', 'phase': 'bleed', 'note': 'bleed:bq=0.21,dir_eff=0.34'}
2026-07-11 15:22:34 | INFO | trading.strategy2_signal_filter:check:641 | S2 market phase | {'symbol': 'BEATUSDT', 'phase': 'bleed', 'note': 'bleed:bq=0.21,dir_eff=0.34'}
2026-07-11 15:22:55 | INFO | trading.strategy2_signal_filter:check:641 | S2 market phase | {'symbol': 'BEATUSDT', 'phase': 'bleed', 'note': 'bleed:bq=0.21,dir_eff=0.35'}
2026-07-11 15:23:00 | INFO | trading.strategy2_signal_filter:check:641 | S2 market phase | {'symbol': 'BEATUSDT', 'phase': 'bleed', 'note': 'bleed:bq=0.21,dir_eff=0.35'}
2026-07-11 15:23:05 | INFO | analysis.monitor:start_monitor:126 | monitor: skip level with non-positive p_bounce (won't pass entry filter) | {'symbol': 'CLOUSDT', 'level': 0.25802361486486486, 'level_type': 'wick_level', 'p_bounce': 0.0, 'expected_depth': 0.0}
2026-07-11 15:23:05 | INFO | trading.strategy2_signal_filter:check:641 | S2 market phase | {'symbol': 'BEATUSDT', 'phase': 'bleed', 'note': 'bleed:bq=0.21,dir_eff=0.35'}
2026-07-11 15:23:05 | INFO | trading.strategy2_signal_filter:check:641 | S2 market phase | {'symbol': 'CLOUSDT', 'phase': 'drop_tradeable', 'note': 'drop_tradeable:bq=0.89'}
2026-07-11 15:23:05 | INFO | __main__:_start_resistance_after_bounce:1116 | Resistance monitor started | {'symbol': 'CLOUSDT', 'resistance': 0.25802361486486486, 'from_support': 0.24366}
2026-07-11 15:23:05 | INFO | __main__:_monitored:787 | Level outcome saved | {'symbol': 'CLOUSDT', 'level': 0.25802361486486486, 'result': 'отбой', 'outcome': None, 'duration': 0.0}
2026-07-11 15:23:20 | INFO | trading.strategy2_signal_filter:check:641 | S2 market phase | {'symbol': 'CLOUSDT', 'phase': 'drop_tradeable', 'note': 'drop_tradeable:bq=0.89'}
2026-07-11 15:23:35 | INFO | trading.strategy2_signal_filter:check:641 | S2 market phase | {'symbol': 'CLOUSDT', 'phase': 'drop_tradeable', 'note': 'drop_tradeable:bq=0.89'}
2026-07-11 15:23:51 | INFO | trading.strategy2_signal_filter:check:641 | S2 market phase | {'symbol': 'CLOUSDT', 'phase': 'drop_tradeable', 'note': 'drop_tradeable:bq=0.89'}
2026-07-11 15:24:31 | INFO | analysis.monitor:start_monitor:126 | monitor: skip level with non-positive p_bounce (won't pass entry filter) | {'symbol': 'BEATUSDT', 'level': 2.648, 'level_type': 'wick_level', 'p_bounce': 0.0, 'expected_depth': 0.0}
2026-07-11 15:24:31 | INFO | __main__:_monitored:798 | Monitor cancelled | {'symbol': 'BEATUSDT', 'level': 2.63}
2026-07-11 15:24:31 | INFO | __main__:_start_resistance_after_bounce:1116 | Resistance monitor started | {'symbol': 'BEATUSDT', 'resistance': 2.648, 'from_support': 2.63}
2026-07-11 15:24:32 | INFO | __main__:_monitored:787 | Level outcome saved | {'symbol': 'BEATUSDT', 'level': 2.648, 'result': 'отбой', 'outcome': None, 'duration': 0.0}
2026-07-11 15:25:56 | INFO | __main__:_auto_screener_loop:306 | Auto screener completed | {'total': 2, 'new': 0}
2026-07-11 15:26:23 | INFO | trading.strategy2_signal_filter:check:641 | S2 market phase | {'symbol': 'CLOUSDT', 'phase': 'drop_tradeable', 'note': 'drop_tradeable:bq=0.89'}
2026-07-11 15:26:54 | INFO | trading.strategy2_signal_filter:check:641 | S2 market phase | {'symbol': 'CLOUSDT', 'phase': 'drop_tradeable', 'note': 'drop_tradeable:bq=0.89'}
2026-07-11 15:27:09 | INFO | trading.strategy2_signal_filter:check:641 | S2 market phase | {'symbol': 'CLOUSDT', 'phase': 'drop_tradeable', 'note': 'drop_tradeable:bq=0.89'}
2026-07-11 15:27:24 | INFO | trading.strategy2_signal_filter:check:641 | S2 market phase | {'symbol': 'CLOUSDT', 'phase': 'drop_tradeable', 'note': 'drop_tradeable:bq=0.89'}
2026-07-11 15:27:40 | INFO | trading.strategy2_signal_filter:check:641 | S2 market phase | {'symbol': 'CLOUSDT', 'phase': 'drop_tradeable', 'note': 'drop_tradeable:bq=0.89'}
2026-07-11 15:27:55 | INFO | trading.strategy2_signal_filter:check:641 | S2 market phase | {'symbol': 'CLOUSDT', 'phase': 'drop_tradeable', 'note': 'drop_tradeable:bq=0.89'}
2026-07-11 15:28:10 | INFO | trading.strategy2_signal_filter:check:641 | S2 market phase | {'symbol': 'CLOUSDT', 'phase': 'drop_tradeable', 'note': 'drop_tradeable:bq=0.89'}
2026-07-11 15:28:26 | INFO | trading.strategy2_signal_filter:check:641 | S2 market phase | {'symbol': 'CLOUSDT', 'phase': 'drop_tradeable', 'note': 'drop_tradeable:bq=0.89'}
2026-07-11 15:28:41 | INFO | trading.strategy2_signal_filter:check:641 | S2 market phase | {'symbol': 'CLOUSDT', 'phase': 'drop_tradeable', 'note': 'drop_tradeable:bq=0.89'}
2026-07-11 15:28:56 | INFO | trading.strategy2_signal_filter:check:641 | S2 market phase | {'symbol': 'CLOUSDT', 'phase': 'drop_tradeable', 'note': 'drop_tradeable:bq=0.89'}
2026-07-11 15:29:11 | INFO | trading.strategy2_signal_filter:check:641 | S2 market phase | {'symbol': 'CLOUSDT', 'phase': 'drop_tradeable', 'note': 'drop_tradeable:bq=0.89'}
2026-07-11 15:29:27 | INFO | trading.strategy2_signal_filter:check:641 | S2 market phase | {'symbol': 'CLOUSDT', 'phase': 'drop_tradeable', 'note': 'drop_tradeable:bq=0.89'}
2026-07-11 15:29:42 | INFO | trading.strategy2_signal_filter:check:641 | S2 market phase | {'symbol': 'CLOUSDT', 'phase': 'drop_tradeable', 'note': 'drop_tradeable:bq=0.89'}
2026-07-11 15:29:43 | INFO | __main__:_proximity_arm_loop:1948 | proximity-arm activated | {'symbol': 'XPINUSDT', 'level': 0.0018785, 'type': 'pump_base', 'strength': 5, 'dist_atr': 1.64}
2026-07-11 15:29:43 | INFO | __main__:_run_phase1:652 | Level monitoring started | {'symbol': 'XPINUSDT', 'level': 0.0017745, 'strength': 5}
2026-07-11 15:29:57 | INFO | trading.strategy2_signal_filter:check:641 | S2 market phase | {'symbol': 'CLOUSDT', 'phase': 'drop_tradeable', 'note': 'drop_tradeable:bq=0.89'}
2026-07-11 15:30:12 | INFO | trading.strategy2_signal_filter:check:641 | S2 market phase | {'symbol': 'CLOUSDT', 'phase': 'drop_tradeable', 'note': 'drop_tradeable:bq=0.89'}
2026-07-11 15:30:28 | INFO | trading.strategy2_signal_filter:check:641 | S2 market phase | {'symbol': 'CLOUSDT', 'phase': 'drop_tradeable', 'note': 'drop_tradeable:bq=0.89'}
2026-07-11 15:30:43 | INFO | trading.strategy2_signal_filter:check:641 | S2 market phase | {'symbol': 'CLOUSDT', 'phase': 'drop_tradeable', 'note': 'drop_tradeable:bq=0.89'}
2026-07-11 15:30:58 | INFO | trading.strategy2_signal_filter:check:641 | S2 market phase | {'symbol': 'CLOUSDT', 'phase': 'drop_tradeable', 'note': 'drop_tradeable:bq=0.89'}
2026-07-11 15:31:13 | INFO | trading.strategy2_signal_filter:check:641 | S2 market phase | {'symbol': 'CLOUSDT', 'phase': 'drop_tradeable', 'note': 'drop_tradeable:bq=0.89'}
2026-07-11 15:31:29 | INFO | trading.strategy2_signal_filter:check:641 | S2 market phase | {'symbol': 'CLOUSDT', 'phase': 'drop_tradeable', 'note': 'drop_tradeable:bq=0.89'}
2026-07-11 15:31:44 | INFO | trading.strategy2_signal_filter:check:641 | S2 market phase | {'symbol': 'CLOUSDT', 'phase': 'drop_tradeable', 'note': 'drop_tradeable:bq=0.89'}
2026-07-11 15:31:59 | INFO | trading.strategy2_signal_filter:check:641 | S2 market phase | {'symbol': 'CLOUSDT', 'phase': 'drop_tradeable', 'note': 'drop_tradeable:bq=0.89'}
2026-07-11 15:32:15 | INFO | __main__:_trigger_loop:357 | Trigger activated | {'symbol': 'EVAAUSDT'}
2026-07-11 15:32:15 | INFO | __main__:_run_phase1:414 | Pump degraded, skipping monitoring | {'symbol': 'EVAAUSDT', 'health': 40, 'broken': 0, 'correction': '109%'}
2026-07-11 15:32:15 | INFO | trading.strategy2_signal_filter:check:641 | S2 market phase | {'symbol': 'CLOUSDT', 'phase': 'drop_tradeable', 'note': 'drop_tradeable:bq=0.89'}
2026-07-11 15:32:30 | INFO | trading.strategy2_signal_filter:check:641 | S2 market phase | {'symbol': 'CLOUSDT', 'phase': 'drop_tradeable', 'note': 'drop_tradeable:bq=0.89'}
2026-07-11 15:32:45 | INFO | trading.strategy2_signal_filter:check:641 | S2 market phase | {'symbol': 'CLOUSDT', 'phase': 'drop_tradeable', 'note': 'drop_tradeable:bq=0.89'}
2026-07-11 15:32:45 | INFO | trading.strategy2_signal_filter:check:641 | S2 market phase | {'symbol': 'CLOUSDT', 'phase': 'drop_tradeable', 'note': 'drop_tradeable:bq=0.89'}
2026-07-11 15:32:50 | INFO | trading.strategy2_signal_filter:check:641 | S2 market phase | {'symbol': 'CLOUSDT', 'phase': 'drop_tradeable', 'note': 'drop_tradeable:bq=0.89'}
2026-07-11 15:32:55 | INFO | trading.strategy2_signal_filter:check:641 | S2 market phase | {'symbol': 'CLOUSDT', 'phase': 'drop_tradeable', 'note': 'drop_tradeable:bq=0.89'}
2026-07-11 15:33:00 | INFO | trading.strategy2_signal_filter:check:641 | S2 market phase | {'symbol': 'CLOUSDT', 'phase': 'drop_tradeable', 'note': 'drop_tradeable:bq=0.89'}
2026-07-11 15:33:00 | INFO | trading.strategy2_signal_filter:check:641 | S2 market phase | {'symbol': 'CLOUSDT', 'phase': 'drop_tradeable', 'note': 'drop_tradeable:bq=0.89'}
2026-07-11 15:33:06 | INFO | trading.strategy2_signal_filter:check:641 | S2 market phase | {'symbol': 'CLOUSDT', 'phase': 'drop_tradeable', 'note': 'drop_tradeable:bq=0.89'}
2026-07-11 15:33:11 | INFO | trading.strategy2_signal_filter:check:641 | S2 market phase | {'symbol': 'CLOUSDT', 'phase': 'drop_tradeable', 'note': 'drop_tradeable:bq=0.89'}
2026-07-11 15:33:16 | INFO | trading.strategy2_signal_filter:check:641 | S2 market phase | {'symbol': 'CLOUSDT', 'phase': 'drop_tradeable', 'note': 'drop_tradeable:bq=0.89'}
2026-07-11 15:33:31 | INFO | trading.strategy2_signal_filter:check:641 | S2 market phase | {'symbol': 'CLOUSDT', 'phase': 'drop_tradeable', 'note': 'drop_tradeable:bq=0.89'}
2026-07-11 15:33:31 | INFO | trading.strategy2_signal_filter:check:641 | S2 market phase | {'symbol': 'CLOUSDT', 'phase': 'drop_tradeable', 'note': 'drop_tradeable:bq=0.89'}
2026-07-11 15:33:36 | INFO | trading.strategy2_signal_filter:check:641 | S2 market phase | {'symbol': 'CLOUSDT', 'phase': 'drop_tradeable', 'note': 'drop_tradeable:bq=0.89'}
2026-07-11 15:33:41 | INFO | trading.strategy2_signal_filter:check:641 | S2 market phase | {'symbol': 'CLOUSDT', 'phase': 'drop_tradeable', 'note': 'drop_tradeable:bq=0.89'}
2026-07-11 15:33:46 | INFO | trading.strategy2_signal_filter:check:641 | S2 market phase | {'symbol': 'CLOUSDT', 'phase': 'drop_tradeable', 'note': 'drop_tradeable:bq=0.89'}
2026-07-11 15:33:46 | INFO | trading.strategy2_signal_filter:check:641 | S2 market phase | {'symbol': 'CLOUSDT', 'phase': 'drop_tradeable', 'note': 'drop_tradeable:bq=0.89'}
2026-07-11 15:33:51 | INFO | trading.strategy2_signal_filter:check:641 | S2 market phase | {'symbol': 'CLOUSDT', 'phase': 'drop_tradeable', 'note': 'drop_tradeable:bq=0.89'}
2026-07-11 15:34:12 | INFO | trading.strategy2_signal_filter:check:641 | S2 market phase | {'symbol': 'CLOUSDT', 'phase': 'drop_tradeable', 'note': 'drop_tradeable:bq=0.89'}
2026-07-11 15:34:12 | INFO | trading.strategy2_signal_filter:check:641 | S2 market phase | {'symbol': 'CLOUSDT', 'phase': 'drop_tradeable', 'note': 'drop_tradeable:bq=0.89'}
2026-07-11 15:34:17 | INFO | trading.strategy2_signal_filter:check:641 | S2 market phase | {'symbol': 'CLOUSDT', 'phase': 'drop_tradeable', 'note': 'drop_tradeable:bq=0.89'}
2026-07-11 15:34:22 | INFO | trading.strategy2_signal_filter:check:641 | S2 market phase | {'symbol': 'CLOUSDT', 'phase': 'drop_tradeable', 'note': 'drop_tradeable:bq=0.89'}
2026-07-11 15:34:37 | INFO | trading.strategy2_signal_filter:check:641 | S2 market phase | {'symbol': 'CLOUSDT', 'phase': 'drop_tradeable', 'note': 'drop_tradeable:bq=0.89'}
2026-07-11 15:34:37 | INFO | trading.strategy2_signal_filter:check:641 | S2 market phase | {'symbol': 'CLOUSDT', 'phase': 'drop_tradeable', 'note': 'drop_tradeable:bq=0.89'}
2026-07-11 15:34:42 | INFO | trading.strategy2_signal_filter:check:641 | S2 market phase | {'symbol': 'CLOUSDT', 'phase': 'drop_tradeable', 'note': 'drop_tradeable:bq=0.89'}
2026-07-11 15:34:47 | INFO | trading.strategy2_signal_filter:check:641 | S2 market phase | {'symbol': 'CLOUSDT', 'phase': 'drop_tradeable', 'note': 'drop_tradeable:bq=0.89'}
2026-07-11 15:34:52 | INFO | trading.strategy2_signal_filter:check:641 | S2 market phase | {'symbol': 'CLOUSDT', 'phase': 'drop_tradeable', 'note': 'drop_tradeable:bq=0.89'}
2026-07-11 15:34:52 | INFO | trading.strategy2_signal_filter:check:641 | S2 market phase | {'symbol': 'CLOUSDT', 'phase': 'drop_tradeable', 'note': 'drop_tradeable:bq=0.89'}
2026-07-11 15:34:58 | INFO | trading.strategy2_signal_filter:check:641 | S2 market phase | {'symbol': 'CLOUSDT', 'phase': 'drop_tradeable', 'note': 'drop_tradeable:bq=0.89'}
2026-07-11 15:35:03 | INFO | trading.strategy2_signal_filter:check:641 | S2 market phase | {'symbol': 'CLOUSDT', 'phase': 'drop_tradeable', 'note': 'drop_tradeable:bq=0.89'}
2026-07-11 15:35:08 | INFO | trading.strategy2_signal_filter:check:641 | S2 market phase | {'symbol': 'CLOUSDT', 'phase': 'drop_tradeable', 'note': 'drop_tradeable:bq=0.68'}
2026-07-11 15:35:23 | INFO | trading.strategy2_signal_filter:check:641 | S2 market phase | {'symbol': 'CLOUSDT', 'phase': 'drop_tradeable', 'note': 'drop_tradeable:bq=0.68'}
2026-07-11 15:35:38 | INFO | trading.strategy2_signal_filter:check:493 | S2 skip: approach>=block (G3, level exhausted) | {'symbol': 'CLOUSDT', 'level': 0.24366, 'approach_count': 4, 'block_threshold': 4}
2026-07-11 15:35:38 | INFO | trading.strategy2_signal_filter:check:505 | S2: level marked dead, monitor will stop sending proximity | {'symbol': 'CLOUSDT', 'level': 0.24366, 'approach_count': 4}
2026-07-11 15:35:43 | INFO | __main__:_proximity_arm_loop:1948 | proximity-arm activated | {'symbol': 'BEATUSDT', 'level': 2.431, 'type': 'pump_base', 'strength': 5, 'dist_atr': 3.97}
2026-07-11 15:35:44 | INFO | __main__:_run_phase1:652 | Level monitoring started | {'symbol': 'BEATUSDT', 'level': 2.431, 'strength': 5}
2026-07-11 15:35:49 | INFO | __main__:_trigger_loop:357 | Trigger activated | {'symbol': 'TUSDT'}
2026-07-11 15:35:49 | INFO | __main__:_run_phase1:575 | Replaced old monitor with closer level | {'symbol': 'TUSDT', 'old': 0.00438633, 'new': 0.00462037}
2026-07-11 15:35:49 | INFO | __main__:_monitored:798 | Monitor cancelled | {'symbol': 'TUSDT', 'level': 0.00438633}
2026-07-11 15:35:49 | INFO | __main__:_run_phase1:601 | Level broken in recent candles, skipping monitor | {'symbol': 'TUSDT', 'level': 0.00462037, 'close_below': 25}
2026-07-11 15:35:54 | INFO | trading.strategy2_signal_filter:check:493 | S2 skip: approach>=block (G3, level exhausted) | {'symbol': 'CLOUSDT', 'level': 0.24366, 'approach_count': 4, 'block_threshold': 4}
2026-07-11 15:35:58 | INFO | __main__:_auto_screener_loop:306 | Auto screener completed | {'total': 2, 'new': 0}
2026-07-11 15:36:09 | INFO | trading.strategy2_signal_filter:check:493 | S2 skip: approach>=block (G3, level exhausted) | {'symbol': 'CLOUSDT', 'level': 0.24366, 'approach_count': 4, 'block_threshold': 4}
2026-07-11 15:36:25 | INFO | trading.strategy2_signal_filter:check:493 | S2 skip: approach>=block (G3, level exhausted) | {'symbol': 'CLOUSDT', 'level': 0.24366, 'approach_count': 4, 'block_threshold': 4}
2026-07-11 15:36:40 | INFO | trading.strategy2_signal_filter:check:493 | S2 skip: approach>=block (G3, level exhausted) | {'symbol': 'CLOUSDT', 'level': 0.24366, 'approach_count': 4, 'block_threshold': 4}
2026-07-11 15:37:00 | INFO | trading.strategy2_signal_filter:check:493 | S2 skip: approach>=block (G3, level exhausted) | {'symbol': 'CLOUSDT', 'level': 0.24366, 'approach_count': 4, 'block_threshold': 4}
2026-07-11 15:37:10 | INFO | analysis.monitor:start_monitor:126 | monitor: skip level with non-positive p_bounce (won't pass entry filter) | {'symbol': 'CLOUSDT', 'level': 0.2469755555555556, 'level_type': 'wick_level', 'p_bounce': 0.0, 'expected_depth': 0.0}
2026-07-11 15:37:10 | INFO | __main__:_monitored:798 | Monitor cancelled | {'symbol': 'CLOUSDT', 'level': 0.24366}
2026-07-11 15:37:10 | INFO | __main__:_start_resistance_after_bounce:1116 | Resistance monitor started | {'symbol': 'CLOUSDT', 'resistance': 0.2469755555555556, 'from_support': 0.24366}
2026-07-11 15:37:11 | INFO | __main__:_monitored:787 | Level outcome saved | {'symbol': 'CLOUSDT', 'level': 0.2469755555555556, 'result': 'отбой', 'outcome': None, 'duration': 0.0}
2026-07-11 15:38:43 | INFO | __main__:_proximity_arm_loop:1948 | proximity-arm activated | {'symbol': 'SKLUSDT', 'level': 0.0047965, 'type': 'pump_base', 'strength': 5, 'dist_atr': 1.48}
2026-07-11 15:38:43 | INFO | __main__:_run_phase1:414 | Pump degraded, skipping monitoring | {'symbol': 'SKLUSDT', 'health': 40, 'broken': 0, 'correction': '77%'}
2026-07-11 15:45:44 | INFO | __main__:_proximity_arm_loop:1948 | proximity-arm activated | {'symbol': 'TUSDT', 'level': 0.004574, 'type': 'pump_base', 'strength': 5, 'dist_atr': 1.37}
2026-07-11 15:45:44 | INFO | __main__:_run_phase1:601 | Level broken in recent candles, skipping monitor | {'symbol': 'TUSDT', 'level': 0.004549, 'close_below': 2}
2026-07-11 15:46:01 | INFO | __main__:_auto_screener_loop:306 | Auto screener completed | {'total': 2, 'new': 0}
2026-07-11 15:46:14 | INFO | __main__:_proximity_arm_loop:1948 | proximity-arm activated | {'symbol': 'MMTUSDT', 'level': 0.1845, 'type': 'pump_base', 'strength': 5, 'dist_atr': 1.96}
2026-07-11 15:46:25 | INFO | __main__:_trigger_loop:357 | Trigger activated | {'symbol': 'VELVETUSDT'}
2026-07-11 15:46:26 | INFO | __main__:_run_phase1:601 | Level broken in recent candles, skipping monitor | {'symbol': 'VELVETUSDT', 'level': 0.42829, 'close_below': 12}
2026-07-11 15:46:46 | INFO | __main__:_proximity_loop:1381 | Weak level touch resolved | {'symbol': 'LABUSDT', 'level': 0.77412, 'event': 'zakol', 'fill_depth': 3.05120653128715}
2026-07-11 15:47:26 | INFO | __main__:_trigger_loop:357 | Trigger activated | {'symbol': 'BUSDT'}
2026-07-11 15:47:26 | INFO | __main__:_run_phase1:414 | Pump degraded, skipping monitoring | {'symbol': 'BUSDT', 'health': 5, 'broken': 0, 'correction': '260%'}
2026-07-11 15:54:14 | INFO | __main__:_proximity_arm_loop:1948 | proximity-arm activated | {'symbol': 'CLOUSDT', 'level': 0.24435, 'type': 'pump_base', 'strength': 5, 'dist_atr': 1.27}
2026-07-11 15:54:14 | INFO | __main__:_run_phase1:652 | Level monitoring started | {'symbol': 'CLOUSDT', 'level': 0.21127, 'strength': 5}
2026-07-11 15:56:03 | INFO | __main__:_auto_screener_loop:306 | Auto screener completed | {'total': 2, 'new': 0}
2026-07-11 15:57:07 | INFO | trading.strategy2_signal_filter:check:641 | S2 market phase | {'symbol': 'BEATUSDT', 'phase': 'bleed', 'note': 'bleed:bq=0.21,dir_eff=0.36'}
2026-07-11 15:57:07 | INFO | __main__:_proximity_loop:1258 | Proximity alert sent | {'symbol': 'BEATUSDT', 'level': 2.431, 'distance_pct': 1.2591389114541078}
2026-07-11 15:57:07 | INFO | trading.strategy2_signal_filter:check:641 | S2 market phase | {'symbol': 'BEATUSDT', 'phase': 'bleed', 'note': 'bleed:bq=0.21,dir_eff=0.36'}
2026-07-11 15:57:12 | INFO | trading.strategy2_signal_filter:check:641 | S2 market phase | {'symbol': 'BEATUSDT', 'phase': 'bleed', 'note': 'bleed:bq=0.21,dir_eff=0.36'}
2026-07-11 15:57:17 | INFO | trading.strategy2_signal_filter:check:641 | S2 market phase | {'symbol': 'BEATUSDT', 'phase': 'bleed', 'note': 'bleed:bq=0.21,dir_eff=0.36'}
2026-07-11 15:57:33 | INFO | trading.strategy2_signal_filter:check:641 | S2 market phase | {'symbol': 'BEATUSDT', 'phase': 'bleed', 'note': 'bleed:bq=0.21,dir_eff=0.36'}
2026-07-11 15:57:33 | INFO | trading.strategy2_signal_filter:check:641 | S2 market phase | {'symbol': 'BEATUSDT', 'phase': 'bleed', 'note': 'bleed:bq=0.21,dir_eff=0.36'}
2026-07-11 15:57:38 | INFO | trading.strategy2_signal_filter:check:641 | S2 market phase | {'symbol': 'BEATUSDT', 'phase': 'bleed', 'note': 'bleed:bq=0.21,dir_eff=0.36'}
2026-07-11 15:57:43 | INFO | trading.strategy2_signal_filter:check:641 | S2 market phase | {'symbol': 'BEATUSDT', 'phase': 'bleed', 'note': 'bleed:bq=0.21,dir_eff=0.36'}
2026-07-11 15:57:48 | INFO | trading.strategy2_signal_filter:check:641 | S2 market phase | {'symbol': 'BEATUSDT', 'phase': 'bleed', 'note': 'bleed:bq=0.21,dir_eff=0.35'}
2026-07-11 15:57:48 | INFO | trading.strategy2_signal_filter:check:641 | S2 market phase | {'symbol': 'BEATUSDT', 'phase': 'bleed', 'note': 'bleed:bq=0.21,dir_eff=0.35'}
2026-07-11 15:57:53 | INFO | trading.strategy2_signal_filter:check:641 | S2 market phase | {'symbol': 'BEATUSDT', 'phase': 'bleed', 'note': 'bleed:bq=0.21,dir_eff=0.35'}
2026-07-11 15:57:54 | INFO | __main__:_stale_monitor_loop:1179 | Stale monitor cancelled — rebuilding | {'symbol': 'CLOUSDT', 'level': 0.21127, 'current': 0.24629, 'distance_pct': 14.2}
2026-07-11 15:57:54 | INFO | __main__:_monitored:798 | Monitor cancelled | {'symbol': 'CLOUSDT', 'level': 0.21127}
2026-07-11 15:57:55 | INFO | __main__:_run_phase1:652 | Level monitoring started | {'symbol': 'CLOUSDT', 'level': 0.23841, 'strength': 5}
2026-07-11 15:57:58 | INFO | trading.strategy2_signal_filter:check:641 | S2 market phase | {'symbol': 'BEATUSDT', 'phase': 'bleed', 'note': 'bleed:bq=0.21,dir_eff=0.35'}
2026-07-11 15:58:03 | INFO | trading.strategy2_signal_filter:check:641 | S2 market phase | {'symbol': 'BEATUSDT', 'phase': 'bleed', 'note': 'bleed:bq=0.21,dir_eff=0.36'}
2026-07-11 15:58:03 | INFO | trading.strategy2_signal_filter:check:641 | S2 market phase | {'symbol': 'BEATUSDT', 'phase': 'bleed', 'note': 'bleed:bq=0.21,dir_eff=0.36'}
2026-07-11 15:58:08 | INFO | trading.strategy2_signal_filter:check:641 | S2 market phase | {'symbol': 'BEATUSDT', 'phase': 'bleed', 'note': 'bleed:bq=0.21,dir_eff=0.36'}
2026-07-11 15:58:13 | INFO | trading.strategy2_signal_filter:check:641 | S2 market phase | {'symbol': 'BEATUSDT', 'phase': 'bleed', 'note': 'bleed:bq=0.21,dir_eff=0.36'}
2026-07-11 15:58:18 | INFO | trading.strategy2_signal_filter:check:641 | S2 market phase | {'symbol': 'BEATUSDT', 'phase': 'bleed', 'note': 'bleed:bq=0.21,dir_eff=0.36'}
2026-07-11 15:58:18 | INFO | trading.strategy2_signal_filter:check:641 | S2 market phase | {'symbol': 'BEATUSDT', 'phase': 'bleed', 'note': 'bleed:bq=0.21,dir_eff=0.36'}
2026-07-11 15:58:24 | INFO | trading.strategy2_signal_filter:check:641 | S2 market phase | {'symbol': 'BEATUSDT', 'phase': 'bleed', 'note': 'bleed:bq=0.21,dir_eff=0.36'}
2026-07-11 15:58:29 | INFO | trading.strategy2_signal_filter:check:641 | S2 market phase | {'symbol': 'BEATUSDT', 'phase': 'bleed', 'note': 'bleed:bq=0.21,dir_eff=0.36'}
2026-07-11 15:58:34 | INFO | trading.strategy2_signal_filter:check:641 | S2 market phase | {'symbol': 'BEATUSDT', 'phase': 'bleed', 'note': 'bleed:bq=0.21,dir_eff=0.37'}
2026-07-11 15:58:49 | INFO | trading.strategy2_signal_filter:check:641 | S2 market phase | {'symbol': 'BEATUSDT', 'phase': 'bleed', 'note': 'bleed:bq=0.21,dir_eff=0.37'}
2026-07-11 15:59:04 | INFO | trading.strategy2_signal_filter:check:641 | S2 market phase | {'symbol': 'BEATUSDT', 'phase': 'bleed', 'note': 'bleed:bq=0.21,dir_eff=0.37'}
2026-07-11 15:59:20 | INFO | trading.strategy2_signal_filter:check:641 | S2 market phase | {'symbol': 'BEATUSDT', 'phase': 'bleed', 'note': 'bleed:bq=0.21,dir_eff=0.36'}
2026-07-11 15:59:25 | INFO | analysis.monitor:start_monitor:126 | monitor: skip level with non-positive p_bounce (won't pass entry filter) | {'symbol': 'BEATUSDT', 'level': 2.475, 'level_type': 'wick_level', 'p_bounce': 0.0, 'expected_depth': 0.0}
2026-07-11 15:59:25 | INFO | __main__:_monitored:798 | Monitor cancelled | {'symbol': 'BEATUSDT', 'level': 2.431}
2026-07-11 15:59:25 | INFO | __main__:_start_resistance_after_bounce:1116 | Resistance monitor started | {'symbol': 'BEATUSDT', 'resistance': 2.475, 'from_support': 2.431}
2026-07-11 15:59:25 | INFO | __main__:_monitored:787 | Level outcome saved | {'symbol': 'BEATUSDT', 'level': 2.475, 'result': 'отбой', 'outcome': None, 'duration': 0.0}
2026-07-11 16:01:22 | INFO | __main__:_trigger_loop:357 | Trigger activated | {'symbol': 'CLOUSDT'}
2026-07-11 16:01:22 | INFO | __main__:_run_phase1:575 | Replaced old monitor with closer level | {'symbol': 'CLOUSDT', 'old': 0.23841, 'new': 0.24501}
2026-07-11 16:01:22 | INFO | __main__:_monitored:798 | Monitor cancelled | {'symbol': 'CLOUSDT', 'level': 0.23841}
2026-07-11 16:01:22 | INFO | __main__:_run_phase1:601 | Level broken in recent candles, skipping monitor | {'symbol': 'CLOUSDT', 'level': 0.24501, 'close_below': 2}
2026-07-11 16:02:38 | INFO | __main__:_trigger_loop:357 | Trigger activated | {'symbol': 'XPINUSDT'}
2026-07-11 16:05:45 | INFO | __main__:_proximity_arm_loop:1948 | proximity-arm activated | {'symbol': 'BEATUSDT', 'level': 2.365, 'type': 'pump_base', 'strength': 5, 'dist_atr': 2.08}
2026-07-11 16:05:45 | INFO | __main__:_run_phase1:414 | Pump degraded, skipping monitoring | {'symbol': 'BEATUSDT', 'health': 25, 'broken': 0, 'correction': '129%'}
2026-07-11 16:06:05 | INFO | __main__:_auto_screener_loop:306 | Auto screener completed | {'total': 2, 'new': 0}
2026-07-11 16:10:15 | INFO | __main__:_proximity_arm_loop:1948 | proximity-arm activated | {'symbol': 'SKLUSDT', 'level': 0.0047965, 'type': 'pump_base', 'strength': 5, 'dist_atr': 1.2}
2026-07-11 16:10:15 | INFO | __main__:_run_phase1:414 | Pump degraded, skipping monitoring | {'symbol': 'SKLUSDT', 'health': 40, 'broken': 0, 'correction': '76%'}
2026-07-11 16:11:45 | INFO | __main__:_proximity_arm_loop:1948 | proximity-arm activated | {'symbol': 'EVAAUSDT', 'level': 1.6686, 'type': 'pump_base', 'strength': 5, 'dist_atr': 1.56}
2026-07-11 16:11:45 | INFO | __main__:_run_phase1:414 | Pump degraded, skipping monitoring | {'symbol': 'EVAAUSDT', 'health': 40, 'broken': 0, 'correction': '100%'}
2026-07-11 16:12:13 | INFO | __main__:_trigger_loop:357 | Trigger activated | {'symbol': 'SKLUSDT'}
2026-07-11 16:12:13 | INFO | __main__:_run_phase1:414 | Pump degraded, skipping monitoring | {'symbol': 'SKLUSDT', 'health': 40, 'broken': 0, 'correction': '73%'}
2026-07-11 16:15:45 | INFO | __main__:_proximity_arm_loop:1948 | proximity-arm activated | {'symbol': 'TUSDT', 'level': 0.004434, 'type': 'pump_base', 'strength': 5, 'dist_atr': 2.91}
2026-07-11 16:15:45 | INFO | __main__:_run_phase1:652 | Level monitoring started | {'symbol': 'TUSDT', 'level': 0.00438615, 'strength': 4}
2026-07-11 16:16:09 | INFO | __main__:_auto_screener_loop:306 | Auto screener completed | {'total': 3, 'new': 0}
2026-07-11 16:24:45 | INFO | __main__:_proximity_arm_loop:1948 | proximity-arm activated | {'symbol': 'CLOUSDT', 'level': 0.24528, 'type': 'pump_base', 'strength': 5, 'dist_atr': 1.3}
2026-07-11 16:24:46 | INFO | __main__:_run_phase1:652 | Level monitoring started | {'symbol': 'CLOUSDT', 'level': 0.21444, 'strength': 5}
2026-07-11 16:26:11 | INFO | __main__:_auto_screener_loop:306 | Auto screener completed | {'total': 2, 'new': 0}
2026-07-11 16:27:55 | INFO | __main__:_stale_monitor_loop:1179 | Stale monitor cancelled — rebuilding | {'symbol': 'CLOUSDT', 'level': 0.21444, 'current': 0.24965, 'distance_pct': 14.1}
2026-07-11 16:27:55 | INFO | __main__:_monitored:798 | Monitor cancelled | {'symbol': 'CLOUSDT', 'level': 0.21444}
2026-07-11 16:27:55 | INFO | __main__:_run_phase1:652 | Level monitoring started | {'symbol': 'CLOUSDT', 'level': 0.24528, 'strength': 5}
2026-07-11 16:27:56 | INFO | trading.strategy2_signal_filter:check:493 | S2 skip: approach>=block (G3, level exhausted) | {'symbol': 'CLOUSDT', 'level': 0.24528, 'approach_count': 10, 'block_threshold': 4}
2026-07-11 16:27:56 | INFO | trading.strategy2_signal_filter:check:505 | S2: level marked dead, monitor will stop sending proximity | {'symbol': 'CLOUSDT', 'level': 0.24528, 'approach_count': 10}
2026-07-11 16:28:01 | INFO | __main__:_proximity_loop:1258 | Proximity alert sent | {'symbol': 'CLOUSDT', 'level': 0.24528, 'distance_pct': 1.7504506308832415}
2026-07-11 16:28:01 | INFO | trading.strategy2_signal_filter:check:493 | S2 skip: approach>=block (G3, level exhausted) | {'symbol': 'CLOUSDT', 'level': 0.24528, 'approach_count': 10, 'block_threshold': 4}
2026-07-11 16:28:16 | INFO | trading.strategy2_signal_filter:check:493 | S2 skip: approach>=block (G3, level exhausted) | {'symbol': 'CLOUSDT', 'level': 0.24528, 'approach_count': 11, 'block_threshold': 4}
2026-07-11 16:28:31 | INFO | trading.strategy2_signal_filter:check:493 | S2 skip: approach>=block (G3, level exhausted) | {'symbol': 'CLOUSDT', 'level': 0.24528, 'approach_count': 11, 'block_threshold': 4}
2026-07-11 16:28:46 | INFO | trading.strategy2_signal_filter:check:493 | S2 skip: approach>=block (G3, level exhausted) | {'symbol': 'CLOUSDT', 'level': 0.24528, 'approach_count': 11, 'block_threshold': 4}
2026-07-11 16:29:02 | INFO | trading.strategy2_signal_filter:check:493 | S2 skip: approach>=block (G3, level exhausted) | {'symbol': 'CLOUSDT', 'level': 0.24528, 'approach_count': 10, 'block_threshold': 4}
2026-07-11 16:29:17 | INFO | trading.strategy2_signal_filter:check:493 | S2 skip: approach>=block (G3, level exhausted) | {'symbol': 'CLOUSDT', 'level': 0.24528, 'approach_count': 11, 'block_threshold': 4}
2026-07-11 16:29:32 | INFO | trading.strategy2_signal_filter:check:493 | S2 skip: approach>=block (G3, level exhausted) | {'symbol': 'CLOUSDT', 'level': 0.24528, 'approach_count': 11, 'block_threshold': 4}
2026-07-11 16:29:48 | INFO | trading.strategy2_signal_filter:check:493 | S2 skip: approach>=block (G3, level exhausted) | {'symbol': 'CLOUSDT', 'level': 0.24528, 'approach_count': 11, 'block_threshold': 4}
2026-07-11 16:30:03 | INFO | trading.strategy2_signal_filter:check:493 | S2 skip: approach>=block (G3, level exhausted) | {'symbol': 'CLOUSDT', 'level': 0.24528, 'approach_count': 11, 'block_threshold': 4}
2026-07-11 16:30:18 | INFO | trading.strategy2_signal_filter:check:493 | S2 skip: approach>=block (G3, level exhausted) | {'symbol': 'CLOUSDT', 'level': 0.24528, 'approach_count': 11, 'block_threshold': 4}
2026-07-11 16:30:33 | INFO | trading.strategy2_signal_filter:check:493 | S2 skip: approach>=block (G3, level exhausted) | {'symbol': 'CLOUSDT', 'level': 0.24528, 'approach_count': 9, 'block_threshold': 4}
2026-07-11 16:30:49 | INFO | trading.strategy2_signal_filter:check:493 | S2 skip: approach>=block (G3, level exhausted) | {'symbol': 'CLOUSDT', 'level': 0.24528, 'approach_count': 9, 'block_threshold': 4}
2026-07-11 16:31:04 | INFO | trading.strategy2_signal_filter:check:493 | S2 skip: approach>=block (G3, level exhausted) | {'symbol': 'CLOUSDT', 'level': 0.24528, 'approach_count': 9, 'block_threshold': 4}
2026-07-11 16:31:19 | INFO | trading.strategy2_signal_filter:check:493 | S2 skip: approach>=block (G3, level exhausted) | {'symbol': 'CLOUSDT', 'level': 0.24528, 'approach_count': 8, 'block_threshold': 4}
2026-07-11 16:31:34 | INFO | trading.strategy2_signal_filter:check:493 | S2 skip: approach>=block (G3, level exhausted) | {'symbol': 'CLOUSDT', 'level': 0.24528, 'approach_count': 8, 'block_threshold': 4}
2026-07-11 16:31:50 | INFO | trading.strategy2_signal_filter:check:493 | S2 skip: approach>=block (G3, level exhausted) | {'symbol': 'CLOUSDT', 'level': 0.24528, 'approach_count': 9, 'block_threshold': 4}
2026-07-11 16:32:05 | INFO | trading.strategy2_signal_filter:check:493 | S2 skip: approach>=block (G3, level exhausted) | {'symbol': 'CLOUSDT', 'level': 0.24528, 'approach_count': 9, 'block_threshold': 4}
2026-07-11 16:32:20 | INFO | trading.strategy2_signal_filter:check:493 | S2 skip: approach>=block (G3, level exhausted) | {'symbol': 'CLOUSDT', 'level': 0.24528, 'approach_count': 8, 'block_threshold': 4}
2026-07-11 16:32:36 | INFO | trading.strategy2_signal_filter:check:493 | S2 skip: approach>=block (G3, level exhausted) | {'symbol': 'CLOUSDT', 'level': 0.24528, 'approach_count': 8, 'block_threshold': 4}
2026-07-11 16:32:51 | INFO | trading.strategy2_signal_filter:check:493 | S2 skip: approach>=block (G3, level exhausted) | {'symbol': 'CLOUSDT', 'level': 0.24528, 'approach_count': 8, 'block_threshold': 4}
2026-07-11 16:33:06 | INFO | __main__:_trigger_loop:357 | Trigger activated | {'symbol': 'EVAAUSDT'}
2026-07-11 16:33:06 | INFO | __main__:_run_phase1:414 | Pump degraded, skipping monitoring | {'symbol': 'EVAAUSDT', 'health': 40, 'broken': 0, 'correction': '93%'}
2026-07-11 16:33:06 | INFO | trading.strategy2_signal_filter:check:493 | S2 skip: approach>=block (G3, level exhausted) | {'symbol': 'CLOUSDT', 'level': 0.24528, 'approach_count': 8, 'block_threshold': 4}
2026-07-11 16:33:21 | INFO | trading.strategy2_signal_filter:check:493 | S2 skip: approach>=block (G3, level exhausted) | {'symbol': 'CLOUSDT', 'level': 0.24528, 'approach_count': 8, 'block_threshold': 4}
2026-07-11 16:33:37 | INFO | trading.strategy2_signal_filter:check:493 | S2 skip: approach>=block (G3, level exhausted) | {'symbol': 'CLOUSDT', 'level': 0.24528, 'approach_count': 9, 'block_threshold': 4}
2026-07-11 16:33:52 | INFO | trading.strategy2_signal_filter:check:493 | S2 skip: approach>=block (G3, level exhausted) | {'symbol': 'CLOUSDT', 'level': 0.24528, 'approach_count': 9, 'block_threshold': 4}
2026-07-11 16:34:07 | INFO | trading.strategy2_signal_filter:check:493 | S2 skip: approach>=block (G3, level exhausted) | {'symbol': 'CLOUSDT', 'level': 0.24528, 'approach_count': 8, 'block_threshold': 4}
2026-07-11 16:34:23 | INFO | trading.strategy2_signal_filter:check:493 | S2 skip: approach>=block (G3, level exhausted) | {'symbol': 'CLOUSDT', 'level': 0.24528, 'approach_count': 8, 'block_threshold': 4}
2026-07-11 16:34:38 | INFO | trading.strategy2_signal_filter:check:493 | S2 skip: approach>=block (G3, level exhausted) | {'symbol': 'CLOUSDT', 'level': 0.24528, 'approach_count': 8, 'block_threshold': 4}
2026-07-11 16:34:53 | INFO | trading.strategy2_signal_filter:check:493 | S2 skip: approach>=block (G3, level exhausted) | {'symbol': 'CLOUSDT', 'level': 0.24528, 'approach_count': 8, 'block_threshold': 4}
2026-07-11 16:35:08 | INFO | trading.strategy2_signal_filter:check:493 | S2 skip: approach>=block (G3, level exhausted) | {'symbol': 'CLOUSDT', 'level': 0.24528, 'approach_count': 8, 'block_threshold': 4}
2026-07-11 16:35:24 | INFO | trading.strategy2_signal_filter:check:493 | S2 skip: approach>=block (G3, level exhausted) | {'symbol': 'CLOUSDT', 'level': 0.24528, 'approach_count': 8, 'block_threshold': 4}
2026-07-11 16:35:39 | INFO | trading.strategy2_signal_filter:check:493 | S2 skip: approach>=block (G3, level exhausted) | {'symbol': 'CLOUSDT', 'level': 0.24528, 'approach_count': 8, 'block_threshold': 4}
2026-07-11 16:35:46 | INFO | __main__:_proximity_arm_loop:1948 | proximity-arm activated | {'symbol': 'BEATUSDT', 'level': 2.271, 'type': 'pump_base', 'strength': 5, 'dist_atr': 1.31}
2026-07-11 16:35:46 | INFO | __main__:_run_phase1:414 | Pump degraded, skipping monitoring | {'symbol': 'BEATUSDT', 'health': 40, 'broken': 0, 'correction': '154%'}
2026-07-11 16:35:54 | INFO | trading.strategy2_signal_filter:check:493 | S2 skip: approach>=block (G3, level exhausted) | {'symbol': 'CLOUSDT', 'level': 0.24528, 'approach_count': 8, 'block_threshold': 4}
2026-07-11 16:36:09 | INFO | trading.strategy2_signal_filter:check:493 | S2 skip: approach>=block (G3, level exhausted) | {'symbol': 'CLOUSDT', 'level': 0.24528, 'approach_count': 8, 'block_threshold': 4}
2026-07-11 16:36:13 | INFO | __main__:_auto_screener_loop:306 | Auto screener completed | {'total': 1, 'new': 0}
2026-07-11 16:36:25 | INFO | trading.strategy2_signal_filter:check:493 | S2 skip: approach>=block (G3, level exhausted) | {'symbol': 'CLOUSDT', 'level': 0.24528, 'approach_count': 8, 'block_threshold': 4}
2026-07-11 16:36:40 | INFO | trading.strategy2_signal_filter:check:493 | S2 skip: approach>=block (G3, level exhausted) | {'symbol': 'CLOUSDT', 'level': 0.24528, 'approach_count': 8, 'block_threshold': 4}
2026-07-11 16:36:55 | INFO | trading.strategy2_signal_filter:check:493 | S2 skip: approach>=block (G3, level exhausted) | {'symbol': 'CLOUSDT', 'level': 0.24528, 'approach_count': 8, 'block_threshold': 4}
2026-07-11 16:37:11 | INFO | trading.strategy2_signal_filter:check:493 | S2 skip: approach>=block (G3, level exhausted) | {'symbol': 'CLOUSDT', 'level': 0.24528, 'approach_count': 8, 'block_threshold': 4}
2026-07-11 16:37:26 | INFO | trading.strategy2_signal_filter:check:493 | S2 skip: approach>=block (G3, level exhausted) | {'symbol': 'CLOUSDT', 'level': 0.24528, 'approach_count': 8, 'block_threshold': 4}
2026-07-11 16:37:41 | INFO | trading.strategy2_signal_filter:check:493 | S2 skip: approach>=block (G3, level exhausted) | {'symbol': 'CLOUSDT', 'level': 0.24528, 'approach_count': 9, 'block_threshold': 4}
2026-07-11 16:37:56 | INFO | trading.strategy2_signal_filter:check:493 | S2 skip: approach>=block (G3, level exhausted) | {'symbol': 'CLOUSDT', 'level': 0.24528, 'approach_count': 9, 'block_threshold': 4}
2026-07-11 16:38:12 | INFO | trading.strategy2_signal_filter:check:493 | S2 skip: approach>=block (G3, level exhausted) | {'symbol': 'CLOUSDT', 'level': 0.24528, 'approach_count': 9, 'block_threshold': 4}
2026-07-11 16:38:22 | INFO | analysis.monitor:start_monitor:126 | monitor: skip level with non-positive p_bounce (won't pass entry filter) | {'symbol': 'CLOUSDT', 'level': 0.2471015, 'level_type': 'wick_level', 'p_bounce': 0.0, 'expected_depth': 0.0}
2026-07-11 16:38:22 | INFO | __main__:_monitored:798 | Monitor cancelled | {'symbol': 'CLOUSDT', 'level': 0.24528}
2026-07-11 16:38:22 | INFO | __main__:_start_resistance_after_bounce:1116 | Resistance monitor started | {'symbol': 'CLOUSDT', 'resistance': 0.2471015, 'from_support': 0.24528}
2026-07-11 16:38:22 | INFO | __main__:_monitored:787 | Level outcome saved | {'symbol': 'CLOUSDT', 'level': 0.2471015, 'result': 'отбой', 'outcome': None, 'duration': 0.0}
2026-07-11 16:42:16 | INFO | __main__:_proximity_arm_loop:1948 | proximity-arm activated | {'symbol': 'EVAAUSDT', 'level': 1.6911, 'type': 'pump_base', 'strength': 5, 'dist_atr': 1.43}
2026-07-11 16:42:16 | INFO | __main__:_run_phase1:414 | Pump degraded, skipping monitoring | {'symbol': 'EVAAUSDT', 'health': 40, 'broken': 0, 'correction': '95%'}
2026-07-11 16:45:09 | INFO | __main__:_trigger_loop:357 | Trigger activated | {'symbol': 'BEATUSDT'}
2026-07-11 16:45:09 | INFO | __main__:_run_phase1:414 | Pump degraded, skipping monitoring | {'symbol': 'BEATUSDT', 'health': 40, 'broken': 0, 'correction': '157%'}
2026-07-11 16:46:14 | INFO | __main__:_auto_screener_loop:306 | Auto screener completed | {'total': 1, 'new': 0}
2026-07-11 16:46:21 | INFO | trading.strategy2_signal_filter:check:641 | S2 market phase | {'symbol': 'TUSDT', 'phase': 'drop_tradeable', 'note': 'drop_tradeable:bq=0.72'}
2026-07-11 16:46:21 | INFO | __main__:_proximity_loop:1258 | Proximity alert sent | {'symbol': 'TUSDT', 'level': 0.00438615, 'distance_pct': 1.368338205531826}
2026-07-11 16:46:21 | INFO | trading.strategy2_signal_filter:check:641 | S2 market phase | {'symbol': 'TUSDT', 'phase': 'drop_tradeable', 'note': 'drop_tradeable:bq=0.72'}
2026-07-11 16:46:26 | INFO | trading.strategy2_signal_filter:check:641 | S2 market phase | {'symbol': 'TUSDT', 'phase': 'drop_tradeable', 'note': 'drop_tradeable:bq=0.72'}
2026-07-11 16:46:31 | INFO | trading.strategy2_signal_filter:check:641 | S2 market phase | {'symbol': 'TUSDT', 'phase': 'drop_tradeable', 'note': 'drop_tradeable:bq=0.72'}
2026-07-11 16:46:36 | INFO | trading.strategy2_signal_filter:check:641 | S2 market phase | {'symbol': 'TUSDT', 'phase': 'drop_tradeable', 'note': 'drop_tradeable:bq=0.72'}
2026-07-11 16:46:51 | INFO | trading.strategy2_signal_filter:check:641 | S2 market phase | {'symbol': 'TUSDT', 'phase': 'drop_tradeable', 'note': 'drop_tradeable:bq=0.72'}
2026-07-11 16:47:06 | INFO | trading.strategy2_signal_filter:check:641 | S2 market phase | {'symbol': 'TUSDT', 'phase': 'drop_tradeable', 'note': 'drop_tradeable:bq=0.72'}
2026-07-11 16:47:06 | INFO | trading.strategy2_signal_filter:check:641 | S2 market phase | {'symbol': 'TUSDT', 'phase': 'drop_tradeable', 'note': 'drop_tradeable:bq=0.72'}
2026-07-11 16:47:11 | INFO | trading.strategy2_signal_filter:check:641 | S2 market phase | {'symbol': 'TUSDT', 'phase': 'drop_tradeable', 'note': 'drop_tradeable:bq=0.72'}
2026-07-11 16:47:17 | INFO | trading.strategy2_signal_filter:check:641 | S2 market phase | {'symbol': 'TUSDT', 'phase': 'drop_tradeable', 'note': 'drop_tradeable:bq=0.72'}
2026-07-11 16:47:22 | INFO | trading.strategy2_signal_filter:check:641 | S2 market phase | {'symbol': 'TUSDT', 'phase': 'drop_tradeable', 'note': 'drop_tradeable:bq=0.72'}
2026-07-11 16:47:32 | INFO | trading.strategy2_signal_filter:check:641 | S2 market phase | {'symbol': 'TUSDT', 'phase': 'drop_tradeable', 'note': 'drop_tradeable:bq=0.72'}
2026-07-11 16:47:37 | INFO | trading.strategy2_signal_filter:check:641 | S2 market phase | {'symbol': 'TUSDT', 'phase': 'drop_tradeable', 'note': 'drop_tradeable:bq=0.72'}
2026-07-11 16:47:37 | INFO | trading.strategy2_signal_filter:check:641 | S2 market phase | {'symbol': 'TUSDT', 'phase': 'drop_tradeable', 'note': 'drop_tradeable:bq=0.72'}
2026-07-11 16:47:42 | INFO | trading.strategy2_signal_filter:check:641 | S2 market phase | {'symbol': 'TUSDT', 'phase': 'drop_tradeable', 'note': 'drop_tradeable:bq=0.72'}
2026-07-11 16:47:52 | INFO | trading.strategy2_signal_filter:check:641 | S2 market phase | {'symbol': 'TUSDT', 'phase': 'drop_tradeable', 'note': 'drop_tradeable:bq=0.72'}
2026-07-11 16:48:02 | INFO | trading.strategy2_signal_filter:check:641 | S2 market phase | {'symbol': 'TUSDT', 'phase': 'drop_tradeable', 'note': 'drop_tradeable:bq=0.72'}
2026-07-11 16:48:07 | INFO | trading.strategy2_signal_filter:check:641 | S2 market phase | {'symbol': 'TUSDT', 'phase': 'drop_tradeable', 'note': 'drop_tradeable:bq=0.72'}
2026-07-11 16:48:07 | INFO | trading.strategy2_signal_filter:check:641 | S2 market phase | {'symbol': 'TUSDT', 'phase': 'drop_tradeable', 'note': 'drop_tradeable:bq=0.72'}
2026-07-11 16:48:13 | INFO | trading.strategy2_signal_filter:check:641 | S2 market phase | {'symbol': 'TUSDT', 'phase': 'drop_tradeable', 'note': 'drop_tradeable:bq=0.72'}
2026-07-11 16:48:23 | INFO | trading.strategy2_signal_filter:check:641 | S2 market phase | {'symbol': 'TUSDT', 'phase': 'drop_tradeable', 'note': 'drop_tradeable:bq=0.72'}
2026-07-11 16:48:33 | INFO | trading.strategy2_signal_filter:check:641 | S2 market phase | {'symbol': 'TUSDT', 'phase': 'drop_tradeable', 'note': 'drop_tradeable:bq=0.72'}
2026-07-11 16:48:38 | INFO | trading.strategy2_signal_filter:check:641 | S2 market phase | {'symbol': 'TUSDT', 'phase': 'drop_tradeable', 'note': 'drop_tradeable:bq=0.72'}
2026-07-11 16:48:38 | INFO | trading.strategy2_signal_filter:check:641 | S2 market phase | {'symbol': 'TUSDT', 'phase': 'drop_tradeable', 'note': 'drop_tradeable:bq=0.72'}
2026-07-11 16:48:43 | INFO | trading.strategy2_signal_filter:check:641 | S2 market phase | {'symbol': 'TUSDT', 'phase': 'drop_tradeable', 'note': 'drop_tradeable:bq=0.72'}
2026-07-11 16:48:48 | INFO | trading.strategy2_signal_filter:check:641 | S2 market phase | {'symbol': 'TUSDT', 'phase': 'drop_tradeable', 'note': 'drop_tradeable:bq=0.72'}
2026-07-11 16:48:53 | INFO | trading.strategy2_signal_filter:check:641 | S2 market phase | {'symbol': 'TUSDT', 'phase': 'drop_tradeable', 'note': 'drop_tradeable:bq=0.72'}
2026-07-11 16:48:53 | INFO | trading.strategy2_signal_filter:check:641 | S2 market phase | {'symbol': 'TUSDT', 'phase': 'drop_tradeable', 'note': 'drop_tradeable:bq=0.72'}
2026-07-11 16:48:58 | INFO | trading.strategy2_signal_filter:check:641 | S2 market phase | {'symbol': 'TUSDT', 'phase': 'drop_tradeable', 'note': 'drop_tradeable:bq=0.72'}
2026-07-11 16:49:03 | INFO | trading.strategy2_signal_filter:check:641 | S2 market phase | {'symbol': 'TUSDT', 'phase': 'drop_tradeable', 'note': 'drop_tradeable:bq=0.72'}
2026-07-11 16:49:09 | INFO | trading.strategy2_signal_filter:check:641 | S2 market phase | {'symbol': 'TUSDT', 'phase': 'drop_tradeable', 'note': 'drop_tradeable:bq=0.72'}
2026-07-11 16:49:09 | INFO | trading.strategy2_signal_filter:check:641 | S2 market phase | {'symbol': 'TUSDT', 'phase': 'drop_tradeable', 'note': 'drop_tradeable:bq=0.72'}
2026-07-11 16:49:14 | INFO | trading.strategy2_signal_filter:check:641 | S2 market phase | {'symbol': 'TUSDT', 'phase': 'drop_tradeable', 'note': 'drop_tradeable:bq=0.72'}
2026-07-11 16:49:19 | INFO | trading.strategy2_signal_filter:check:641 | S2 market phase | {'symbol': 'TUSDT', 'phase': 'drop_tradeable', 'note': 'drop_tradeable:bq=0.72'}
2026-07-11 16:49:24 | INFO | trading.strategy2_signal_filter:check:641 | S2 market phase | {'symbol': 'TUSDT', 'phase': 'drop_tradeable', 'note': 'drop_tradeable:bq=0.72'}
2026-07-11 16:49:24 | INFO | trading.strategy2_signal_filter:check:641 | S2 market phase | {'symbol': 'TUSDT', 'phase': 'drop_tradeable', 'note': 'drop_tradeable:bq=0.72'}
2026-07-11 16:49:29 | INFO | trading.strategy2_signal_filter:check:641 | S2 market phase | {'symbol': 'TUSDT', 'phase': 'drop_tradeable', 'note': 'drop_tradeable:bq=0.72'}
2026-07-11 16:49:34 | INFO | trading.strategy2_signal_filter:check:641 | S2 market phase | {'symbol': 'TUSDT', 'phase': 'drop_tradeable', 'note': 'drop_tradeable:bq=0.72'}
2026-07-11 16:49:39 | INFO | trading.strategy2_signal_filter:check:641 | S2 market phase | {'symbol': 'TUSDT', 'phase': 'drop_tradeable', 'note': 'drop_tradeable:bq=0.72'}
2026-07-11 16:49:39 | INFO | trading.strategy2_signal_filter:check:641 | S2 market phase | {'symbol': 'TUSDT', 'phase': 'drop_tradeable', 'note': 'drop_tradeable:bq=0.72'}
2026-07-11 16:49:44 | INFO | trading.strategy2_signal_filter:check:641 | S2 market phase | {'symbol': 'TUSDT', 'phase': 'drop_tradeable', 'note': 'drop_tradeable:bq=0.72'}
2026-07-11 16:49:49 | INFO | trading.strategy2_signal_filter:check:641 | S2 market phase | {'symbol': 'TUSDT', 'phase': 'drop_tradeable', 'note': 'drop_tradeable:bq=0.72'}
2026-07-11 16:49:54 | INFO | trading.strategy2_signal_filter:check:641 | S2 market phase | {'symbol': 'TUSDT', 'phase': 'drop_tradeable', 'note': 'drop_tradeable:bq=0.72'}
2026-07-11 16:49:54 | INFO | trading.strategy2_signal_filter:check:641 | S2 market phase | {'symbol': 'TUSDT', 'phase': 'drop_tradeable', 'note': 'drop_tradeable:bq=0.72'}
2026-07-11 16:49:59 | INFO | trading.strategy2_signal_filter:check:641 | S2 market phase | {'symbol': 'TUSDT', 'phase': 'drop_tradeable', 'note': 'drop_tradeable:bq=0.72'}
2026-07-11 16:50:05 | INFO | trading.strategy2_signal_filter:check:641 | S2 market phase | {'symbol': 'TUSDT', 'phase': 'drop_tradeable', 'note': 'drop_tradeable:bq=0.72'}
2026-07-11 16:50:10 | INFO | trading.strategy2_signal_filter:check:641 | S2 market phase | {'symbol': 'TUSDT', 'phase': 'drop_tradeable', 'note': 'drop_tradeable:bq=0.72'}
2026-07-11 16:50:10 | INFO | trading.strategy2_signal_filter:check:641 | S2 market phase | {'symbol': 'TUSDT', 'phase': 'drop_tradeable', 'note': 'drop_tradeable:bq=0.72'}
2026-07-11 16:50:15 | INFO | trading.strategy2_signal_filter:check:641 | S2 market phase | {'symbol': 'TUSDT', 'phase': 'drop_tradeable', 'note': 'drop_tradeable:bq=0.72'}
2026-07-11 16:50:20 | INFO | trading.strategy2_signal_filter:check:641 | S2 market phase | {'symbol': 'TUSDT', 'phase': 'drop_tradeable', 'note': 'drop_tradeable:bq=0.72'}
2026-07-11 16:50:25 | INFO | trading.strategy2_signal_filter:check:641 | S2 market phase | {'symbol': 'TUSDT', 'phase': 'drop_tradeable', 'note': 'drop_tradeable:bq=0.72'}
2026-07-11 16:50:25 | INFO | trading.strategy2_signal_filter:check:641 | S2 market phase | {'symbol': 'TUSDT', 'phase': 'drop_tradeable', 'note': 'drop_tradeable:bq=0.72'}
2026-07-11 16:50:30 | INFO | trading.strategy2_signal_filter:check:641 | S2 market phase | {'symbol': 'TUSDT', 'phase': 'drop_tradeable', 'note': 'drop_tradeable:bq=0.72'}
2026-07-11 16:50:35 | INFO | trading.strategy2_signal_filter:check:641 | S2 market phase | {'symbol': 'TUSDT', 'phase': 'drop_tradeable', 'note': 'drop_tradeable:bq=0.72'}
2026-07-11 16:50:40 | INFO | trading.strategy2_signal_filter:check:641 | S2 market phase | {'symbol': 'TUSDT', 'phase': 'drop_tradeable', 'note': 'drop_tradeable:bq=0.72'}
2026-07-11 16:50:40 | INFO | trading.strategy2_signal_filter:check:641 | S2 market phase | {'symbol': 'TUSDT', 'phase': 'drop_tradeable', 'note': 'drop_tradeable:bq=0.72'}
2026-07-11 16:50:45 | INFO | trading.strategy2_signal_filter:check:641 | S2 market phase | {'symbol': 'TUSDT', 'phase': 'drop_tradeable', 'note': 'drop_tradeable:bq=0.72'}
2026-07-11 16:50:50 | INFO | trading.strategy2_signal_filter:check:641 | S2 market phase | {'symbol': 'TUSDT', 'phase': 'drop_tradeable', 'note': 'drop_tradeable:bq=0.72'}
2026-07-11 16:50:55 | INFO | trading.strategy2_signal_filter:check:641 | S2 market phase | {'symbol': 'TUSDT', 'phase': 'drop_tradeable', 'note': 'drop_tradeable:bq=0.72'}
2026-07-11 16:50:55 | INFO | trading.strategy2_signal_filter:check:641 | S2 market phase | {'symbol': 'TUSDT', 'phase': 'drop_tradeable', 'note': 'drop_tradeable:bq=0.72'}
2026-07-11 16:51:01 | INFO | trading.strategy2_signal_filter:check:641 | S2 market phase | {'symbol': 'TUSDT', 'phase': 'drop_tradeable', 'note': 'drop_tradeable:bq=0.72'}
2026-07-11 16:51:06 | INFO | trading.strategy2_signal_filter:check:641 | S2 market phase | {'symbol': 'TUSDT', 'phase': 'drop_tradeable', 'note': 'drop_tradeable:bq=0.72'}
2026-07-11 16:51:11 | INFO | trading.strategy2_signal_filter:check:641 | S2 market phase | {'symbol': 'TUSDT', 'phase': 'drop_tradeable', 'note': 'drop_tradeable:bq=0.72'}
2026-07-11 16:51:11 | INFO | trading.strategy2_signal_filter:check:641 | S2 market phase | {'symbol': 'TUSDT', 'phase': 'drop_tradeable', 'note': 'drop_tradeable:bq=0.72'}
2026-07-11 16:51:16 | INFO | trading.strategy2_signal_filter:check:641 | S2 market phase | {'symbol': 'TUSDT', 'phase': 'drop_tradeable', 'note': 'drop_tradeable:bq=0.72'}
2026-07-11 16:51:21 | INFO | trading.strategy2_signal_filter:check:641 | S2 market phase | {'symbol': 'TUSDT', 'phase': 'drop_tradeable', 'note': 'drop_tradeable:bq=0.72'}
2026-07-11 16:51:26 | INFO | trading.strategy2_signal_filter:check:641 | S2 market phase | {'symbol': 'TUSDT', 'phase': 'drop_tradeable', 'note': 'drop_tradeable:bq=0.72'}
2026-07-11 16:51:26 | INFO | trading.strategy2_signal_filter:check:641 | S2 market phase | {'symbol': 'TUSDT', 'phase': 'drop_tradeable', 'note': 'drop_tradeable:bq=0.72'}
2026-07-11 16:51:31 | INFO | trading.strategy2_signal_filter:check:641 | S2 market phase | {'symbol': 'TUSDT', 'phase': 'drop_tradeable', 'note': 'drop_tradeable:bq=0.72'}
2026-07-11 16:52:12 | INFO | __main__:_trigger_loop:357 | Trigger activated | {'symbol': 'BUSDT'}
2026-07-11 16:52:12 | INFO | __main__:_run_phase1:414 | Pump degraded, skipping monitoring | {'symbol': 'BUSDT', 'health': 20, 'broken': 0, 'correction': '208%'}
2026-07-11 16:54:47 | INFO | __main__:_proximity_arm_loop:1948 | proximity-arm activated | {'symbol': 'CLOUSDT', 'level': 0.24581, 'type': 'pump_base', 'strength': 5, 'dist_atr': 2.04}
2026-07-11 16:54:47 | INFO | __main__:_run_phase1:601 | Level broken in recent candles, skipping monitor | {'symbol': 'CLOUSDT', 'level': 0.24581, 'close_below': 3}
2026-07-11 16:56:16 | INFO | __main__:_auto_screener_loop:306 | Auto screener completed | {'total': 1, 'new': 0}
2026-07-11 17:00:21 | INFO | trading.strategy2_signal_filter:check:641 | S2 market phase | {'symbol': 'TUSDT', 'phase': 'drop_tradeable', 'note': 'drop_tradeable:bq=0.72'}
2026-07-11 17:00:21 | INFO | trading.strategy2_signal_filter:check:641 | S2 market phase | {'symbol': 'TUSDT', 'phase': 'drop_tradeable', 'note': 'drop_tradeable:bq=0.72'}
2026-07-11 17:00:26 | INFO | trading.strategy2_signal_filter:check:641 | S2 market phase | {'symbol': 'TUSDT', 'phase': 'drop_tradeable', 'note': 'drop_tradeable:bq=0.72'}
2026-07-11 17:00:36 | INFO | trading.strategy2_signal_filter:check:641 | S2 market phase | {'symbol': 'TUSDT', 'phase': 'drop_tradeable', 'note': 'drop_tradeable:bq=0.72'}
2026-07-11 17:00:51 | INFO | trading.strategy2_signal_filter:check:641 | S2 market phase | {'symbol': 'TUSDT', 'phase': 'drop_tradeable', 'note': 'drop_tradeable:bq=0.72'}
2026-07-11 17:01:06 | INFO | trading.strategy2_signal_filter:check:641 | S2 market phase | {'symbol': 'TUSDT', 'phase': 'drop_tradeable', 'note': 'drop_tradeable:bq=0.72'}
2026-07-11 17:01:17 | INFO | trading.strategy2_signal_filter:check:641 | S2 market phase | {'symbol': 'TUSDT', 'phase': 'drop_tradeable', 'note': 'drop_tradeable:bq=0.72'}
2026-07-11 17:01:22 | INFO | trading.strategy2_signal_filter:check:641 | S2 market phase | {'symbol': 'TUSDT', 'phase': 'drop_tradeable', 'note': 'drop_tradeable:bq=0.72'}
2026-07-11 17:01:22 | INFO | trading.strategy2_signal_filter:check:641 | S2 market phase | {'symbol': 'TUSDT', 'phase': 'drop_tradeable', 'note': 'drop_tradeable:bq=0.72'}
2026-07-11 17:01:27 | INFO | trading.strategy2_signal_filter:check:641 | S2 market phase | {'symbol': 'TUSDT', 'phase': 'drop_tradeable', 'note': 'drop_tradeable:bq=0.72'}
2026-07-11 17:01:32 | INFO | trading.strategy2_signal_filter:check:641 | S2 market phase | {'symbol': 'TUSDT', 'phase': 'drop_tradeable', 'note': 'drop_tradeable:bq=0.72'}
2026-07-11 17:01:37 | INFO | trading.strategy2_signal_filter:check:641 | S2 market phase | {'symbol': 'TUSDT', 'phase': 'drop_tradeable', 'note': 'drop_tradeable:bq=0.72'}
2026-07-11 17:01:37 | INFO | trading.strategy2_signal_filter:check:641 | S2 market phase | {'symbol': 'TUSDT', 'phase': 'drop_tradeable', 'note': 'drop_tradeable:bq=0.72'}
2026-07-11 17:01:42 | INFO | __main__:_trigger_loop:357 | Trigger activated | {'symbol': 'CLOUSDT'}
2026-07-11 17:01:43 | INFO | __main__:_run_phase1:652 | Level monitoring started | {'symbol': 'CLOUSDT', 'level': 0.21104, 'strength': 5}
2026-07-11 17:01:52 | INFO | trading.strategy2_signal_filter:check:641 | S2 market phase | {'symbol': 'TUSDT', 'phase': 'drop_tradeable', 'note': 'drop_tradeable:bq=0.72'}
2026-07-11 17:02:08 | INFO | trading.strategy2_signal_filter:check:641 | S2 market phase | {'symbol': 'TUSDT', 'phase': 'drop_tradeable', 'note': 'drop_tradeable:bq=0.72'}
2026-07-11 17:02:23 | INFO | trading.strategy2_signal_filter:check:641 | S2 market phase | {'symbol': 'TUSDT', 'phase': 'drop_tradeable', 'note': 'drop_tradeable:bq=0.72'}
2026-07-11 17:02:23 | INFO | trading.strategy2_signal_filter:check:641 | S2 market phase | {'symbol': 'TUSDT', 'phase': 'drop_tradeable', 'note': 'drop_tradeable:bq=0.72'}
2026-07-11 17:02:28 | INFO | trading.strategy2_signal_filter:check:641 | S2 market phase | {'symbol': 'TUSDT', 'phase': 'drop_tradeable', 'note': 'drop_tradeable:bq=0.72'}
2026-07-11 17:02:33 | INFO | trading.strategy2_signal_filter:check:641 | S2 market phase | {'symbol': 'TUSDT', 'phase': 'drop_tradeable', 'note': 'drop_tradeable:bq=0.72'}
2026-07-11 17:02:38 | INFO | trading.strategy2_signal_filter:check:641 | S2 market phase | {'symbol': 'TUSDT', 'phase': 'drop_tradeable', 'note': 'drop_tradeable:bq=0.72'}
2026-07-11 17:02:38 | INFO | trading.strategy2_signal_filter:check:641 | S2 market phase | {'symbol': 'TUSDT', 'phase': 'drop_tradeable', 'note': 'drop_tradeable:bq=0.72'}
2026-07-11 17:02:43 | INFO | trading.strategy2_signal_filter:check:641 | S2 market phase | {'symbol': 'TUSDT', 'phase': 'drop_tradeable', 'note': 'drop_tradeable:bq=0.72'}
2026-07-11 17:02:48 | INFO | trading.strategy2_signal_filter:check:641 | S2 market phase | {'symbol': 'TUSDT', 'phase': 'drop_tradeable', 'note': 'drop_tradeable:bq=0.72'}
2026-07-11 17:02:53 | INFO | trading.strategy2_signal_filter:check:641 | S2 market phase | {'symbol': 'TUSDT', 'phase': 'drop_tradeable', 'note': 'drop_tradeable:bq=0.72'}
2026-07-11 17:02:55 | INFO | __main__:_stale_monitor_loop:1179 | Stale monitor cancelled — rebuilding | {'symbol': 'CLOUSDT', 'level': 0.21104, 'current': 0.2508, 'distance_pct': 15.9}
2026-07-11 17:02:55 | INFO | __main__:_monitored:798 | Monitor cancelled | {'symbol': 'CLOUSDT', 'level': 0.21104}
2026-07-11 17:03:04 | INFO | trading.strategy2_signal_filter:check:641 | S2 market phase | {'symbol': 'TUSDT', 'phase': 'drop_tradeable', 'note': 'drop_tradeable:bq=0.72'}
2026-07-11 17:03:09 | INFO | trading.strategy2_signal_filter:check:641 | S2 market phase | {'symbol': 'TUSDT', 'phase': 'drop_tradeable', 'note': 'drop_tradeable:bq=0.72'}
2026-07-11 17:03:09 | INFO | trading.strategy2_signal_filter:check:641 | S2 market phase | {'symbol': 'TUSDT', 'phase': 'drop_tradeable', 'note': 'drop_tradeable:bq=0.72'}
2026-07-11 17:03:14 | INFO | trading.strategy2_signal_filter:check:641 | S2 market phase | {'symbol': 'TUSDT', 'phase': 'drop_tradeable', 'note': 'drop_tradeable:bq=0.72'}
2026-07-11 17:03:24 | INFO | trading.strategy2_signal_filter:check:641 | S2 market phase | {'symbol': 'TUSDT', 'phase': 'drop_tradeable', 'note': 'drop_tradeable:bq=0.72'}
2026-07-11 17:03:39 | INFO | trading.strategy2_signal_filter:check:641 | S2 market phase | {'symbol': 'TUSDT', 'phase': 'drop_tradeable', 'note': 'drop_tradeable:bq=0.72'}
2026-07-11 17:03:55 | INFO | trading.strategy2_signal_filter:check:641 | S2 market phase | {'symbol': 'TUSDT', 'phase': 'drop_tradeable', 'note': 'drop_tradeable:bq=0.72'}
2026-07-11 17:04:10 | INFO | trading.strategy2_signal_filter:check:641 | S2 market phase | {'symbol': 'TUSDT', 'phase': 'drop_tradeable', 'note': 'drop_tradeable:bq=0.72'}
2026-07-11 17:04:25 | INFO | trading.strategy2_signal_filter:check:641 | S2 market phase | {'symbol': 'TUSDT', 'phase': 'drop_tradeable', 'note': 'drop_tradeable:bq=0.72'}
2026-07-11 17:04:30 | INFO | trading.strategy2_signal_filter:check:493 | S2 skip: approach>=block (G3, level exhausted) | {'symbol': 'TUSDT', 'level': 0.00438615, 'approach_count': 4, 'block_threshold': 4}
2026-07-11 17:04:30 | INFO | trading.strategy2_signal_filter:check:505 | S2: level marked dead, monitor will stop sending proximity | {'symbol': 'TUSDT', 'level': 0.00438615, 'approach_count': 4}
2026-07-11 17:04:40 | INFO | trading.strategy2_signal_filter:check:641 | S2 market phase | {'symbol': 'TUSDT', 'phase': 'drop_tradeable', 'note': 'drop_tradeable:bq=0.72'}
2026-07-11 17:04:56 | INFO | trading.strategy2_signal_filter:check:641 | S2 market phase | {'symbol': 'TUSDT', 'phase': 'drop_tradeable', 'note': 'drop_tradeable:bq=0.72'}
2026-07-11 17:05:11 | INFO | trading.strategy2_signal_filter:check:641 | S2 market phase | {'symbol': 'TUSDT', 'phase': 'drop_tradeable', 'note': 'drop_tradeable:bq=0.72'}
2026-07-11 17:05:26 | INFO | trading.strategy2_signal_filter:check:641 | S2 market phase | {'symbol': 'TUSDT', 'phase': 'drop_tradeable', 'note': 'drop_tradeable:bq=0.72'}
2026-07-11 17:05:41 | INFO | trading.strategy2_signal_filter:check:641 | S2 market phase | {'symbol': 'TUSDT', 'phase': 'drop_tradeable', 'note': 'drop_tradeable:bq=0.72'}
2026-07-11 17:05:48 | INFO | __main__:_proximity_arm_loop:1948 | proximity-arm activated | {'symbol': 'BEATUSDT', 'level': 2.271, 'type': 'pump_base', 'strength': 5, 'dist_atr': 1.84}
2026-07-11 17:05:48 | INFO | __main__:_run_phase1:414 | Pump degraded, skipping monitoring | {'symbol': 'BEATUSDT', 'health': 40, 'broken': 0, 'correction': '148%'}
2026-07-11 17:05:57 | INFO | trading.strategy2_signal_filter:check:641 | S2 market phase | {'symbol': 'TUSDT', 'phase': 'drop_tradeable', 'note': 'drop_tradeable:bq=0.72'}
2026-07-11 17:06:12 | INFO | trading.strategy2_signal_filter:check:641 | S2 market phase | {'symbol': 'TUSDT', 'phase': 'drop_tradeable', 'note': 'drop_tradeable:bq=0.72'}
2026-07-11 17:06:18 | INFO | __main__:_auto_screener_loop:306 | Auto screener completed | {'total': 1, 'new': 0}
2026-07-11 17:06:27 | INFO | trading.strategy2_signal_filter:check:641 | S2 market phase | {'symbol': 'TUSDT', 'phase': 'drop_tradeable', 'note': 'drop_tradeable:bq=0.72'}
2026-07-11 17:06:43 | INFO | trading.strategy2_signal_filter:check:641 | S2 market phase | {'symbol': 'TUSDT', 'phase': 'drop_tradeable', 'note': 'drop_tradeable:bq=0.72'}
2026-07-11 17:06:48 | INFO | __main__:_proximity_arm_loop:1948 | proximity-arm activated | {'symbol': 'MMTUSDT', 'level': 0.1845, 'type': 'pump_base', 'strength': 5, 'dist_atr': 1.78}
2026-07-11 17:06:48 | INFO | __main__:_run_phase1:535 | No strong levels found | {'symbol': 'MMTUSDT', 'total_levels': 2}
2026-07-11 17:06:58 | INFO | trading.strategy2_signal_filter:check:641 | S2 market phase | {'symbol': 'TUSDT', 'phase': 'drop_tradeable', 'note': 'drop_tradeable:bq=0.72'}
2026-07-11 17:07:13 | INFO | trading.strategy2_signal_filter:check:641 | S2 market phase | {'symbol': 'TUSDT', 'phase': 'drop_tradeable', 'note': 'drop_tradeable:bq=0.72'}
2026-07-11 17:07:28 | INFO | trading.strategy2_signal_filter:check:641 | S2 market phase | {'symbol': 'TUSDT', 'phase': 'drop_tradeable', 'note': 'drop_tradeable:bq=0.72'}
2026-07-11 17:07:44 | INFO | trading.strategy2_signal_filter:check:641 | S2 market phase | {'symbol': 'TUSDT', 'phase': 'drop_tradeable', 'note': 'drop_tradeable:bq=0.72'}
2026-07-11 17:07:59 | INFO | trading.strategy2_signal_filter:check:641 | S2 market phase | {'symbol': 'TUSDT', 'phase': 'drop_tradeable', 'note': 'drop_tradeable:bq=0.72'}
2026-07-11 17:10:18 | INFO | __main__:_proximity_arm_loop:1948 | proximity-arm activated | {'symbol': 'SKLUSDT', 'level': 0.004671, 'type': 'pump_base', 'strength': 5, 'dist_atr': 3.22}
2026-07-11 17:10:18 | INFO | __main__:_run_phase1:414 | Pump degraded, skipping monitoring | {'symbol': 'SKLUSDT', 'health': 40, 'broken': 0, 'correction': '94%'}
2026-07-11 17:11:18 | INFO | __main__:_trigger_loop:357 | Trigger activated | {'symbol': 'USUSDT'}
2026-07-11 17:11:18 | INFO | __main__:_run_phase1:652 | Level monitoring started | {'symbol': 'USUSDT', 'level': 0.021423, 'strength': 5}
2026-07-11 17:16:20 | INFO | __main__:_auto_screener_loop:306 | Auto screener completed | {'total': 1, 'new': 0}
2026-07-11 17:22:49 | INFO | __main__:_proximity_arm_loop:1948 | proximity-arm activated | {'symbol': 'EVAAUSDT', 'level': 1.6879, 'type': 'pump_base', 'strength': 5, 'dist_atr': 3.41}
2026-07-11 17:22:49 | INFO | __main__:_run_phase1:414 | Pump degraded, skipping monitoring | {'symbol': 'EVAAUSDT', 'health': 40, 'broken': 0, 'correction': '90%'}
2026-07-11 17:24:49 | INFO | __main__:_proximity_arm_loop:1948 | proximity-arm activated | {'symbol': 'CLOUSDT', 'level': 0.24581, 'type': 'pump_base', 'strength': 5, 'dist_atr': 2.06}
2026-07-11 17:24:49 | INFO | __main__:_run_phase1:652 | Level monitoring started | {'symbol': 'CLOUSDT', 'level': 0.22591, 'strength': 5}
2026-07-11 17:26:22 | INFO | __main__:_auto_screener_loop:306 | Auto screener completed | {'total': 1, 'new': 0}
2026-07-11 17:27:31 | INFO | __main__:_trigger_loop:357 | Trigger activated | {'symbol': 'MMTUSDT'}
2026-07-11 17:27:31 | INFO | __main__:_run_phase1:601 | Level broken in recent candles, skipping monitor | {'symbol': 'MMTUSDT', 'level': 0.1865, 'close_below': 27}
2026-07-11 17:31:25 | INFO | __main__:_trigger_loop:357 | Trigger activated | {'symbol': 'LABUSDT'}
2026-07-11 17:31:25 | INFO | __main__:_run_phase1:414 | Pump degraded, skipping monitoring | {'symbol': 'LABUSDT', 'health': 40, 'broken': 0, 'correction': '91%'}
2026-07-11 17:34:28 | INFO | __main__:_trigger_loop:357 | Trigger activated | {'symbol': 'EVAAUSDT'}
2026-07-11 17:34:28 | INFO | __main__:_run_phase1:414 | Pump degraded, skipping monitoring | {'symbol': 'EVAAUSDT', 'health': 40, 'broken': 0, 'correction': '91%'}
2026-07-11 17:35:49 | INFO | __main__:_proximity_arm_loop:1948 | proximity-arm activated | {'symbol': 'BEATUSDT', 'level': 2.271, 'type': 'pump_base', 'strength': 5, 'dist_atr': 1.06}
2026-07-11 17:35:49 | INFO | __main__:_run_phase1:414 | Pump degraded, skipping monitoring | {'symbol': 'BEATUSDT', 'health': 40, 'broken': 0, 'correction': '157%'}
2026-07-11 17:36:24 | INFO | __main__:_auto_screener_loop:306 | Auto screener completed | {'total': 1, 'new': 0}
2026-07-11 17:37:55 | INFO | __main__:_stale_monitor_loop:1179 | Stale monitor cancelled — rebuilding | {'symbol': 'CLOUSDT', 'level': 0.22591, 'current': 0.25212, 'distance_pct': 10.4}
2026-07-11 17:37:55 | INFO | __main__:_monitored:798 | Monitor cancelled | {'symbol': 'CLOUSDT', 'level': 0.22591}
2026-07-11 17:37:56 | INFO | __main__:_run_phase1:652 | Level monitoring started | {'symbol': 'CLOUSDT', 'level': 0.24635, 'strength': 5}
2026-07-11 17:40:19 | INFO | __main__:_proximity_arm_loop:1948 | proximity-arm activated | {'symbol': 'SKLUSDT', 'level': 0.004671, 'type': 'pump_base', 'strength': 5, 'dist_atr': 2.86}
2026-07-11 17:40:19 | INFO | __main__:_run_phase1:414 | Pump degraded, skipping monitoring | {'symbol': 'SKLUSDT', 'health': 40, 'broken': 0, 'correction': '95%'}
2026-07-11 17:40:30 | INFO | __main__:_proximity_loop:1258 | Proximity alert sent | {'symbol': 'CLOUSDT', 'level': 0.24635, 'distance_pct': 1.989258006763479}
2026-07-11 17:40:30 | INFO | trading.strategy2_signal_filter:check:493 | S2 skip: approach>=block (G3, level exhausted) | {'symbol': 'CLOUSDT', 'level': 0.24635, 'approach_count': 20, 'block_threshold': 4}
2026-07-11 17:40:30 | INFO | trading.strategy2_signal_filter:check:505 | S2: level marked dead, monitor will stop sending proximity | {'symbol': 'CLOUSDT', 'level': 0.24635, 'approach_count': 20}
2026-07-11 17:40:45 | INFO | trading.strategy2_signal_filter:check:493 | S2 skip: approach>=block (G3, level exhausted) | {'symbol': 'CLOUSDT', 'level': 0.24635, 'approach_count': 20, 'block_threshold': 4}
2026-07-11 17:41:01 | INFO | trading.strategy2_signal_filter:check:493 | S2 skip: approach>=block (G3, level exhausted) | {'symbol': 'CLOUSDT', 'level': 0.24635, 'approach_count': 20, 'block_threshold': 4}
2026-07-11 17:41:16 | INFO | trading.strategy2_signal_filter:check:493 | S2 skip: approach>=block (G3, level exhausted) | {'symbol': 'CLOUSDT', 'level': 0.24635, 'approach_count': 20, 'block_threshold': 4}
2026-07-11 17:41:31 | INFO | trading.strategy2_signal_filter:check:493 | S2 skip: approach>=block (G3, level exhausted) | {'symbol': 'CLOUSDT', 'level': 0.24635, 'approach_count': 20, 'block_threshold': 4}
2026-07-11 17:41:47 | INFO | trading.strategy2_signal_filter:check:493 | S2 skip: approach>=block (G3, level exhausted) | {'symbol': 'CLOUSDT', 'level': 0.24635, 'approach_count': 20, 'block_threshold': 4}
2026-07-11 17:42:02 | INFO | trading.strategy2_signal_filter:check:493 | S2 skip: approach>=block (G3, level exhausted) | {'symbol': 'CLOUSDT', 'level': 0.24635, 'approach_count': 20, 'block_threshold': 4}
2026-07-11 17:42:17 | INFO | trading.strategy2_signal_filter:check:493 | S2 skip: approach>=block (G3, level exhausted) | {'symbol': 'CLOUSDT', 'level': 0.24635, 'approach_count': 20, 'block_threshold': 4}
2026-07-11 17:42:32 | INFO | trading.strategy2_signal_filter:check:493 | S2 skip: approach>=block (G3, level exhausted) | {'symbol': 'CLOUSDT', 'level': 0.24635, 'approach_count': 20, 'block_threshold': 4}
2026-07-11 17:42:48 | INFO | trading.strategy2_signal_filter:check:493 | S2 skip: approach>=block (G3, level exhausted) | {'symbol': 'CLOUSDT', 'level': 0.24635, 'approach_count': 20, 'block_threshold': 4}
2026-07-11 17:43:03 | INFO | trading.strategy2_signal_filter:check:493 | S2 skip: approach>=block (G3, level exhausted) | {'symbol': 'CLOUSDT', 'level': 0.24635, 'approach_count': 20, 'block_threshold': 4}
2026-07-11 17:43:18 | INFO | trading.strategy2_signal_filter:check:493 | S2 skip: approach>=block (G3, level exhausted) | {'symbol': 'CLOUSDT', 'level': 0.24635, 'approach_count': 20, 'block_threshold': 4}
2026-07-11 17:43:34 | INFO | trading.strategy2_signal_filter:check:493 | S2 skip: approach>=block (G3, level exhausted) | {'symbol': 'CLOUSDT', 'level': 0.24635, 'approach_count': 20, 'block_threshold': 4}
2026-07-11 17:43:49 | INFO | trading.strategy2_signal_filter:check:493 | S2 skip: approach>=block (G3, level exhausted) | {'symbol': 'CLOUSDT', 'level': 0.24635, 'approach_count': 20, 'block_threshold': 4}
2026-07-11 17:43:49 | INFO | __main__:_proximity_arm_loop:1948 | proximity-arm activated | {'symbol': 'MMTUSDT', 'level': 0.1868, 'type': 'pump_base', 'strength': 5, 'dist_atr': 1.23}
2026-07-11 17:43:50 | INFO | __main__:_run_phase1:535 | No strong levels found | {'symbol': 'MMTUSDT', 'total_levels': 1}
2026-07-11 17:44:04 | INFO | trading.strategy2_signal_filter:check:493 | S2 skip: approach>=block (G3, level exhausted) | {'symbol': 'CLOUSDT', 'level': 0.24635, 'approach_count': 20, 'block_threshold': 4}
2026-07-11 17:44:19 | INFO | trading.strategy2_signal_filter:check:493 | S2 skip: approach>=block (G3, level exhausted) | {'symbol': 'CLOUSDT', 'level': 0.24635, 'approach_count': 20, 'block_threshold': 4}
2026-07-11 17:44:35 | INFO | trading.strategy2_signal_filter:check:493 | S2 skip: approach>=block (G3, level exhausted) | {'symbol': 'CLOUSDT', 'level': 0.24635, 'approach_count': 20, 'block_threshold': 4}
2026-07-11 17:44:50 | INFO | trading.strategy2_signal_filter:check:493 | S2 skip: approach>=block (G3, level exhausted) | {'symbol': 'CLOUSDT', 'level': 0.24635, 'approach_count': 20, 'block_threshold': 4}
2026-07-11 17:45:05 | INFO | trading.strategy2_signal_filter:check:493 | S2 skip: approach>=block (G3, level exhausted) | {'symbol': 'CLOUSDT', 'level': 0.24635, 'approach_count': 20, 'block_threshold': 4}
2026-07-11 17:45:10 | INFO | __main__:_trigger_loop:357 | Trigger activated | {'symbol': 'BEATUSDT'}
2026-07-11 17:45:10 | INFO | __main__:_run_phase1:414 | Pump degraded, skipping monitoring | {'symbol': 'BEATUSDT', 'health': 40, 'broken': 0, 'correction': '164%'}
2026-07-11 17:45:26 | INFO | __main__:_trigger_loop:357 | Trigger activated | {'symbol': 'TUSDT'}
2026-07-11 17:45:26 | INFO | __main__:_run_phase1:575 | Replaced old monitor with closer level | {'symbol': 'TUSDT', 'old': 0.00438615, 'new': 0.004434}
2026-07-11 17:45:26 | INFO | __main__:_monitored:798 | Monitor cancelled | {'symbol': 'TUSDT', 'level': 0.00438615}
2026-07-11 17:45:26 | INFO | __main__:_run_phase1:652 | Level monitoring started | {'symbol': 'TUSDT', 'level': 0.004434, 'strength': 5}
2026-07-11 17:46:26 | INFO | __main__:_auto_screener_loop:306 | Auto screener completed | {'total': 1, 'new': 0}
2026-07-11 17:52:50 | INFO | __main__:_proximity_arm_loop:1948 | proximity-arm activated | {'symbol': 'EVAAUSDT', 'level': 1.6946, 'type': 'pump_base', 'strength': 5, 'dist_atr': 1.74}
2026-07-11 17:52:50 | INFO | __main__:_run_phase1:414 | Pump degraded, skipping monitoring | {'symbol': 'EVAAUSDT', 'health': 40, 'broken': 0, 'correction': '94%'}
2026-07-11 17:53:15 | INFO | __main__:_trigger_loop:357 | Trigger activated | {'symbol': 'BUSDT'}
2026-07-11 17:53:15 | INFO | __main__:_run_phase1:414 | Pump degraded, skipping monitoring | {'symbol': 'BUSDT', 'health': 20, 'broken': 0, 'correction': '228%'}
2026-07-11 17:56:08 | INFO | trading.strategy2_signal_filter:check:493 | S2 skip: approach>=block (G3, level exhausted) | {'symbol': 'TUSDT', 'level': 0.004434, 'approach_count': 4, 'block_threshold': 4}
2026-07-11 17:56:08 | INFO | trading.strategy2_signal_filter:check:505 | S2: level marked dead, monitor will stop sending proximity | {'symbol': 'TUSDT', 'level': 0.004434, 'approach_count': 4}
2026-07-11 17:56:08 | INFO | __main__:_proximity_loop:1258 | Proximity alert sent | {'symbol': 'TUSDT', 'level': 0.004434, 'distance_pct': 1.6633399866932894}
2026-07-11 17:56:08 | INFO | trading.strategy2_signal_filter:check:493 | S2 skip: approach>=block (G3, level exhausted) | {'symbol': 'TUSDT', 'level': 0.004434, 'approach_count': 4, 'block_threshold': 4}
2026-07-11 17:56:28 | INFO | __main__:_auto_screener_loop:306 | Auto screener completed | {'total': 1, 'new': 0}
2026-07-11 17:56:38 | INFO | trading.strategy2_signal_filter:check:493 | S2 skip: approach>=block (G3, level exhausted) | {'symbol': 'TUSDT', 'level': 0.004434, 'approach_count': 4, 'block_threshold': 4}
2026-07-11 17:56:54 | INFO | trading.strategy2_signal_filter:check:493 | S2 skip: approach>=block (G3, level exhausted) | {'symbol': 'TUSDT', 'level': 0.004434, 'approach_count': 4, 'block_threshold': 4}
2026-07-11 17:57:09 | INFO | trading.strategy2_signal_filter:check:493 | S2 skip: approach>=block (G3, level exhausted) | {'symbol': 'TUSDT', 'level': 0.004434, 'approach_count': 4, 'block_threshold': 4}
2026-07-11 17:57:24 | INFO | trading.strategy2_signal_filter:check:493 | S2 skip: approach>=block (G3, level exhausted) | {'symbol': 'TUSDT', 'level': 0.004434, 'approach_count': 4, 'block_threshold': 4}
2026-07-11 17:57:40 | INFO | trading.strategy2_signal_filter:check:493 | S2 skip: approach>=block (G3, level exhausted) | {'symbol': 'TUSDT', 'level': 0.004434, 'approach_count': 4, 'block_threshold': 4}
2026-07-11 17:57:55 | INFO | trading.strategy2_signal_filter:check:493 | S2 skip: approach>=block (G3, level exhausted) | {'symbol': 'TUSDT', 'level': 0.004434, 'approach_count': 4, 'block_threshold': 4}
2026-07-11 17:58:10 | INFO | trading.strategy2_signal_filter:check:493 | S2 skip: approach>=block (G3, level exhausted) | {'symbol': 'TUSDT', 'level': 0.004434, 'approach_count': 4, 'block_threshold': 4}
2026-07-11 17:58:25 | INFO | trading.strategy2_signal_filter:check:493 | S2 skip: approach>=block (G3, level exhausted) | {'symbol': 'TUSDT', 'level': 0.004434, 'approach_count': 4, 'block_threshold': 4}
2026-07-11 17:58:41 | INFO | trading.strategy2_signal_filter:check:493 | S2 skip: approach>=block (G3, level exhausted) | {'symbol': 'TUSDT', 'level': 0.004434, 'approach_count': 4, 'block_threshold': 4}
2026-07-11 17:58:56 | INFO | trading.strategy2_signal_filter:check:493 | S2 skip: approach>=block (G3, level exhausted) | {'symbol': 'TUSDT', 'level': 0.004434, 'approach_count': 4, 'block_threshold': 4}
2026-07-11 17:59:11 | INFO | trading.strategy2_signal_filter:check:493 | S2 skip: approach>=block (G3, level exhausted) | {'symbol': 'TUSDT', 'level': 0.004434, 'approach_count': 4, 'block_threshold': 4}
2026-07-11 17:59:42 | INFO | trading.strategy2_signal_filter:check:493 | S2 skip: approach>=block (G3, level exhausted) | {'symbol': 'TUSDT', 'level': 0.004434, 'approach_count': 4, 'block_threshold': 4}
2026-07-11 18:00:12 | INFO | trading.strategy2_signal_filter:check:493 | S2 skip: approach>=block (G3, level exhausted) | {'symbol': 'TUSDT', 'level': 0.004434, 'approach_count': 4, 'block_threshold': 4}
2026-07-11 18:00:43 | INFO | trading.strategy2_signal_filter:check:493 | S2 skip: approach>=block (G3, level exhausted) | {'symbol': 'TUSDT', 'level': 0.004434, 'approach_count': 4, 'block_threshold': 4}
2026-07-11 18:00:58 | INFO | trading.strategy2_signal_filter:check:493 | S2 skip: approach>=block (G3, level exhausted) | {'symbol': 'TUSDT', 'level': 0.004434, 'approach_count': 4, 'block_threshold': 4}
2026-07-11 18:01:14 | INFO | analysis.monitor:start_monitor:126 | monitor: skip level with non-positive p_bounce (won't pass entry filter) | {'symbol': 'TUSDT', 'level': 0.0045945405405405405, 'level_type': 'wick_level', 'p_bounce': 0.0, 'expected_depth': 0.0}
2026-07-11 18:01:14 | INFO | trading.strategy2_signal_filter:check:493 | S2 skip: approach>=block (G3, level exhausted) | {'symbol': 'TUSDT', 'level': 0.004434, 'approach_count': 5, 'block_threshold': 4}
2026-07-11 18:01:14 | INFO | __main__:_start_resistance_after_bounce:1116 | Resistance monitor started | {'symbol': 'TUSDT', 'resistance': 0.0045945405405405405, 'from_support': 0.004434}
2026-07-11 18:01:14 | INFO | __main__:_monitored:787 | Level outcome saved | {'symbol': 'TUSDT', 'level': 0.0045945405405405405, 'result': 'отбой', 'outcome': None, 'duration': 0.0}
2026-07-11 18:01:29 | INFO | trading.strategy2_signal_filter:check:493 | S2 skip: approach>=block (G3, level exhausted) | {'symbol': 'TUSDT', 'level': 0.004434, 'approach_count': 5, 'block_threshold': 4}
2026-07-11 18:01:44 | INFO | __main__:_trigger_loop:357 | Trigger activated | {'symbol': 'CLOUSDT'}
2026-07-11 18:01:45 | INFO | trading.strategy2_signal_filter:check:493 | S2 skip: approach>=block (G3, level exhausted) | {'symbol': 'TUSDT', 'level': 0.004434, 'approach_count': 5, 'block_threshold': 4}
2026-07-11 18:02:00 | INFO | trading.strategy2_signal_filter:check:493 | S2 skip: approach>=block (G3, level exhausted) | {'symbol': 'TUSDT', 'level': 0.004434, 'approach_count': 5, 'block_threshold': 4}
2026-07-11 18:02:15 | INFO | trading.strategy2_signal_filter:check:493 | S2 skip: approach>=block (G3, level exhausted) | {'symbol': 'TUSDT', 'level': 0.004434, 'approach_count': 5, 'block_threshold': 4}
2026-07-11 18:02:30 | INFO | trading.strategy2_signal_filter:check:493 | S2 skip: approach>=block (G3, level exhausted) | {'symbol': 'TUSDT', 'level': 0.004434, 'approach_count': 5, 'block_threshold': 4}
2026-07-11 18:02:45 | INFO | trading.strategy2_signal_filter:check:493 | S2 skip: approach>=block (G3, level exhausted) | {'symbol': 'TUSDT', 'level': 0.004434, 'approach_count': 5, 'block_threshold': 4}
2026-07-11 18:03:01 | INFO | trading.strategy2_signal_filter:check:493 | S2 skip: approach>=block (G3, level exhausted) | {'symbol': 'TUSDT', 'level': 0.004434, 'approach_count': 4, 'block_threshold': 4}
2026-07-11 18:03:16 | INFO | trading.strategy2_signal_filter:check:493 | S2 skip: approach>=block (G3, level exhausted) | {'symbol': 'USUSDT', 'level': 0.021423, 'approach_count': 22, 'block_threshold': 4}
2026-07-11 18:03:16 | INFO | trading.strategy2_signal_filter:check:505 | S2: level marked dead, monitor will stop sending proximity | {'symbol': 'USUSDT', 'level': 0.021423, 'approach_count': 22}
2026-07-11 18:03:16 | INFO | __main__:_proximity_loop:1258 | Proximity alert sent | {'symbol': 'USUSDT', 'level': 0.021423, 'distance_pct': 1.8913720461623016}
2026-07-11 18:03:16 | INFO | trading.strategy2_signal_filter:check:493 | S2 skip: approach>=block (G3, level exhausted) | {'symbol': 'USUSDT', 'level': 0.021423, 'approach_count': 22, 'block_threshold': 4}
2026-07-11 18:03:16 | INFO | trading.strategy2_signal_filter:check:493 | S2 skip: approach>=block (G3, level exhausted) | {'symbol': 'TUSDT', 'level': 0.004434, 'approach_count': 5, 'block_threshold': 4}
2026-07-11 18:03:31 | INFO | trading.strategy2_signal_filter:check:493 | S2 skip: approach>=block (G3, level exhausted) | {'symbol': 'USUSDT', 'level': 0.021423, 'approach_count': 22, 'block_threshold': 4}
2026-07-11 18:03:31 | INFO | trading.strategy2_signal_filter:check:493 | S2 skip: approach>=block (G3, level exhausted) | {'symbol': 'TUSDT', 'level': 0.004434, 'approach_count': 4, 'block_threshold': 4}
2026-07-11 18:03:47 | INFO | trading.strategy2_signal_filter:check:493 | S2 skip: approach>=block (G3, level exhausted) | {'symbol': 'USUSDT', 'level': 0.021423, 'approach_count': 23, 'block_threshold': 4}
2026-07-11 18:03:47 | INFO | trading.strategy2_signal_filter:check:493 | S2 skip: approach>=block (G3, level exhausted) | {'symbol': 'TUSDT', 'level': 0.004434, 'approach_count': 5, 'block_threshold': 4}
2026-07-11 18:04:02 | INFO | trading.strategy2_signal_filter:check:493 | S2 skip: approach>=block (G3, level exhausted) | {'symbol': 'USUSDT', 'level': 0.021423, 'approach_count': 23, 'block_threshold': 4}
2026-07-11 18:04:02 | INFO | trading.strategy2_signal_filter:check:493 | S2 skip: approach>=block (G3, level exhausted) | {'symbol': 'TUSDT', 'level': 0.004434, 'approach_count': 5, 'block_threshold': 4}
2026-07-11 18:04:17 | INFO | trading.strategy2_signal_filter:check:493 | S2 skip: approach>=block (G3, level exhausted) | {'symbol': 'USUSDT', 'level': 0.021423, 'approach_count': 23, 'block_threshold': 4}
2026-07-11 18:04:17 | INFO | trading.strategy2_signal_filter:check:493 | S2 skip: approach>=block (G3, level exhausted) | {'symbol': 'TUSDT', 'level': 0.004434, 'approach_count': 6, 'block_threshold': 4}
2026-07-11 18:04:32 | INFO | trading.strategy2_signal_filter:check:493 | S2 skip: approach>=block (G3, level exhausted) | {'symbol': 'USUSDT', 'level': 0.021423, 'approach_count': 23, 'block_threshold': 4}
2026-07-11 18:04:32 | INFO | trading.strategy2_signal_filter:check:493 | S2 skip: approach>=block (G3, level exhausted) | {'symbol': 'TUSDT', 'level': 0.004434, 'approach_count': 6, 'block_threshold': 4}
2026-07-11 18:04:48 | INFO | trading.strategy2_signal_filter:check:493 | S2 skip: approach>=block (G3, level exhausted) | {'symbol': 'USUSDT', 'level': 0.021423, 'approach_count': 23, 'block_threshold': 4}
2026-07-11 18:04:48 | INFO | trading.strategy2_signal_filter:check:493 | S2 skip: approach>=block (G3, level exhausted) | {'symbol': 'TUSDT', 'level': 0.004434, 'approach_count': 6, 'block_threshold': 4}
2026-07-11 18:05:03 | INFO | trading.strategy2_signal_filter:check:493 | S2 skip: approach>=block (G3, level exhausted) | {'symbol': 'USUSDT', 'level': 0.021423, 'approach_count': 23, 'block_threshold': 4}
2026-07-11 18:05:03 | INFO | trading.strategy2_signal_filter:check:493 | S2 skip: approach>=block (G3, level exhausted) | {'symbol': 'TUSDT', 'level': 0.004434, 'approach_count': 6, 'block_threshold': 4}
2026-07-11 18:05:18 | INFO | trading.strategy2_signal_filter:check:493 | S2 skip: approach>=block (G3, level exhausted) | {'symbol': 'USUSDT', 'level': 0.021423, 'approach_count': 23, 'block_threshold': 4}
2026-07-11 18:05:18 | INFO | trading.strategy2_signal_filter:check:493 | S2 skip: approach>=block (G3, level exhausted) | {'symbol': 'TUSDT', 'level': 0.004434, 'approach_count': 6, 'block_threshold': 4}
2026-07-11 18:05:34 | INFO | trading.strategy2_signal_filter:check:493 | S2 skip: approach>=block (G3, level exhausted) | {'symbol': 'USUSDT', 'level': 0.021423, 'approach_count': 23, 'block_threshold': 4}
2026-07-11 18:05:34 | INFO | trading.strategy2_signal_filter:check:493 | S2 skip: approach>=block (G3, level exhausted) | {'symbol': 'TUSDT', 'level': 0.004434, 'approach_count': 6, 'block_threshold': 4}
2026-07-11 18:05:49 | INFO | trading.strategy2_signal_filter:check:493 | S2 skip: approach>=block (G3, level exhausted) | {'symbol': 'USUSDT', 'level': 0.021423, 'approach_count': 23, 'block_threshold': 4}
2026-07-11 18:05:49 | INFO | trading.strategy2_signal_filter:check:493 | S2 skip: approach>=block (G3, level exhausted) | {'symbol': 'TUSDT', 'level': 0.004434, 'approach_count': 6, 'block_threshold': 4}
2026-07-11 18:06:04 | INFO | trading.strategy2_signal_filter:check:493 | S2 skip: approach>=block (G3, level exhausted) | {'symbol': 'USUSDT', 'level': 0.021423, 'approach_count': 22, 'block_threshold': 4}
2026-07-11 18:06:04 | INFO | trading.strategy2_signal_filter:check:493 | S2 skip: approach>=block (G3, level exhausted) | {'symbol': 'TUSDT', 'level': 0.004434, 'approach_count': 6, 'block_threshold': 4}
2026-07-11 18:06:19 | INFO | trading.strategy2_signal_filter:check:493 | S2 skip: approach>=block (G3, level exhausted) | {'symbol': 'USUSDT', 'level': 0.021423, 'approach_count': 23, 'block_threshold': 4}
2026-07-11 18:06:19 | INFO | trading.strategy2_signal_filter:check:493 | S2 skip: approach>=block (G3, level exhausted) | {'symbol': 'TUSDT', 'level': 0.004434, 'approach_count': 7, 'block_threshold': 4}
2026-07-11 18:06:30 | INFO | __main__:_auto_screener_loop:306 | Auto screener completed | {'total': 1, 'new': 0}
2026-07-11 18:06:35 | INFO | trading.strategy2_signal_filter:check:493 | S2 skip: approach>=block (G3, level exhausted) | {'symbol': 'USUSDT', 'level': 0.021423, 'approach_count': 23, 'block_threshold': 4}
2026-07-11 18:06:35 | INFO | trading.strategy2_signal_filter:check:493 | S2 skip: approach>=block (G3, level exhausted) | {'symbol': 'TUSDT', 'level': 0.004434, 'approach_count': 7, 'block_threshold': 4}
2026-07-11 18:06:50 | INFO | trading.strategy2_signal_filter:check:493 | S2 skip: approach>=block (G3, level exhausted) | {'symbol': 'USUSDT', 'level': 0.021423, 'approach_count': 23, 'block_threshold': 4}
2026-07-11 18:06:50 | INFO | trading.strategy2_signal_filter:check:493 | S2 skip: approach>=block (G3, level exhausted) | {'symbol': 'TUSDT', 'level': 0.004434, 'approach_count': 7, 'block_threshold': 4}
2026-07-11 18:07:05 | INFO | trading.strategy2_signal_filter:check:493 | S2 skip: approach>=block (G3, level exhausted) | {'symbol': 'USUSDT', 'level': 0.021423, 'approach_count': 23, 'block_threshold': 4}
2026-07-11 18:07:05 | INFO | trading.strategy2_signal_filter:check:493 | S2 skip: approach>=block (G3, level exhausted) | {'symbol': 'TUSDT', 'level': 0.004434, 'approach_count': 7, 'block_threshold': 4}
2026-07-11 18:07:21 | INFO | trading.strategy2_signal_filter:check:493 | S2 skip: approach>=block (G3, level exhausted) | {'symbol': 'USUSDT', 'level': 0.021423, 'approach_count': 23, 'block_threshold': 4}
2026-07-11 18:07:21 | INFO | trading.strategy2_signal_filter:check:493 | S2 skip: approach>=block (G3, level exhausted) | {'symbol': 'TUSDT', 'level': 0.004434, 'approach_count': 7, 'block_threshold': 4}
2026-07-11 18:07:36 | INFO | trading.strategy2_signal_filter:check:493 | S2 skip: approach>=block (G3, level exhausted) | {'symbol': 'USUSDT', 'level': 0.021423, 'approach_count': 23, 'block_threshold': 4}
2026-07-11 18:07:36 | INFO | trading.strategy2_signal_filter:check:493 | S2 skip: approach>=block (G3, level exhausted) | {'symbol': 'TUSDT', 'level': 0.004434, 'approach_count': 7, 'block_threshold': 4}
2026-07-11 18:07:51 | INFO | trading.strategy2_signal_filter:check:493 | S2 skip: approach>=block (G3, level exhausted) | {'symbol': 'USUSDT', 'level': 0.021423, 'approach_count': 23, 'block_threshold': 4}
2026-07-11 18:07:51 | INFO | trading.strategy2_signal_filter:check:493 | S2 skip: approach>=block (G3, level exhausted) | {'symbol': 'TUSDT', 'level': 0.004434, 'approach_count': 7, 'block_threshold': 4}
2026-07-11 18:07:52 | WARNING | data.collector:_stream_agg_trades:180 | Failed to create aggTrades client | {'symbol': 'TUSDT', 'error': 'Cannot connect to host api.binance.com:443 ssl:default [Connection reset by peer]'}
2026-07-11 18:08:06 | INFO | trading.strategy2_signal_filter:check:493 | S2 skip: approach>=block (G3, level exhausted) | {'symbol': 'USUSDT', 'level': 0.021423, 'approach_count': 23, 'block_threshold': 4}
2026-07-11 18:08:06 | INFO | trading.strategy2_signal_filter:check:493 | S2 skip: approach>=block (G3, level exhausted) | {'symbol': 'TUSDT', 'level': 0.004434, 'approach_count': 7, 'block_threshold': 4}
2026-07-11 18:08:22 | INFO | trading.strategy2_signal_filter:check:493 | S2 skip: approach>=block (G3, level exhausted) | {'symbol': 'USUSDT', 'level': 0.021423, 'approach_count': 23, 'block_threshold': 4}
2026-07-11 18:08:22 | INFO | trading.strategy2_signal_filter:check:493 | S2 skip: approach>=block (G3, level exhausted) | {'symbol': 'TUSDT', 'level': 0.004434, 'approach_count': 7, 'block_threshold': 4}
2026-07-11 18:08:37 | INFO | trading.strategy2_signal_filter:check:493 | S2 skip: approach>=block (G3, level exhausted) | {'symbol': 'USUSDT', 'level': 0.021423, 'approach_count': 23, 'block_threshold': 4}
2026-07-11 18:08:37 | INFO | trading.strategy2_signal_filter:check:493 | S2 skip: approach>=block (G3, level exhausted) | {'symbol': 'TUSDT', 'level': 0.004434, 'approach_count': 8, 'block_threshold': 4}
2026-07-11 18:08:50 | INFO | __main__:_proximity_arm_loop:1948 | proximity-arm activated | {'symbol': 'BEATUSDT', 'level': 2.271, 'type': 'pump_base', 'strength': 5, 'dist_atr': 1.05}
2026-07-11 18:08:50 | INFO | __main__:_run_phase1:414 | Pump degraded, skipping monitoring | {'symbol': 'BEATUSDT', 'health': 40, 'broken': 0, 'correction': '158%'}
2026-07-11 18:08:52 | INFO | trading.strategy2_signal_filter:check:493 | S2 skip: approach>=block (G3, level exhausted) | {'symbol': 'USUSDT', 'level': 0.021423, 'approach_count': 23, 'block_threshold': 4}
2026-07-11 18:08:52 | INFO | trading.strategy2_signal_filter:check:493 | S2 skip: approach>=block (G3, level exhausted) | {'symbol': 'TUSDT', 'level': 0.004434, 'approach_count': 8, 'block_threshold': 4}
2026-07-11 18:09:08 | INFO | trading.strategy2_signal_filter:check:493 | S2 skip: approach>=block (G3, level exhausted) | {'symbol': 'USUSDT', 'level': 0.021423, 'approach_count': 23, 'block_threshold': 4}
2026-07-11 18:09:08 | INFO | trading.strategy2_signal_filter:check:493 | S2 skip: approach>=block (G3, level exhausted) | {'symbol': 'TUSDT', 'level': 0.004434, 'approach_count': 8, 'block_threshold': 4}
2026-07-11 18:09:23 | INFO | trading.strategy2_signal_filter:check:493 | S2 skip: approach>=block (G3, level exhausted) | {'symbol': 'USUSDT', 'level': 0.021423, 'approach_count': 22, 'block_threshold': 4}
2026-07-11 18:09:23 | INFO | trading.strategy2_signal_filter:check:493 | S2 skip: approach>=block (G3, level exhausted) | {'symbol': 'TUSDT', 'level': 0.004434, 'approach_count': 8, 'block_threshold': 4}
2026-07-11 18:09:38 | INFO | trading.strategy2_signal_filter:check:493 | S2 skip: approach>=block (G3, level exhausted) | {'symbol': 'USUSDT', 'level': 0.021423, 'approach_count': 22, 'block_threshold': 4}
2026-07-11 18:09:38 | INFO | trading.strategy2_signal_filter:check:493 | S2 skip: approach>=block (G3, level exhausted) | {'symbol': 'TUSDT', 'level': 0.004434, 'approach_count': 8, 'block_threshold': 4}
2026-07-11 18:09:53 | INFO | trading.strategy2_signal_filter:check:493 | S2 skip: approach>=block (G3, level exhausted) | {'symbol': 'USUSDT', 'level': 0.021423, 'approach_count': 22, 'block_threshold': 4}
2026-07-11 18:09:53 | INFO | trading.strategy2_signal_filter:check:493 | S2 skip: approach>=block (G3, level exhausted) | {'symbol': 'TUSDT', 'level': 0.004434, 'approach_count': 8, 'block_threshold': 4}
2026-07-11 18:09:59 | INFO | __main__:_proximity_loop:1381 | Weak level touch resolved | {'symbol': 'USUSDT', 'level': 0.021737, 'event': 'zakol', 'fill_depth': 0.3128306574044193}
2026-07-11 18:10:04 | INFO | analysis.monitor:start_monitor:126 | monitor: skip level with non-positive p_bounce (won't pass entry filter) | {'symbol': 'TUSDT', 'level': 0.004463416666666667, 'level_type': 'wick_level', 'p_bounce': 0.0, 'expected_depth': 0.0}
2026-07-11 18:10:04 | INFO | __main__:_monitored:798 | Monitor cancelled | {'symbol': 'TUSDT', 'level': 0.004434}
2026-07-11 18:10:04 | INFO | __main__:_start_resistance_after_bounce:1116 | Resistance monitor started | {'symbol': 'TUSDT', 'resistance': 0.004463416666666667, 'from_support': 0.004434}
2026-07-11 18:10:04 | INFO | __main__:_monitored:787 | Level outcome saved | {'symbol': 'TUSDT', 'level': 0.004463416666666667, 'result': 'отбой', 'outcome': None, 'duration': 0.0}
2026-07-11 18:10:09 | INFO | trading.strategy2_signal_filter:check:493 | S2 skip: approach>=block (G3, level exhausted) | {'symbol': 'USUSDT', 'level': 0.021423, 'approach_count': 22, 'block_threshold': 4}
2026-07-11 18:10:24 | INFO | trading.strategy2_signal_filter:check:493 | S2 skip: approach>=block (G3, level exhausted) | {'symbol': 'USUSDT', 'level': 0.021423, 'approach_count': 22, 'block_threshold': 4}
2026-07-11 18:10:39 | INFO | trading.strategy2_signal_filter:check:493 | S2 skip: approach>=block (G3, level exhausted) | {'symbol': 'USUSDT', 'level': 0.021423, 'approach_count': 22, 'block_threshold': 4}
2026-07-11 18:10:55 | INFO | trading.strategy2_signal_filter:check:493 | S2 skip: approach>=block (G3, level exhausted) | {'symbol': 'USUSDT', 'level': 0.021423, 'approach_count': 22, 'block_threshold': 4}
2026-07-11 18:11:10 | INFO | trading.strategy2_signal_filter:check:493 | S2 skip: approach>=block (G3, level exhausted) | {'symbol': 'USUSDT', 'level': 0.021423, 'approach_count': 23, 'block_threshold': 4}
2026-07-11 18:11:25 | INFO | trading.strategy2_signal_filter:check:493 | S2 skip: approach>=block (G3, level exhausted) | {'symbol': 'USUSDT', 'level': 0.021423, 'approach_count': 23, 'block_threshold': 4}
2026-07-11 18:11:41 | INFO | trading.strategy2_signal_filter:check:493 | S2 skip: approach>=block (G3, level exhausted) | {'symbol': 'USUSDT', 'level': 0.021423, 'approach_count': 23, 'block_threshold': 4}
2026-07-11 18:11:56 | INFO | trading.strategy2_signal_filter:check:493 | S2 skip: approach>=block (G3, level exhausted) | {'symbol': 'USUSDT', 'level': 0.021423, 'approach_count': 22, 'block_threshold': 4}
2026-07-11 18:12:11 | INFO | trading.strategy2_signal_filter:check:493 | S2 skip: approach>=block (G3, level exhausted) | {'symbol': 'USUSDT', 'level': 0.021423, 'approach_count': 22, 'block_threshold': 4}
2026-07-11 18:12:26 | INFO | trading.strategy2_signal_filter:check:493 | S2 skip: approach>=block (G3, level exhausted) | {'symbol': 'USUSDT', 'level': 0.021423, 'approach_count': 22, 'block_threshold': 4}
2026-07-11 18:12:42 | INFO | trading.strategy2_signal_filter:check:493 | S2 skip: approach>=block (G3, level exhausted) | {'symbol': 'USUSDT', 'level': 0.021423, 'approach_count': 22, 'block_threshold': 4}
2026-07-11 18:12:57 | INFO | trading.strategy2_signal_filter:check:493 | S2 skip: approach>=block (G3, level exhausted) | {'symbol': 'USUSDT', 'level': 0.021423, 'approach_count': 22, 'block_threshold': 4}
2026-07-11 18:13:12 | INFO | trading.strategy2_signal_filter:check:493 | S2 skip: approach>=block (G3, level exhausted) | {'symbol': 'USUSDT', 'level': 0.021423, 'approach_count': 22, 'block_threshold': 4}
2026-07-11 18:13:28 | INFO | trading.strategy2_signal_filter:check:493 | S2 skip: approach>=block (G3, level exhausted) | {'symbol': 'USUSDT', 'level': 0.021423, 'approach_count': 22, 'block_threshold': 4}
2026-07-11 18:13:43 | INFO | trading.strategy2_signal_filter:check:493 | S2 skip: approach>=block (G3, level exhausted) | {'symbol': 'USUSDT', 'level': 0.021423, 'approach_count': 22, 'block_threshold': 4}
2026-07-11 18:13:58 | INFO | trading.strategy2_signal_filter:check:493 | S2 skip: approach>=block (G3, level exhausted) | {'symbol': 'USUSDT', 'level': 0.021423, 'approach_count': 22, 'block_threshold': 4}
2026-07-11 18:14:13 | INFO | trading.strategy2_signal_filter:check:493 | S2 skip: approach>=block (G3, level exhausted) | {'symbol': 'USUSDT', 'level': 0.021423, 'approach_count': 22, 'block_threshold': 4}
2026-07-11 18:14:20 | INFO | __main__:_proximity_arm_loop:1948 | proximity-arm activated | {'symbol': 'MMTUSDT', 'level': 0.1845, 'type': 'pump_base', 'strength': 5, 'dist_atr': 3.86}
2026-07-11 18:14:21 | INFO | __main__:_run_phase1:652 | Level monitoring started | {'symbol': 'MMTUSDT', 'level': 0.158, 'strength': 5}
2026-07-11 18:14:29 | INFO | trading.strategy2_signal_filter:check:493 | S2 skip: approach>=block (G3, level exhausted) | {'symbol': 'USUSDT', 'level': 0.021423, 'approach_count': 23, 'block_threshold': 4}
2026-07-11 18:15:35 | INFO | __main__:_proximity_loop:1381 | Weak level touch resolved | {'symbol': 'USUSDT', 'level': 0.021737, 'event': 'bounce', 'fill_depth': 0.0}
2026-07-11 18:16:11 | INFO | trading.strategy2_signal_filter:check:493 | S2 skip: approach>=block (G3, level exhausted) | {'symbol': 'USUSDT', 'level': 0.021423, 'approach_count': 23, 'block_threshold': 4}
2026-07-11 18:16:21 | INFO | __main__:_proximity_arm_loop:1948 | proximity-arm activated | {'symbol': 'LABUSDT', 'level': 0.7022, 'type': 'pump_base', 'strength': 5, 'dist_atr': 1.08}
2026-07-11 18:16:21 | INFO | __main__:_run_phase1:414 | Pump degraded, skipping monitoring | {'symbol': 'LABUSDT', 'health': 40, 'broken': 0, 'correction': '96%'}
2026-07-11 18:16:26 | INFO | trading.strategy2_signal_filter:check:493 | S2 skip: approach>=block (G3, level exhausted) | {'symbol': 'USUSDT', 'level': 0.021423, 'approach_count': 22, 'block_threshold': 4}
2026-07-11 18:16:33 | INFO | config:add:68 | Token added | {'symbol': 'SXTUSDT'}
2026-07-11 18:16:33 | INFO | __main__:_auto_screener_loop:192 | Auto-added new symbol from screener | {'symbol': 'SXTUSDT'}
2026-07-11 18:16:34 | INFO | analysis.claude_strength:calculate_strength_with_claude:174 | Claude input levels | {'symbol': 'SXTUSDT', 'levels': [{'price': 0.00838341, 'candle_count': 12, 'hourly_open_bonus': 0, 'round_number_bonus': 2, 'poc_aligned': False, 'position': 'impulse', 'volume_at_level': 43627841.0, 'type': 'body_level'}, {'price': 0.008465, 'candle_count': 29, 'hourly_open_bonus': 0, 'round_number_bonus': 1, 'poc_aligned': False, 'position': 'impulse', 'volume_at_level': 31730267.0, 'type': 'body_level'}, {'price': 0.00852, 'candle_count': 2, 'hourly_open_bonus': 2, 'round_number_bonus': 2, 'poc_aligned': False, 'position': 'impulse', 'volume_at_level': 979482818.0, 'type': 'pump_base'}, {'price': 0.00857747, 'candle_count': 26, 'hourly_open_bonus': 0, 'round_number_bonus': 2, 'poc_aligned': False, 'position': 'impulse', 'volume_at_level': 35689516.0, 'type': 'body_level'}, {'price': 0.0091315, 'candle_count': 15, 'hourly_open_bonus': 0, 'round_number_bonus': 1, 'poc_aligned': False, 'position': 'mid_move', 'volume_at_level': 44054697.0, 'type': 'body_level'}, {'price': 0.00923, 'candle_count': 1, 'hourly_open_bonus': 2, 'round_number_bonus': 1, 'poc_aligned': False, 'position': 'mid_move', 'volume_at_level': 1005205393.0, 'type': 'pump_base'}]}
2026-07-11 18:16:36 | INFO | __main__:_trigger_loop:357 | Trigger activated | {'symbol': 'SXTUSDT'}
2026-07-11 18:16:36 | INFO | __main__:_run_phase1:601 | Level broken in recent candles, skipping monitor | {'symbol': 'SXTUSDT', 'level': 0.00923, 'close_below': 10}
2026-07-11 18:16:37 | INFO | analysis.claude_strength:calculate_strength_with_claude:298 | Claude strength assigned | {'symbol': 'SXTUSDT', 'level': 0.00838341, 'strength': 4, 'p_bounce_claude': 91, 'reason': 'Body_level, 12 касаний, близко к округлому'}
2026-07-11 18:16:37 | INFO | analysis.claude_strength:calculate_strength_with_claude:298 | Claude strength assigned | {'symbol': 'SXTUSDT', 'level': 0.008465, 'strength': 4, 'p_bounce_claude': 93, 'reason': 'Body_level, 29 касаний, максимум в зоне'}
2026-07-11 18:16:37 | INFO | analysis.claude_strength:calculate_strength_with_claude:298 | Claude strength assigned | {'symbol': 'SXTUSDT', 'level': 0.00852, 'strength': 5, 'p_bounce_claude': 95, 'reason': 'Pump_base, объём 9.6x, открытие 1h'}
2026-07-11 18:16:37 | INFO | analysis.claude_strength:calculate_strength_with_claude:298 | Claude strength assigned | {'symbol': 'SXTUSDT', 'level': 0.00857747, 'strength': 4, 'p_bounce_claude': 92, 'reason': 'Body_level, 26 касаний, протестирован'}
2026-07-11 18:16:37 | INFO | analysis.claude_strength:calculate_strength_with_claude:298 | Claude strength assigned | {'symbol': 'SXTUSDT', 'level': 0.0091315, 'strength': 4, 'p_bounce_claude': 93, 'reason': 'Body_level mid_move, 15 свечей в зоне'}
2026-07-11 18:16:37 | INFO | analysis.claude_strength:calculate_strength_with_claude:298 | Claude strength assigned | {'symbol': 'SXTUSDT', 'level': 0.00923, 'strength': 5, 'p_bounce_claude': 96, 'reason': 'Pump_base, объём 9.9x, открытие 1h'}
2026-07-11 18:16:37 | INFO | __main__:_auto_screener_loop:298 | Auto monitoring started | {'symbol': 'SXTUSDT', 'level': 0.00923}
2026-07-11 18:16:37 | INFO | __main__:_auto_screener_loop:306 | Auto screener completed | {'total': 2, 'new': 1}
2026-07-11 18:16:41 | INFO | trading.strategy2_signal_filter:check:493 | S2 skip: approach>=block (G3, level exhausted) | {'symbol': 'USUSDT', 'level': 0.021423, 'approach_count': 22, 'block_threshold': 4}
2026-07-11 18:16:56 | INFO | trading.strategy2_signal_filter:check:493 | S2 skip: approach>=block (G3, level exhausted) | {'symbol': 'USUSDT', 'level': 0.021423, 'approach_count': 22, 'block_threshold': 4}
2026-07-11 18:17:42 | INFO | trading.strategy2_signal_filter:check:493 | S2 skip: approach>=block (G3, level exhausted) | {'symbol': 'USUSDT', 'level': 0.021423, 'approach_count': 22, 'block_threshold': 4}
2026-07-11 18:17:56 | INFO | __main__:_stale_monitor_loop:1179 | Stale monitor cancelled — rebuilding | {'symbol': 'MMTUSDT', 'level': 0.158, 'current': 0.1869, 'distance_pct': 15.5}
2026-07-11 18:17:56 | INFO | __main__:_monitored:798 | Monitor cancelled | {'symbol': 'MMTUSDT', 'level': 0.158}
2026-07-11 18:17:58 | INFO | trading.strategy2_signal_filter:check:493 | S2 skip: approach>=block (G3, level exhausted) | {'symbol': 'USUSDT', 'level': 0.021423, 'approach_count': 22, 'block_threshold': 4}
2026-07-11 18:18:13 | INFO | trading.strategy2_signal_filter:check:493 | S2 skip: approach>=block (G3, level exhausted) | {'symbol': 'USUSDT', 'level': 0.021423, 'approach_count': 22, 'block_threshold': 4}
2026-07-11 18:19:45 | INFO | trading.strategy2_signal_filter:check:493 | S2 skip: approach>=block (G3, level exhausted) | {'symbol': 'USUSDT', 'level': 0.021423, 'approach_count': 22, 'block_threshold': 4}
2026-07-11 18:20:15 | INFO | __main__:_trigger_loop:357 | Trigger activated | {'symbol': 'VELVETUSDT'}
2026-07-11 18:20:16 | INFO | __main__:_run_phase1:652 | Level monitoring started | {'symbol': 'VELVETUSDT', 'level': 0.3927, 'strength': 5}
2026-07-11 18:21:01 | INFO | trading.strategy2_signal_filter:check:493 | S2 skip: approach>=block (G3, level exhausted) | {'symbol': 'USUSDT', 'level': 0.021423, 'approach_count': 22, 'block_threshold': 4}
2026-07-11 18:21:16 | INFO | trading.strategy2_signal_filter:check:493 | S2 skip: approach>=block (G3, level exhausted) | {'symbol': 'USUSDT', 'level': 0.021423, 'approach_count': 22, 'block_threshold': 4}
2026-07-11 18:21:32 | INFO | trading.strategy2_signal_filter:check:493 | S2 skip: approach>=block (G3, level exhausted) | {'symbol': 'USUSDT', 'level': 0.021423, 'approach_count': 22, 'block_threshold': 4}
2026-07-11 18:21:47 | INFO | trading.strategy2_signal_filter:check:493 | S2 skip: approach>=block (G3, level exhausted) | {'symbol': 'USUSDT', 'level': 0.021423, 'approach_count': 22, 'block_threshold': 4}
2026-07-11 18:22:02 | INFO | trading.strategy2_signal_filter:check:493 | S2 skip: approach>=block (G3, level exhausted) | {'symbol': 'USUSDT', 'level': 0.021423, 'approach_count': 22, 'block_threshold': 4}
2026-07-11 18:22:18 | INFO | trading.strategy2_signal_filter:check:493 | S2 skip: approach>=block (G3, level exhausted) | {'symbol': 'USUSDT', 'level': 0.021423, 'approach_count': 22, 'block_threshold': 4}
2026-07-11 18:22:33 | INFO | trading.strategy2_signal_filter:check:493 | S2 skip: approach>=block (G3, level exhausted) | {'symbol': 'USUSDT', 'level': 0.021423, 'approach_count': 22, 'block_threshold': 4}
2026-07-11 18:22:48 | INFO | trading.strategy2_signal_filter:check:493 | S2 skip: approach>=block (G3, level exhausted) | {'symbol': 'USUSDT', 'level': 0.021423, 'approach_count': 22, 'block_threshold': 4}
2026-07-11 18:22:56 | INFO | __main__:_stale_monitor_loop:1179 | Stale monitor cancelled — rebuilding | {'symbol': 'VELVETUSDT', 'level': 0.3927, 'current': 0.4472, 'distance_pct': 12.2}
2026-07-11 18:22:56 | INFO | __main__:_monitored:798 | Monitor cancelled | {'symbol': 'VELVETUSDT', 'level': 0.3927}
2026-07-11 18:22:57 | INFO | __main__:_run_phase1:535 | No strong levels found | {'symbol': 'VELVETUSDT', 'total_levels': 3}
2026-07-11 18:23:03 | INFO | trading.strategy2_signal_filter:check:493 | S2 skip: approach>=block (G3, level exhausted) | {'symbol': 'USUSDT', 'level': 0.021423, 'approach_count': 22, 'block_threshold': 4}
2026-07-11 18:23:19 | INFO | trading.strategy2_signal_filter:check:493 | S2 skip: approach>=block (G3, level exhausted) | {'symbol': 'USUSDT', 'level': 0.021423, 'approach_count': 22, 'block_threshold': 4}
2026-07-11 18:23:34 | INFO | trading.strategy2_signal_filter:check:493 | S2 skip: approach>=block (G3, level exhausted) | {'symbol': 'USUSDT', 'level': 0.021423, 'approach_count': 22, 'block_threshold': 4}
2026-07-11 18:23:49 | INFO | trading.strategy2_signal_filter:check:493 | S2 skip: approach>=block (G3, level exhausted) | {'symbol': 'USUSDT', 'level': 0.021423, 'approach_count': 22, 'block_threshold': 4}
2026-07-11 18:24:05 | INFO | trading.strategy2_signal_filter:check:493 | S2 skip: approach>=block (G3, level exhausted) | {'symbol': 'USUSDT', 'level': 0.021423, 'approach_count': 22, 'block_threshold': 4}
2026-07-11 18:24:20 | INFO | trading.strategy2_signal_filter:check:493 | S2 skip: approach>=block (G3, level exhausted) | {'symbol': 'USUSDT', 'level': 0.021423, 'approach_count': 22, 'block_threshold': 4}
2026-07-11 18:24:21 | INFO | __main__:_proximity_arm_loop:1948 | proximity-arm activated | {'symbol': 'EVAAUSDT', 'level': 1.6992, 'type': 'pump_base', 'strength': 5, 'dist_atr': 2.0}
2026-07-11 18:24:21 | INFO | __main__:_run_phase1:414 | Pump degraded, skipping monitoring | {'symbol': 'EVAAUSDT', 'health': 40, 'broken': 0, 'correction': '91%'}
2026-07-11 18:24:35 | INFO | trading.strategy2_signal_filter:check:493 | S2 skip: approach>=block (G3, level exhausted) | {'symbol': 'USUSDT', 'level': 0.021423, 'approach_count': 22, 'block_threshold': 4}
2026-07-11 18:24:51 | INFO | trading.strategy2_signal_filter:check:493 | S2 skip: approach>=block (G3, level exhausted) | {'symbol': 'USUSDT', 'level': 0.021423, 'approach_count': 22, 'block_threshold': 4}
2026-07-11 18:25:06 | INFO | trading.strategy2_signal_filter:check:493 | S2 skip: approach>=block (G3, level exhausted) | {'symbol': 'USUSDT', 'level': 0.021423, 'approach_count': 23, 'block_threshold': 4}
2026-07-11 18:25:21 | INFO | __main__:_proximity_arm_loop:1948 | proximity-arm activated | {'symbol': 'TUSDT', 'level': 0.004434, 'type': 'pump_base', 'strength': 5, 'dist_atr': 1.23}
2026-07-11 18:25:21 | INFO | __main__:_run_phase1:652 | Level monitoring started | {'symbol': 'TUSDT', 'level': 0.00435209, 'strength': 3}
2026-07-11 18:25:21 | INFO | trading.strategy2_signal_filter:check:493 | S2 skip: approach>=block (G3, level exhausted) | {'symbol': 'USUSDT', 'level': 0.021423, 'approach_count': 23, 'block_threshold': 4}
2026-07-11 18:25:52 | INFO | trading.strategy2_signal_filter:check:493 | S2 skip: approach>=block (G3, level exhausted) | {'symbol': 'USUSDT', 'level': 0.021423, 'approach_count': 23, 'block_threshold': 4}
2026-07-11 18:26:07 | INFO | trading.strategy2_signal_filter:check:493 | S2 skip: approach>=block (G3, level exhausted) | {'symbol': 'USUSDT', 'level': 0.021423, 'approach_count': 22, 'block_threshold': 4}
2026-07-11 18:26:22 | INFO | trading.strategy2_signal_filter:check:493 | S2 skip: approach>=block (G3, level exhausted) | {'symbol': 'USUSDT', 'level': 0.021423, 'approach_count': 22, 'block_threshold': 4}
2026-07-11 18:26:38 | INFO | trading.strategy2_signal_filter:check:493 | S2 skip: approach>=block (G3, level exhausted) | {'symbol': 'USUSDT', 'level': 0.021423, 'approach_count': 22, 'block_threshold': 4}
2026-07-11 18:26:40 | INFO | __main__:_auto_screener_loop:306 | Auto screener completed | {'total': 1, 'new': 0}
2026-07-11 18:26:53 | INFO | trading.strategy2_signal_filter:check:493 | S2 skip: approach>=block (G3, level exhausted) | {'symbol': 'USUSDT', 'level': 0.021423, 'approach_count': 22, 'block_threshold': 4}
2026-07-11 18:27:08 | INFO | trading.strategy2_signal_filter:check:493 | S2 skip: approach>=block (G3, level exhausted) | {'symbol': 'USUSDT', 'level': 0.021423, 'approach_count': 22, 'block_threshold': 4}
2026-07-11 18:27:19 | INFO | analysis.monitor:start_monitor:126 | monitor: skip level with non-positive p_bounce (won't pass entry filter) | {'symbol': 'USUSDT', 'level': 0.021609807228915662, 'level_type': 'wick_level', 'p_bounce': 0.0, 'expected_depth': 0.0}
2026-07-11 18:27:19 | INFO | __main__:_monitored:798 | Monitor cancelled | {'symbol': 'USUSDT', 'level': 0.021423}
2026-07-11 18:27:19 | INFO | trading.strategy1_bounce:_try_open:118 | S1 trade opened | {'trade_id': 'eaa550df-6abc-4e38-818e-a7036d0bda2d', 'symbol': 'USUSDT', 'entry': 0.0215, 'sl': 0.0209625, 'tp': 0.02193}
2026-07-11 18:27:19 | INFO | __main__:_start_resistance_after_bounce:1116 | Resistance monitor started | {'symbol': 'USUSDT', 'resistance': 0.021609807228915662, 'from_support': 0.021423}
2026-07-11 18:27:19 | INFO | __main__:_monitored:787 | Level outcome saved | {'symbol': 'USUSDT', 'level': 0.021609807228915662, 'result': 'отбой', 'outcome': None, 'duration': 0.0}
2026-07-11 18:33:00 | INFO | trading.strategy2_signal_filter:check:641 | S2 market phase | {'symbol': 'TUSDT', 'phase': 'bleed', 'note': 'bleed:bq=0.42,dir_eff=0.12'}
2026-07-11 18:33:00 | INFO | __main__:_proximity_loop:1258 | Proximity alert sent | {'symbol': 'TUSDT', 'level': 0.00435209, 'distance_pct': 1.7586907449209845}
2026-07-11 18:33:00 | INFO | trading.strategy2_signal_filter:check:641 | S2 market phase | {'symbol': 'TUSDT', 'phase': 'bleed', 'note': 'bleed:bq=0.42,dir_eff=0.12'}
2026-07-11 18:33:05 | INFO | trading.strategy2_signal_filter:check:641 | S2 market phase | {'symbol': 'TUSDT', 'phase': 'bleed', 'note': 'bleed:bq=0.42,dir_eff=0.12'}
2026-07-11 18:33:10 | INFO | trading.strategy2_signal_filter:check:641 | S2 market phase | {'symbol': 'TUSDT', 'phase': 'bleed', 'note': 'bleed:bq=0.42,dir_eff=0.12'}
2026-07-11 18:33:15 | INFO | trading.strategy2_signal_filter:check:641 | S2 market phase | {'symbol': 'TUSDT', 'phase': 'bleed', 'note': 'bleed:bq=0.42,dir_eff=0.10'}
2026-07-11 18:33:15 | INFO | trading.strategy2_signal_filter:check:641 | S2 market phase | {'symbol': 'TUSDT', 'phase': 'bleed', 'note': 'bleed:bq=0.42,dir_eff=0.10'}
2026-07-11 18:33:21 | INFO | trading.strategy2_signal_filter:check:641 | S2 market phase | {'symbol': 'TUSDT', 'phase': 'bleed', 'note': 'bleed:bq=0.42,dir_eff=0.10'}
2026-07-11 18:33:26 | INFO | trading.strategy2_signal_filter:check:641 | S2 market phase | {'symbol': 'TUSDT', 'phase': 'bleed', 'note': 'bleed:bq=0.42,dir_eff=0.10'}
2026-07-11 18:33:31 | INFO | trading.strategy2_signal_filter:check:641 | S2 market phase | {'symbol': 'TUSDT', 'phase': 'bleed', 'note': 'bleed:bq=0.42,dir_eff=0.10'}
2026-07-11 18:33:31 | INFO | trading.strategy2_signal_filter:check:641 | S2 market phase | {'symbol': 'TUSDT', 'phase': 'bleed', 'note': 'bleed:bq=0.42,dir_eff=0.10'}
2026-07-11 18:33:36 | INFO | trading.strategy2_signal_filter:check:641 | S2 market phase | {'symbol': 'TUSDT', 'phase': 'bleed', 'note': 'bleed:bq=0.42,dir_eff=0.10'}
2026-07-11 18:33:41 | INFO | trading.strategy2_signal_filter:check:641 | S2 market phase | {'symbol': 'TUSDT', 'phase': 'bleed', 'note': 'bleed:bq=0.42,dir_eff=0.10'}
2026-07-11 18:33:46 | INFO | trading.strategy2_signal_filter:check:641 | S2 market phase | {'symbol': 'TUSDT', 'phase': 'bleed', 'note': 'bleed:bq=0.42,dir_eff=0.09'}
2026-07-11 18:33:46 | INFO | trading.strategy2_signal_filter:check:641 | S2 market phase | {'symbol': 'TUSDT', 'phase': 'bleed', 'note': 'bleed:bq=0.42,dir_eff=0.09'}
2026-07-11 18:33:51 | INFO | trading.strategy2_signal_filter:check:641 | S2 market phase | {'symbol': 'TUSDT', 'phase': 'bleed', 'note': 'bleed:bq=0.42,dir_eff=0.09'}
2026-07-11 18:33:56 | INFO | trading.strategy2_signal_filter:check:641 | S2 market phase | {'symbol': 'TUSDT', 'phase': 'bleed', 'note': 'bleed:bq=0.42,dir_eff=0.09'}
2026-07-11 18:36:42 | INFO | __main__:_auto_screener_loop:306 | Auto screener completed | {'total': 1, 'new': 0}
2026-07-11 18:38:26 | INFO | trading.strategy2_signal_filter:check:641 | S2 market phase | {'symbol': 'TUSDT', 'phase': 'bleed', 'note': 'bleed:bq=0.42,dir_eff=0.14'}
2026-07-11 18:38:26 | INFO | trading.strategy2_signal_filter:check:641 | S2 market phase | {'symbol': 'TUSDT', 'phase': 'bleed', 'note': 'bleed:bq=0.42,dir_eff=0.14'}
2026-07-11 18:38:32 | INFO | trading.strategy2_signal_filter:check:641 | S2 market phase | {'symbol': 'TUSDT', 'phase': 'bleed', 'note': 'bleed:bq=0.42,dir_eff=0.14'}
2026-07-11 18:38:37 | INFO | trading.strategy2_signal_filter:check:641 | S2 market phase | {'symbol': 'TUSDT', 'phase': 'bleed', 'note': 'bleed:bq=0.42,dir_eff=0.14'}
2026-07-11 18:38:42 | INFO | trading.strategy2_signal_filter:check:641 | S2 market phase | {'symbol': 'TUSDT', 'phase': 'bleed', 'note': 'bleed:bq=0.42,dir_eff=0.14'}
2026-07-11 18:38:42 | INFO | trading.strategy2_signal_filter:check:641 | S2 market phase | {'symbol': 'TUSDT', 'phase': 'bleed', 'note': 'bleed:bq=0.42,dir_eff=0.14'}
2026-07-11 18:38:47 | INFO | trading.strategy2_signal_filter:check:641 | S2 market phase | {'symbol': 'TUSDT', 'phase': 'bleed', 'note': 'bleed:bq=0.42,dir_eff=0.14'}
2026-07-11 18:38:52 | INFO | __main__:_proximity_arm_loop:1948 | proximity-arm activated | {'symbol': 'VELVETUSDT', 'level': 0.43665, 'type': 'pump_base', 'strength': 5, 'dist_atr': 1.53}
2026-07-11 18:38:52 | INFO | __main__:_proximity_arm_loop:1948 | proximity-arm activated | {'symbol': 'BEATUSDT', 'level': 2.271, 'type': 'pump_base', 'strength': 5, 'dist_atr': 1.54}
2026-07-11 18:38:52 | INFO | __main__:_run_phase1:414 | Pump degraded, skipping monitoring | {'symbol': 'BEATUSDT', 'health': 40, 'broken': 0, 'correction': '158%'}
2026-07-11 18:38:52 | INFO | trading.strategy2_signal_filter:check:641 | S2 market phase | {'symbol': 'TUSDT', 'phase': 'bleed', 'note': 'bleed:bq=0.42,dir_eff=0.14'}
2026-07-11 18:38:52 | INFO | __main__:_run_phase1:652 | Level monitoring started | {'symbol': 'VELVETUSDT', 'level': 0.43665, 'strength': 5}
2026-07-11 18:38:52 | INFO | trading.strategy2_signal_filter:check:493 | S2 skip: approach>=block (G3, level exhausted) | {'symbol': 'VELVETUSDT', 'level': 0.43665, 'approach_count': 11, 'block_threshold': 4}
2026-07-11 18:38:52 | INFO | trading.strategy2_signal_filter:check:505 | S2: level marked dead, monitor will stop sending proximity | {'symbol': 'VELVETUSDT', 'level': 0.43665, 'approach_count': 11}
2026-07-11 18:38:57 | INFO | __main__:_proximity_loop:1258 | Proximity alert sent | {'symbol': 'VELVETUSDT', 'level': 0.43665, 'distance_pct': 0.6936547646122351}
2026-07-11 18:38:57 | INFO | trading.strategy2_signal_filter:check:493 | S2 skip: approach>=block (G3, level exhausted) | {'symbol': 'VELVETUSDT', 'level': 0.43665, 'approach_count': 11, 'block_threshold': 4}
2026-07-11 18:38:57 | INFO | trading.strategy2_signal_filter:check:641 | S2 market phase | {'symbol': 'TUSDT', 'phase': 'bleed', 'note': 'bleed:bq=0.42,dir_eff=0.14'}
2026-07-11 18:39:13 | INFO | trading.strategy2_signal_filter:check:493 | S2 skip: approach>=block (G3, level exhausted) | {'symbol': 'VELVETUSDT', 'level': 0.43665, 'approach_count': 10, 'block_threshold': 4}
2026-07-11 18:39:28 | INFO | trading.strategy2_signal_filter:check:493 | S2 skip: approach>=block (G3, level exhausted) | {'symbol': 'VELVETUSDT', 'level': 0.43665, 'approach_count': 11, 'block_threshold': 4}
2026-07-11 18:39:43 | INFO | trading.strategy2_signal_filter:check:641 | S2 market phase | {'symbol': 'TUSDT', 'phase': 'bleed', 'note': 'bleed:bq=0.42,dir_eff=0.12'}
2026-07-11 18:39:43 | INFO | trading.strategy2_signal_filter:check:493 | S2 skip: approach>=block (G3, level exhausted) | {'symbol': 'VELVETUSDT', 'level': 0.43665, 'approach_count': 11, 'block_threshold': 4}
2026-07-11 18:39:43 | INFO | trading.strategy2_signal_filter:check:641 | S2 market phase | {'symbol': 'TUSDT', 'phase': 'bleed', 'note': 'bleed:bq=0.42,dir_eff=0.12'}
2026-07-11 18:39:48 | INFO | trading.strategy2_signal_filter:check:641 | S2 market phase | {'symbol': 'TUSDT', 'phase': 'bleed', 'note': 'bleed:bq=0.42,dir_eff=0.12'}
2026-07-11 18:39:53 | INFO | trading.strategy2_signal_filter:check:641 | S2 market phase | {'symbol': 'TUSDT', 'phase': 'bleed', 'note': 'bleed:bq=0.42,dir_eff=0.12'}
2026-07-11 18:39:58 | INFO | trading.strategy2_signal_filter:check:493 | S2 skip: approach>=block (G3, level exhausted) | {'symbol': 'VELVETUSDT', 'level': 0.43665, 'approach_count': 11, 'block_threshold': 4}
2026-07-11 18:40:14 | INFO | trading.strategy2_signal_filter:check:493 | S2 skip: approach>=block (G3, level exhausted) | {'symbol': 'VELVETUSDT', 'level': 0.43665, 'approach_count': 11, 'block_threshold': 4}
2026-07-11 18:40:14 | INFO | trading.strategy2_signal_filter:check:641 | S2 market phase | {'symbol': 'TUSDT', 'phase': 'bleed', 'note': 'bleed:bq=0.42,dir_eff=0.13'}
2026-07-11 18:40:29 | INFO | trading.strategy2_signal_filter:check:493 | S2 skip: approach>=block (G3, level exhausted) | {'symbol': 'VELVETUSDT', 'level': 0.43665, 'approach_count': 11, 'block_threshold': 4}
2026-07-11 18:40:44 | INFO | trading.strategy2_signal_filter:check:493 | S2 skip: approach>=block (G3, level exhausted) | {'symbol': 'VELVETUSDT', 'level': 0.43665, 'approach_count': 11, 'block_threshold': 4}
2026-07-11 18:41:00 | INFO | trading.strategy2_signal_filter:check:493 | S2 skip: approach>=block (G3, level exhausted) | {'symbol': 'VELVETUSDT', 'level': 0.43665, 'approach_count': 12, 'block_threshold': 4}
2026-07-11 18:41:10 | INFO | analysis.monitor:start_monitor:126 | monitor: skip level with non-positive p_bounce (won't pass entry filter) | {'symbol': 'VELVETUSDT', 'level': 0.4415586206896551, 'level_type': 'wick_level', 'p_bounce': 0.0, 'expected_depth': 0.0}
2026-07-11 18:41:10 | INFO | __main__:_monitored:798 | Monitor cancelled | {'symbol': 'VELVETUSDT', 'level': 0.43665}
2026-07-11 18:41:10 | INFO | __main__:_start_resistance_after_bounce:1116 | Resistance monitor started | {'symbol': 'VELVETUSDT', 'resistance': 0.4415586206896551, 'from_support': 0.43665}
2026-07-11 18:41:10 | INFO | __main__:_monitored:787 | Level outcome saved | {'symbol': 'VELVETUSDT', 'level': 0.4415586206896551, 'result': 'отбой', 'outcome': None, 'duration': 0.0}
2026-07-11 18:44:22 | INFO | __main__:_proximity_arm_loop:1948 | proximity-arm activated | {'symbol': 'MMTUSDT', 'level': 0.1845, 'type': 'pump_base', 'strength': 5, 'dist_atr': 1.9}
2026-07-11 18:44:22 | INFO | __main__:_run_phase1:414 | Pump degraded, skipping monitoring | {'symbol': 'MMTUSDT', 'health': 40, 'broken': 0, 'correction': '67%'}
2026-07-11 18:44:52 | INFO | __main__:_proximity_arm_loop:1948 | proximity-arm activated | {'symbol': 'SKLUSDT', 'level': 0.004671, 'type': 'pump_base', 'strength': 5, 'dist_atr': 3.68}
2026-07-11 18:44:52 | INFO | __main__:_run_phase1:414 | Pump degraded, skipping monitoring | {'symbol': 'SKLUSDT', 'health': 40, 'broken': 0, 'correction': '92%'}
2026-07-11 18:45:15 | INFO | __main__:_trigger_loop:357 | Trigger activated | {'symbol': 'BEATUSDT'}
2026-07-11 18:45:15 | INFO | __main__:_run_phase1:414 | Pump degraded, skipping monitoring | {'symbol': 'BEATUSDT', 'health': 40, 'broken': 0, 'correction': '162%'}
2026-07-11 18:46:44 | INFO | __main__:_auto_screener_loop:306 | Auto screener completed | {'total': 1, 'new': 0}
2026-07-11 18:50:26 | INFO | trading.strategy2_signal_filter:check:641 | S2 market phase | {'symbol': 'TUSDT', 'phase': 'bleed', 'note': 'bleed:bq=0.42,dir_eff=0.19'}
2026-07-11 18:50:26 | INFO | trading.strategy2_signal_filter:check:641 | S2 market phase | {'symbol': 'TUSDT', 'phase': 'bleed', 'note': 'bleed:bq=0.42,dir_eff=0.19'}
2026-07-11 18:50:31 | INFO | trading.strategy2_signal_filter:check:641 | S2 market phase | {'symbol': 'TUSDT', 'phase': 'bleed', 'note': 'bleed:bq=0.42,dir_eff=0.19'}
2026-07-11 18:50:36 | INFO | trading.strategy2_signal_filter:check:641 | S2 market phase | {'symbol': 'TUSDT', 'phase': 'bleed', 'note': 'bleed:bq=0.42,dir_eff=0.19'}
2026-07-11 18:54:10 | INFO | __main__:_proximity_loop:1381 | Weak level touch resolved | {'symbol': 'USUSDT', 'level': 0.021625, 'event': 'zakol', 'fill_depth': 0.3190751445086688}
2026-07-11 18:56:47 | INFO | __main__:_auto_screener_loop:306 | Auto screener completed | {'total': 1, 'new': 0}
2026-07-11 18:56:52 | INFO | __main__:_proximity_arm_loop:1948 | proximity-arm activated | {'symbol': 'EVAAUSDT', 'level': 1.7024, 'type': 'pump_base', 'strength': 5, 'dist_atr': 1.57}
2026-07-11 18:56:52 | INFO | __main__:_run_phase1:414 | Pump degraded, skipping monitoring | {'symbol': 'EVAAUSDT', 'health': 40, 'broken': 0, 'correction': '90%'}
2026-07-11 19:01:24 | INFO | __main__:_proximity_loop:1381 | Weak level touch resolved | {'symbol': 'USUSDT', 'level': 0.021625, 'event': 'bounce', 'fill_depth': 0.17572254335260043}
2026-07-11 19:01:44 | INFO | __main__:_trigger_loop:357 | Trigger activated | {'symbol': 'CLOUSDT'}
2026-07-11 19:01:45 | INFO | __main__:_run_phase1:575 | Replaced old monitor with closer level | {'symbol': 'CLOUSDT', 'old': 0.24635, 'new': 0.25507}
2026-07-11 19:01:45 | INFO | __main__:_monitored:798 | Monitor cancelled | {'symbol': 'CLOUSDT', 'level': 0.24635}
2026-07-11 19:01:45 | INFO | __main__:_run_phase1:652 | Level monitoring started | {'symbol': 'CLOUSDT', 'level': 0.25507, 'strength': 5}
2026-07-11 19:03:11 | INFO | __main__:_trigger_loop:357 | Trigger activated | {'symbol': 'BUSDT'}
2026-07-11 19:03:11 | INFO | __main__:_run_phase1:535 | No strong levels found | {'symbol': 'BUSDT', 'total_levels': 5}
2026-07-11 19:05:07 | WARNING | data.collector:_update:77 | Failed to update candles for %s | {}
2026-07-11 19:05:16 | INFO | config:remove:75 | Token removed | {'symbol': 'MMTUSDT'}
2026-07-11 19:05:16 | INFO | __main__:_monitor_health_loop:1767 | Symbol removed by monitor health check | {'symbol': 'MMTUSDT', 'natr_5m': 0.69, 'trades_1m': 120}
2026-07-11 19:05:18 | WARNING | data.collector:_update:77 | Failed to update candles for %s | {}
2026-07-11 19:05:29 | WARNING | data.collector:_update:77 | Failed to update candles for %s | {}
2026-07-11 19:05:59 | INFO | __main__:_proximity_loop:1381 | Weak level touch resolved | {'symbol': 'USUSDT', 'level': 0.021737, 'event': 'zakol', 'fill_depth': 0.32663200993696534}
2026-07-11 19:06:49 | INFO | __main__:_auto_screener_loop:306 | Auto screener completed | {'total': 1, 'new': 0}
2026-07-11 19:08:53 | INFO | __main__:_proximity_arm_loop:1948 | proximity-arm activated | {'symbol': 'VELVETUSDT', 'level': 0.4444, 'type': 'pump_base', 'strength': 5, 'dist_atr': 3.69}
2026-07-11 19:08:53 | INFO | __main__:_run_phase1:601 | Level broken in recent candles, skipping monitor | {'symbol': 'VELVETUSDT', 'level': 0.4444, 'close_below': 16}
2026-07-11 19:15:00 | INFO | __main__:_proximity_loop:1381 | Weak level touch resolved | {'symbol': 'USUSDT', 'level': 0.021737, 'event': 'bounce', 'fill_depth': 0.2438238947416891}
2026-07-11 19:15:23 | INFO | __main__:_proximity_arm_loop:1948 | proximity-arm activated | {'symbol': 'BEATUSDT', 'level': 2.271, 'type': 'pump_base', 'strength': 5, 'dist_atr': 3.36}
2026-07-11 19:15:23 | INFO | __main__:_run_phase1:414 | Pump degraded, skipping monitoring | {'symbol': 'BEATUSDT', 'health': 40, 'broken': 0, 'correction': '155%'}
2026-07-11 19:16:51 | INFO | __main__:_auto_screener_loop:306 | Auto screener completed | {'total': 1, 'new': 0}
2026-07-11 19:17:28 | INFO | __main__:_trigger_loop:357 | Trigger activated | {'symbol': 'SXTUSDT'}
2026-07-11 19:20:16 | INFO | config:remove:75 | Token removed | {'symbol': 'SKLUSDT'}
2026-07-11 19:20:16 | INFO | __main__:_monitor_health_loop:1767 | Symbol removed by monitor health check | {'symbol': 'SKLUSDT', 'natr_5m': 0.57, 'trades_1m': 410}
2026-07-11 19:20:47 | INFO | trading.strategy2_signal_filter:check:641 | S2 market phase | {'symbol': 'TUSDT', 'phase': 'drop_tradeable', 'note': 'drop_tradeable:bq=0.83'}
2026-07-11 19:20:47 | INFO | trading.strategy2_signal_filter:check:641 | S2 market phase | {'symbol': 'TUSDT', 'phase': 'drop_tradeable', 'note': 'drop_tradeable:bq=0.83'}
2026-07-11 19:20:52 | INFO | trading.strategy2_signal_filter:check:641 | S2 market phase | {'symbol': 'TUSDT', 'phase': 'drop_tradeable', 'note': 'drop_tradeable:bq=0.83'}
2026-07-11 19:20:57 | INFO | trading.strategy2_signal_filter:check:641 | S2 market phase | {'symbol': 'TUSDT', 'phase': 'drop_tradeable', 'note': 'drop_tradeable:bq=0.83'}
2026-07-11 19:21:02 | INFO | trading.strategy2_signal_filter:check:641 | S2 market phase | {'symbol': 'TUSDT', 'phase': 'drop_tradeable', 'note': 'drop_tradeable:bq=0.83'}
2026-07-11 19:21:02 | INFO | trading.strategy2_signal_filter:check:641 | S2 market phase | {'symbol': 'TUSDT', 'phase': 'drop_tradeable', 'note': 'drop_tradeable:bq=0.83'}
2026-07-11 19:21:07 | INFO | trading.strategy2_signal_filter:check:641 | S2 market phase | {'symbol': 'TUSDT', 'phase': 'drop_tradeable', 'note': 'drop_tradeable:bq=0.83'}
2026-07-11 19:21:12 | INFO | trading.strategy2_signal_filter:check:641 | S2 market phase | {'symbol': 'TUSDT', 'phase': 'drop_tradeable', 'note': 'drop_tradeable:bq=0.83'}
2026-07-11 19:21:17 | INFO | trading.strategy2_signal_filter:check:641 | S2 market phase | {'symbol': 'TUSDT', 'phase': 'drop_tradeable', 'note': 'drop_tradeable:bq=0.83'}
2026-07-11 19:21:17 | INFO | trading.strategy2_signal_filter:check:641 | S2 market phase | {'symbol': 'TUSDT', 'phase': 'drop_tradeable', 'note': 'drop_tradeable:bq=0.83'}
2026-07-11 19:21:22 | INFO | trading.strategy2_signal_filter:check:641 | S2 market phase | {'symbol': 'TUSDT', 'phase': 'drop_tradeable', 'note': 'drop_tradeable:bq=0.83'}
2026-07-11 19:21:27 | INFO | trading.strategy2_signal_filter:check:641 | S2 market phase | {'symbol': 'TUSDT', 'phase': 'drop_tradeable', 'note': 'drop_tradeable:bq=0.83'}
2026-07-11 19:21:32 | INFO | trading.strategy2_signal_filter:check:641 | S2 market phase | {'symbol': 'TUSDT', 'phase': 'drop_tradeable', 'note': 'drop_tradeable:bq=0.83'}
2026-07-11 19:21:32 | INFO | trading.strategy2_signal_filter:check:641 | S2 market phase | {'symbol': 'TUSDT', 'phase': 'drop_tradeable', 'note': 'drop_tradeable:bq=0.83'}
2026-07-11 19:21:38 | INFO | trading.strategy2_signal_filter:check:641 | S2 market phase | {'symbol': 'TUSDT', 'phase': 'drop_tradeable', 'note': 'drop_tradeable:bq=0.83'}
2026-07-11 19:21:43 | INFO | trading.strategy2_signal_filter:check:641 | S2 market phase | {'symbol': 'TUSDT', 'phase': 'drop_tradeable', 'note': 'drop_tradeable:bq=0.83'}
2026-07-11 19:21:48 | INFO | trading.strategy2_signal_filter:check:641 | S2 market phase | {'symbol': 'TUSDT', 'phase': 'drop_tradeable', 'note': 'drop_tradeable:bq=0.83'}
2026-07-11 19:21:48 | INFO | trading.strategy2_signal_filter:check:641 | S2 market phase | {'symbol': 'TUSDT', 'phase': 'drop_tradeable', 'note': 'drop_tradeable:bq=0.83'}
2026-07-11 19:21:53 | INFO | trading.strategy2_signal_filter:check:641 | S2 market phase | {'symbol': 'TUSDT', 'phase': 'drop_tradeable', 'note': 'drop_tradeable:bq=0.83'}
2026-07-11 19:21:58 | INFO | trading.strategy2_signal_filter:check:641 | S2 market phase | {'symbol': 'TUSDT', 'phase': 'drop_tradeable', 'note': 'drop_tradeable:bq=0.83'}
2026-07-11 19:22:03 | INFO | trading.strategy2_signal_filter:check:641 | S2 market phase | {'symbol': 'TUSDT', 'phase': 'drop_tradeable', 'note': 'drop_tradeable:bq=0.83'}
2026-07-11 19:22:03 | INFO | trading.strategy2_signal_filter:check:641 | S2 market phase | {'symbol': 'TUSDT', 'phase': 'drop_tradeable', 'note': 'drop_tradeable:bq=0.83'}
2026-07-11 19:22:08 | INFO | trading.strategy2_signal_filter:check:641 | S2 market phase | {'symbol': 'TUSDT', 'phase': 'drop_tradeable', 'note': 'drop_tradeable:bq=0.83'}
2026-07-11 19:22:13 | INFO | trading.strategy2_signal_filter:check:641 | S2 market phase | {'symbol': 'TUSDT', 'phase': 'drop_tradeable', 'note': 'drop_tradeable:bq=0.83'}
2026-07-11 19:22:18 | INFO | trading.strategy2_signal_filter:check:641 | S2 market phase | {'symbol': 'TUSDT', 'phase': 'drop_tradeable', 'note': 'drop_tradeable:bq=0.83'}
2026-07-11 19:22:18 | INFO | trading.strategy2_signal_filter:check:641 | S2 market phase | {'symbol': 'TUSDT', 'phase': 'drop_tradeable', 'note': 'drop_tradeable:bq=0.83'}
2026-07-11 19:22:23 | INFO | trading.strategy2_signal_filter:check:641 | S2 market phase | {'symbol': 'TUSDT', 'phase': 'drop_tradeable', 'note': 'drop_tradeable:bq=0.83'}
2026-07-11 19:22:29 | INFO | trading.strategy2_signal_filter:check:641 | S2 market phase | {'symbol': 'TUSDT', 'phase': 'drop_tradeable', 'note': 'drop_tradeable:bq=0.83'}
2026-07-11 19:22:34 | INFO | trading.strategy2_signal_filter:check:641 | S2 market phase | {'symbol': 'TUSDT', 'phase': 'drop_tradeable', 'note': 'drop_tradeable:bq=0.83'}
2026-07-11 19:22:34 | INFO | trading.strategy2_signal_filter:check:641 | S2 market phase | {'symbol': 'TUSDT', 'phase': 'drop_tradeable', 'note': 'drop_tradeable:bq=0.83'}
2026-07-11 19:22:39 | INFO | trading.strategy2_signal_filter:check:641 | S2 market phase | {'symbol': 'TUSDT', 'phase': 'drop_tradeable', 'note': 'drop_tradeable:bq=0.83'}
2026-07-11 19:22:44 | INFO | trading.strategy2_signal_filter:check:641 | S2 market phase | {'symbol': 'TUSDT', 'phase': 'drop_tradeable', 'note': 'drop_tradeable:bq=0.83'}
2026-07-11 19:22:49 | INFO | trading.strategy2_signal_filter:check:641 | S2 market phase | {'symbol': 'TUSDT', 'phase': 'drop_tradeable', 'note': 'drop_tradeable:bq=0.83'}
2026-07-11 19:22:49 | INFO | trading.strategy2_signal_filter:check:641 | S2 market phase | {'symbol': 'TUSDT', 'phase': 'drop_tradeable', 'note': 'drop_tradeable:bq=0.83'}
2026-07-11 19:22:54 | INFO | trading.strategy2_signal_filter:check:641 | S2 market phase | {'symbol': 'TUSDT', 'phase': 'drop_tradeable', 'note': 'drop_tradeable:bq=0.83'}
2026-07-11 19:22:59 | INFO | trading.strategy2_signal_filter:check:641 | S2 market phase | {'symbol': 'TUSDT', 'phase': 'drop_tradeable', 'note': 'drop_tradeable:bq=0.83'}
2026-07-11 19:23:04 | INFO | trading.strategy2_signal_filter:check:641 | S2 market phase | {'symbol': 'TUSDT', 'phase': 'drop_tradeable', 'note': 'drop_tradeable:bq=0.83'}
2026-07-11 19:23:04 | INFO | trading.strategy2_signal_filter:check:641 | S2 market phase | {'symbol': 'TUSDT', 'phase': 'drop_tradeable', 'note': 'drop_tradeable:bq=0.83'}
2026-07-11 19:23:09 | INFO | trading.strategy2_signal_filter:check:641 | S2 market phase | {'symbol': 'TUSDT', 'phase': 'drop_tradeable', 'note': 'drop_tradeable:bq=0.83'}
2026-07-11 19:23:14 | INFO | trading.strategy2_signal_filter:check:641 | S2 market phase | {'symbol': 'TUSDT', 'phase': 'drop_tradeable', 'note': 'drop_tradeable:bq=0.83'}
2026-07-11 19:23:20 | INFO | trading.strategy2_signal_filter:check:641 | S2 market phase | {'symbol': 'TUSDT', 'phase': 'drop_tradeable', 'note': 'drop_tradeable:bq=0.83'}
2026-07-11 19:23:20 | INFO | trading.strategy2_signal_filter:check:641 | S2 market phase | {'symbol': 'TUSDT', 'phase': 'drop_tradeable', 'note': 'drop_tradeable:bq=0.83'}
2026-07-11 19:23:25 | INFO | trading.strategy2_signal_filter:check:641 | S2 market phase | {'symbol': 'TUSDT', 'phase': 'drop_tradeable', 'note': 'drop_tradeable:bq=0.83'}
2026-07-11 19:23:30 | INFO | trading.strategy2_signal_filter:check:641 | S2 market phase | {'symbol': 'TUSDT', 'phase': 'drop_tradeable', 'note': 'drop_tradeable:bq=0.83'}
2026-07-11 19:23:35 | INFO | trading.strategy2_signal_filter:check:641 | S2 market phase | {'symbol': 'TUSDT', 'phase': 'drop_tradeable', 'note': 'drop_tradeable:bq=0.83'}
2026-07-11 19:23:35 | INFO | trading.strategy2_signal_filter:check:641 | S2 market phase | {'symbol': 'TUSDT', 'phase': 'drop_tradeable', 'note': 'drop_tradeable:bq=0.83'}
2026-07-11 19:23:40 | INFO | trading.strategy2_signal_filter:check:641 | S2 market phase | {'symbol': 'TUSDT', 'phase': 'drop_tradeable', 'note': 'drop_tradeable:bq=0.83'}
2026-07-11 19:26:53 | INFO | __main__:_auto_screener_loop:306 | Auto screener completed | {'total': 1, 'new': 0}
2026-07-11 19:27:35 | INFO | trading.strategy2_signal_filter:check:641 | S2 market phase | {'symbol': 'TUSDT', 'phase': 'drop_tradeable', 'note': 'drop_tradeable:bq=0.83'}
2026-07-11 19:27:35 | INFO | trading.strategy2_signal_filter:check:641 | S2 market phase | {'symbol': 'TUSDT', 'phase': 'drop_tradeable', 'note': 'drop_tradeable:bq=0.83'}
2026-07-11 19:27:40 | INFO | trading.strategy2_signal_filter:check:641 | S2 market phase | {'symbol': 'TUSDT', 'phase': 'drop_tradeable', 'note': 'drop_tradeable:bq=0.83'}
2026-07-11 19:27:45 | INFO | trading.strategy2_signal_filter:check:641 | S2 market phase | {'symbol': 'TUSDT', 'phase': 'drop_tradeable', 'note': 'drop_tradeable:bq=0.83'}
2026-07-11 19:27:50 | INFO | trading.strategy2_signal_filter:check:641 | S2 market phase | {'symbol': 'TUSDT', 'phase': 'drop_tradeable', 'note': 'drop_tradeable:bq=0.83'}
2026-07-11 19:27:50 | INFO | trading.strategy2_signal_filter:check:641 | S2 market phase | {'symbol': 'TUSDT', 'phase': 'drop_tradeable', 'note': 'drop_tradeable:bq=0.83'}
2026-07-11 19:27:55 | INFO | trading.strategy2_signal_filter:check:641 | S2 market phase | {'symbol': 'TUSDT', 'phase': 'drop_tradeable', 'note': 'drop_tradeable:bq=0.83'}
2026-07-11 19:28:00 | INFO | trading.strategy2_signal_filter:check:641 | S2 market phase | {'symbol': 'TUSDT', 'phase': 'drop_tradeable', 'note': 'drop_tradeable:bq=0.83'}
2026-07-11 19:28:05 | INFO | trading.strategy2_signal_filter:check:641 | S2 market phase | {'symbol': 'TUSDT', 'phase': 'drop_tradeable', 'note': 'drop_tradeable:bq=0.83'}
2026-07-11 19:28:05 | INFO | trading.strategy2_signal_filter:check:641 | S2 market phase | {'symbol': 'TUSDT', 'phase': 'drop_tradeable', 'note': 'drop_tradeable:bq=0.83'}
2026-07-11 19:28:10 | INFO | __main__:_trigger_loop:357 | Trigger activated | {'symbol': 'USUSDT'}
2026-07-11 19:28:11 | INFO | trading.strategy2_signal_filter:check:641 | S2 market phase | {'symbol': 'TUSDT', 'phase': 'drop_tradeable', 'note': 'drop_tradeable:bq=0.83'}
2026-07-11 19:28:11 | INFO | __main__:_run_phase1:652 | Level monitoring started | {'symbol': 'USUSDT', 'level': 0.021595, 'strength': 5}
2026-07-11 19:28:16 | INFO | trading.strategy2_signal_filter:check:641 | S2 market phase | {'symbol': 'TUSDT', 'phase': 'drop_tradeable', 'note': 'drop_tradeable:bq=0.83'}
2026-07-11 19:28:21 | INFO | trading.strategy2_signal_filter:check:641 | S2 market phase | {'symbol': 'TUSDT', 'phase': 'drop_tradeable', 'note': 'drop_tradeable:bq=0.83'}
2026-07-11 19:28:21 | INFO | trading.strategy2_signal_filter:check:641 | S2 market phase | {'symbol': 'TUSDT', 'phase': 'drop_tradeable', 'note': 'drop_tradeable:bq=0.83'}
2026-07-11 19:28:26 | INFO | trading.strategy2_signal_filter:check:641 | S2 market phase | {'symbol': 'TUSDT', 'phase': 'drop_tradeable', 'note': 'drop_tradeable:bq=0.83'}
2026-07-11 19:28:31 | INFO | trading.strategy2_signal_filter:check:641 | S2 market phase | {'symbol': 'TUSDT', 'phase': 'drop_tradeable', 'note': 'drop_tradeable:bq=0.83'}
2026-07-11 19:28:36 | INFO | trading.strategy2_signal_filter:check:641 | S2 market phase | {'symbol': 'TUSDT', 'phase': 'drop_tradeable', 'note': 'drop_tradeable:bq=0.83'}
2026-07-11 19:28:36 | INFO | trading.strategy2_signal_filter:check:641 | S2 market phase | {'symbol': 'TUSDT', 'phase': 'drop_tradeable', 'note': 'drop_tradeable:bq=0.83'}
2026-07-11 19:28:41 | INFO | trading.strategy2_signal_filter:check:641 | S2 market phase | {'symbol': 'TUSDT', 'phase': 'drop_tradeable', 'note': 'drop_tradeable:bq=0.83'}
2026-07-11 19:28:46 | INFO | trading.strategy2_signal_filter:check:641 | S2 market phase | {'symbol': 'TUSDT', 'phase': 'drop_tradeable', 'note': 'drop_tradeable:bq=0.83'}
2026-07-11 19:28:51 | INFO | trading.strategy2_signal_filter:check:641 | S2 market phase | {'symbol': 'TUSDT', 'phase': 'drop_tradeable', 'note': 'drop_tradeable:bq=0.83'}
2026-07-11 19:28:51 | INFO | trading.strategy2_signal_filter:check:641 | S2 market phase | {'symbol': 'TUSDT', 'phase': 'drop_tradeable', 'note': 'drop_tradeable:bq=0.83'}
2026-07-11 19:28:56 | INFO | trading.strategy2_signal_filter:check:641 | S2 market phase | {'symbol': 'TUSDT', 'phase': 'drop_tradeable', 'note': 'drop_tradeable:bq=0.83'}
2026-07-11 19:28:56 | INFO | trading.strategy2_signal_filter:check:493 | S2 skip: approach>=block (G3, level exhausted) | {'symbol': 'USUSDT', 'level': 0.021595, 'approach_count': 12, 'block_threshold': 4}
2026-07-11 19:28:56 | INFO | trading.strategy2_signal_filter:check:505 | S2: level marked dead, monitor will stop sending proximity | {'symbol': 'USUSDT', 'level': 0.021595, 'approach_count': 12}
2026-07-11 19:28:56 | INFO | __main__:_proximity_loop:1258 | Proximity alert sent | {'symbol': 'USUSDT', 'level': 0.021595, 'distance_pct': 1.930063578564949}
2026-07-11 19:28:56 | INFO | trading.strategy2_signal_filter:check:493 | S2 skip: approach>=block (G3, level exhausted) | {'symbol': 'USUSDT', 'level': 0.021595, 'approach_count': 12, 'block_threshold': 4}
2026-07-11 19:29:01 | INFO | trading.strategy2_signal_filter:check:641 | S2 market phase | {'symbol': 'TUSDT', 'phase': 'drop_tradeable', 'note': 'drop_tradeable:bq=0.83'}
2026-07-11 19:29:07 | INFO | trading.strategy2_signal_filter:check:641 | S2 market phase | {'symbol': 'TUSDT', 'phase': 'drop_tradeable', 'note': 'drop_tradeable:bq=0.83'}
2026-07-11 19:29:07 | INFO | trading.strategy2_signal_filter:check:641 | S2 market phase | {'symbol': 'TUSDT', 'phase': 'drop_tradeable', 'note': 'drop_tradeable:bq=0.83'}
2026-07-11 19:29:12 | INFO | trading.strategy2_signal_filter:check:641 | S2 market phase | {'symbol': 'TUSDT', 'phase': 'drop_tradeable', 'note': 'drop_tradeable:bq=0.83'}
2026-07-11 19:29:12 | INFO | trading.strategy2_signal_filter:check:493 | S2 skip: approach>=block (G3, level exhausted) | {'symbol': 'USUSDT', 'level': 0.021595, 'approach_count': 12, 'block_threshold': 4}
2026-07-11 19:29:17 | INFO | trading.strategy2_signal_filter:check:641 | S2 market phase | {'symbol': 'TUSDT', 'phase': 'drop_tradeable', 'note': 'drop_tradeable:bq=0.83'}
2026-07-11 19:29:22 | INFO | trading.strategy2_signal_filter:check:641 | S2 market phase | {'symbol': 'TUSDT', 'phase': 'drop_tradeable', 'note': 'drop_tradeable:bq=0.83'}
2026-07-11 19:29:22 | INFO | trading.strategy2_signal_filter:check:641 | S2 market phase | {'symbol': 'TUSDT', 'phase': 'drop_tradeable', 'note': 'drop_tradeable:bq=0.83'}
2026-07-11 19:29:27 | INFO | trading.strategy2_signal_filter:check:641 | S2 market phase | {'symbol': 'TUSDT', 'phase': 'drop_tradeable', 'note': 'drop_tradeable:bq=0.83'}
2026-07-11 19:29:27 | INFO | trading.strategy2_signal_filter:check:493 | S2 skip: approach>=block (G3, level exhausted) | {'symbol': 'USUSDT', 'level': 0.021595, 'approach_count': 12, 'block_threshold': 4}
2026-07-11 19:29:32 | INFO | trading.strategy2_signal_filter:check:641 | S2 market phase | {'symbol': 'TUSDT', 'phase': 'drop_tradeable', 'note': 'drop_tradeable:bq=0.83'}
2026-07-11 19:29:37 | INFO | trading.strategy2_signal_filter:check:641 | S2 market phase | {'symbol': 'TUSDT', 'phase': 'drop_tradeable', 'note': 'drop_tradeable:bq=0.83'}
2026-07-11 19:29:37 | INFO | trading.strategy2_signal_filter:check:641 | S2 market phase | {'symbol': 'TUSDT', 'phase': 'drop_tradeable', 'note': 'drop_tradeable:bq=0.83'}
2026-07-11 19:29:42 | INFO | trading.strategy2_signal_filter:check:641 | S2 market phase | {'symbol': 'TUSDT', 'phase': 'drop_tradeable', 'note': 'drop_tradeable:bq=0.83'}
2026-07-11 19:29:42 | INFO | trading.strategy2_signal_filter:check:493 | S2 skip: approach>=block (G3, level exhausted) | {'symbol': 'USUSDT', 'level': 0.021595, 'approach_count': 12, 'block_threshold': 4}
2026-07-11 19:29:47 | INFO | trading.strategy2_signal_filter:check:641 | S2 market phase | {'symbol': 'TUSDT', 'phase': 'drop_tradeable', 'note': 'drop_tradeable:bq=0.83'}
2026-07-11 19:29:52 | INFO | trading.strategy2_signal_filter:check:641 | S2 market phase | {'symbol': 'TUSDT', 'phase': 'drop_tradeable', 'note': 'drop_tradeable:bq=0.83'}
2026-07-11 19:29:52 | INFO | trading.strategy2_signal_filter:check:641 | S2 market phase | {'symbol': 'TUSDT', 'phase': 'drop_tradeable', 'note': 'drop_tradeable:bq=0.83'}
2026-07-11 19:29:58 | INFO | trading.strategy2_signal_filter:check:641 | S2 market phase | {'symbol': 'TUSDT', 'phase': 'drop_tradeable', 'note': 'drop_tradeable:bq=0.83'}
2026-07-11 19:29:58 | INFO | trading.strategy2_signal_filter:check:493 | S2 skip: approach>=block (G3, level exhausted) | {'symbol': 'USUSDT', 'level': 0.021595, 'approach_count': 12, 'block_threshold': 4}
2026-07-11 19:30:03 | INFO | trading.strategy2_signal_filter:check:641 | S2 market phase | {'symbol': 'TUSDT', 'phase': 'drop_tradeable', 'note': 'drop_tradeable:bq=0.83'}
2026-07-11 19:30:08 | INFO | trading.strategy2_signal_filter:check:641 | S2 market phase | {'symbol': 'TUSDT', 'phase': 'drop_tradeable', 'note': 'drop_tradeable:bq=0.83'}
2026-07-11 19:30:08 | INFO | trading.strategy2_signal_filter:check:641 | S2 market phase | {'symbol': 'TUSDT', 'phase': 'drop_tradeable', 'note': 'drop_tradeable:bq=0.83'}
2026-07-11 19:30:13 | INFO | trading.strategy2_signal_filter:check:641 | S2 market phase | {'symbol': 'TUSDT', 'phase': 'drop_tradeable', 'note': 'drop_tradeable:bq=0.83'}
2026-07-11 19:30:13 | INFO | trading.strategy2_signal_filter:check:493 | S2 skip: approach>=block (G3, level exhausted) | {'symbol': 'USUSDT', 'level': 0.021595, 'approach_count': 12, 'block_threshold': 4}
2026-07-11 19:30:18 | INFO | __main__:_trigger_loop:357 | Trigger activated | {'symbol': 'VELVETUSDT'}
2026-07-11 19:30:19 | INFO | trading.strategy2_signal_filter:check:641 | S2 market phase | {'symbol': 'TUSDT', 'phase': 'drop_tradeable', 'note': 'drop_tradeable:bq=0.83'}
2026-07-11 19:30:19 | INFO | __main__:_run_phase1:652 | Level monitoring started | {'symbol': 'VELVETUSDT', 'level': 0.43755, 'strength': 5}
2026-07-11 19:30:23 | INFO | trading.strategy2_signal_filter:check:641 | S2 market phase | {'symbol': 'TUSDT', 'phase': 'drop_tradeable', 'note': 'drop_tradeable:bq=0.83'}
2026-07-11 19:30:24 | INFO | trading.strategy2_signal_filter:check:641 | S2 market phase | {'symbol': 'TUSDT', 'phase': 'drop_tradeable', 'note': 'drop_tradeable:bq=0.83'}
2026-07-11 19:30:28 | INFO | trading.strategy2_signal_filter:check:641 | S2 market phase | {'symbol': 'TUSDT', 'phase': 'drop_tradeable', 'note': 'drop_tradeable:bq=0.83'}
2026-07-11 19:30:33 | INFO | trading.strategy2_signal_filter:check:641 | S2 market phase | {'symbol': 'TUSDT', 'phase': 'drop_tradeable', 'note': 'drop_tradeable:bq=0.83'}
2026-07-11 19:30:38 | INFO | trading.strategy2_signal_filter:check:641 | S2 market phase | {'symbol': 'TUSDT', 'phase': 'drop_tradeable', 'note': 'drop_tradeable:bq=0.83'}
2026-07-11 19:30:39 | INFO | trading.strategy2_signal_filter:check:641 | S2 market phase | {'symbol': 'TUSDT', 'phase': 'drop_tradeable', 'note': 'drop_tradeable:bq=0.83'}
2026-07-11 19:30:43 | INFO | trading.strategy2_signal_filter:check:641 | S2 market phase | {'symbol': 'TUSDT', 'phase': 'drop_tradeable', 'note': 'drop_tradeable:bq=0.83'}
2026-07-11 19:30:48 | INFO | trading.strategy2_signal_filter:check:641 | S2 market phase | {'symbol': 'TUSDT', 'phase': 'drop_tradeable', 'note': 'drop_tradeable:bq=0.83'}
2026-07-11 19:30:54 | INFO | __main__:_proximity_arm_loop:1948 | proximity-arm activated | {'symbol': 'EVAAUSDT', 'level': 1.7096, 'type': 'pump_base', 'strength': 5, 'dist_atr': 2.18}
2026-07-11 19:30:54 | INFO | trading.strategy2_signal_filter:check:641 | S2 market phase | {'symbol': 'TUSDT', 'phase': 'drop_tradeable', 'note': 'drop_tradeable:bq=0.83'}
2026-07-11 19:30:54 | INFO | trading.strategy2_signal_filter:check:641 | S2 market phase | {'symbol': 'TUSDT', 'phase': 'drop_tradeable', 'note': 'drop_tradeable:bq=0.83'}
2026-07-11 19:30:54 | INFO | __main__:_run_phase1:652 | Level monitoring started | {'symbol': 'EVAAUSDT', 'level': 1.7096, 'strength': 5}
2026-07-11 19:30:54 | INFO | trading.strategy2_signal_filter:check:493 | S2 skip: approach>=block (G3, level exhausted) | {'symbol': 'EVAAUSDT', 'level': 1.7096, 'approach_count': 26, 'block_threshold': 4}
2026-07-11 19:30:54 | INFO | trading.strategy2_signal_filter:check:505 | S2: level marked dead, monitor will stop sending proximity | {'symbol': 'EVAAUSDT', 'level': 1.7096, 'approach_count': 26}
2026-07-11 19:30:59 | INFO | trading.strategy2_signal_filter:check:641 | S2 market phase | {'symbol': 'TUSDT', 'phase': 'drop_tradeable', 'note': 'drop_tradeable:bq=0.83'}
2026-07-11 19:30:59 | INFO | __main__:_proximity_loop:1258 | Proximity alert sent | {'symbol': 'EVAAUSDT', 'level': 1.7096, 'distance_pct': 1.2647993069592856}
2026-07-11 19:30:59 | INFO | trading.strategy2_signal_filter:check:493 | S2 skip: approach>=block (G3, level exhausted) | {'symbol': 'EVAAUSDT', 'level': 1.7096, 'approach_count': 26, 'block_threshold': 4}
2026-07-11 19:31:04 | INFO | trading.strategy2_signal_filter:check:641 | S2 market phase | {'symbol': 'TUSDT', 'phase': 'drop_tradeable', 'note': 'drop_tradeable:bq=0.83'}
2026-07-11 19:31:09 | INFO | trading.strategy2_signal_filter:check:641 | S2 market phase | {'symbol': 'TUSDT', 'phase': 'drop_tradeable', 'note': 'drop_tradeable:bq=0.83'}
2026-07-11 19:31:09 | INFO | trading.strategy2_signal_filter:check:641 | S2 market phase | {'symbol': 'TUSDT', 'phase': 'drop_tradeable', 'note': 'drop_tradeable:bq=0.83'}
2026-07-11 19:31:14 | INFO | trading.strategy2_signal_filter:check:641 | S2 market phase | {'symbol': 'TUSDT', 'phase': 'drop_tradeable', 'note': 'drop_tradeable:bq=0.83'}
2026-07-11 19:31:14 | INFO | trading.strategy2_signal_filter:check:493 | S2 skip: approach>=block (G3, level exhausted) | {'symbol': 'EVAAUSDT', 'level': 1.7096, 'approach_count': 26, 'block_threshold': 4}
2026-07-11 19:31:19 | INFO | trading.strategy2_signal_filter:check:641 | S2 market phase | {'symbol': 'TUSDT', 'phase': 'drop_tradeable', 'note': 'drop_tradeable:bq=0.83'}
2026-07-11 19:31:24 | INFO | trading.strategy2_signal_filter:check:641 | S2 market phase | {'symbol': 'TUSDT', 'phase': 'drop_tradeable', 'note': 'drop_tradeable:bq=0.83'}
2026-07-11 19:31:24 | INFO | trading.strategy2_signal_filter:check:641 | S2 market phase | {'symbol': 'TUSDT', 'phase': 'drop_tradeable', 'note': 'drop_tradeable:bq=0.83'}
2026-07-11 19:31:29 | INFO | trading.strategy2_signal_filter:check:641 | S2 market phase | {'symbol': 'TUSDT', 'phase': 'drop_tradeable', 'note': 'drop_tradeable:bq=0.83'}
2026-07-11 19:31:29 | INFO | trading.strategy2_signal_filter:check:493 | S2 skip: approach>=block (G3, level exhausted) | {'symbol': 'EVAAUSDT', 'level': 1.7096, 'approach_count': 25, 'block_threshold': 4}
2026-07-11 19:31:34 | INFO | trading.strategy2_signal_filter:check:641 | S2 market phase | {'symbol': 'TUSDT', 'phase': 'drop_tradeable', 'note': 'drop_tradeable:bq=0.83'}
2026-07-11 19:31:40 | INFO | trading.strategy2_signal_filter:check:641 | S2 market phase | {'symbol': 'TUSDT', 'phase': 'drop_tradeable', 'note': 'drop_tradeable:bq=0.83'}
2026-07-11 19:31:40 | INFO | trading.strategy2_signal_filter:check:641 | S2 market phase | {'symbol': 'TUSDT', 'phase': 'drop_tradeable', 'note': 'drop_tradeable:bq=0.83'}
2026-07-11 19:31:45 | INFO | trading.strategy2_signal_filter:check:641 | S2 market phase | {'symbol': 'TUSDT', 'phase': 'drop_tradeable', 'note': 'drop_tradeable:bq=0.83'}
2026-07-11 19:31:45 | INFO | trading.strategy2_signal_filter:check:493 | S2 skip: approach>=block (G3, level exhausted) | {'symbol': 'EVAAUSDT', 'level': 1.7096, 'approach_count': 25, 'block_threshold': 4}
2026-07-11 19:31:50 | INFO | trading.strategy2_signal_filter:check:641 | S2 market phase | {'symbol': 'TUSDT', 'phase': 'drop_tradeable', 'note': 'drop_tradeable:bq=0.83'}
2026-07-11 19:31:55 | INFO | trading.strategy2_signal_filter:check:641 | S2 market phase | {'symbol': 'TUSDT', 'phase': 'drop_tradeable', 'note': 'drop_tradeable:bq=0.83'}
2026-07-11 19:31:55 | INFO | trading.strategy2_signal_filter:check:641 | S2 market phase | {'symbol': 'TUSDT', 'phase': 'drop_tradeable', 'note': 'drop_tradeable:bq=0.83'}
2026-07-11 19:32:00 | INFO | trading.strategy2_signal_filter:check:641 | S2 market phase | {'symbol': 'TUSDT', 'phase': 'drop_tradeable', 'note': 'drop_tradeable:bq=0.83'}
2026-07-11 19:32:00 | INFO | trading.strategy2_signal_filter:check:493 | S2 skip: approach>=block (G3, level exhausted) | {'symbol': 'EVAAUSDT', 'level': 1.7096, 'approach_count': 25, 'block_threshold': 4}
2026-07-11 19:32:05 | INFO | trading.strategy2_signal_filter:check:641 | S2 market phase | {'symbol': 'TUSDT', 'phase': 'drop_tradeable', 'note': 'drop_tradeable:bq=0.83'}
2026-07-11 19:32:10 | INFO | __main__:_trigger_loop:357 | Trigger activated | {'symbol': 'XPINUSDT'}
2026-07-11 19:32:11 | INFO | __main__:_run_phase1:575 | Replaced old monitor with closer level | {'symbol': 'XPINUSDT', 'old': 0.0017745, 'new': 0.001919}
2026-07-11 19:32:11 | INFO | __main__:_monitored:798 | Monitor cancelled | {'symbol': 'XPINUSDT', 'level': 0.0017745}
2026-07-11 19:32:11 | INFO | trading.strategy2_signal_filter:check:641 | S2 market phase | {'symbol': 'TUSDT', 'phase': 'drop_tradeable', 'note': 'drop_tradeable:bq=0.83'}
2026-07-11 19:32:11 | INFO | trading.strategy2_signal_filter:check:641 | S2 market phase | {'symbol': 'TUSDT', 'phase': 'drop_tradeable', 'note': 'drop_tradeable:bq=0.83'}
2026-07-11 19:32:11 | INFO | __main__:_run_phase1:601 | Level broken in recent candles, skipping monitor | {'symbol': 'XPINUSDT', 'level': 0.001919, 'close_below': 6}
2026-07-11 19:32:15 | INFO | trading.strategy2_signal_filter:check:641 | S2 market phase | {'symbol': 'TUSDT', 'phase': 'drop_tradeable', 'note': 'drop_tradeable:bq=0.83'}
2026-07-11 19:32:15 | INFO | trading.strategy2_signal_filter:check:493 | S2 skip: approach>=block (G3, level exhausted) | {'symbol': 'EVAAUSDT', 'level': 1.7096, 'approach_count': 26, 'block_threshold': 4}
2026-07-11 19:32:20 | INFO | trading.strategy2_signal_filter:check:641 | S2 market phase | {'symbol': 'TUSDT', 'phase': 'drop_tradeable', 'note': 'drop_tradeable:bq=0.83'}
2026-07-11 19:32:25 | INFO | trading.strategy2_signal_filter:check:641 | S2 market phase | {'symbol': 'TUSDT', 'phase': 'drop_tradeable', 'note': 'drop_tradeable:bq=0.83'}
2026-07-11 19:32:25 | INFO | trading.strategy2_signal_filter:check:641 | S2 market phase | {'symbol': 'TUSDT', 'phase': 'drop_tradeable', 'note': 'drop_tradeable:bq=0.83'}
2026-07-11 19:32:31 | INFO | trading.strategy2_signal_filter:check:641 | S2 market phase | {'symbol': 'TUSDT', 'phase': 'drop_tradeable', 'note': 'drop_tradeable:bq=0.83'}
2026-07-11 19:32:31 | INFO | trading.strategy2_signal_filter:check:493 | S2 skip: approach>=block (G3, level exhausted) | {'symbol': 'EVAAUSDT', 'level': 1.7096, 'approach_count': 25, 'block_threshold': 4}
2026-07-11 19:32:36 | INFO | trading.strategy2_signal_filter:check:641 | S2 market phase | {'symbol': 'TUSDT', 'phase': 'drop_tradeable', 'note': 'drop_tradeable:bq=0.83'}
2026-07-11 19:32:41 | INFO | trading.strategy2_signal_filter:check:641 | S2 market phase | {'symbol': 'TUSDT', 'phase': 'drop_tradeable', 'note': 'drop_tradeable:bq=0.83'}
2026-07-11 19:32:41 | INFO | trading.strategy2_signal_filter:check:641 | S2 market phase | {'symbol': 'TUSDT', 'phase': 'drop_tradeable', 'note': 'drop_tradeable:bq=0.83'}
2026-07-11 19:32:46 | INFO | trading.strategy2_signal_filter:check:641 | S2 market phase | {'symbol': 'TUSDT', 'phase': 'drop_tradeable', 'note': 'drop_tradeable:bq=0.83'}
2026-07-11 19:32:46 | INFO | trading.strategy2_signal_filter:check:493 | S2 skip: approach>=block (G3, level exhausted) | {'symbol': 'EVAAUSDT', 'level': 1.7096, 'approach_count': 25, 'block_threshold': 4}
2026-07-11 19:32:51 | INFO | trading.strategy2_signal_filter:check:641 | S2 market phase | {'symbol': 'TUSDT', 'phase': 'drop_tradeable', 'note': 'drop_tradeable:bq=0.83'}
2026-07-11 19:32:54 | INFO | __main__:_proximity_arm_loop:1948 | proximity-arm activated | {'symbol': 'XPINUSDT', 'level': 0.001919, 'type': 'pump_base', 'strength': 5, 'dist_atr': 2.09}
2026-07-11 19:32:56 | INFO | trading.strategy2_signal_filter:check:641 | S2 market phase | {'symbol': 'TUSDT', 'phase': 'drop_tradeable', 'note': 'drop_tradeable:bq=0.83'}
2026-07-11 19:32:56 | INFO | trading.strategy2_signal_filter:check:641 | S2 market phase | {'symbol': 'TUSDT', 'phase': 'drop_tradeable', 'note': 'drop_tradeable:bq=0.83'}
2026-07-11 19:33:01 | INFO | trading.strategy2_signal_filter:check:641 | S2 market phase | {'symbol': 'TUSDT', 'phase': 'drop_tradeable', 'note': 'drop_tradeable:bq=0.83'}
2026-07-11 19:33:01 | INFO | trading.strategy2_signal_filter:check:493 | S2 skip: approach>=block (G3, level exhausted) | {'symbol': 'EVAAUSDT', 'level': 1.7096, 'approach_count': 25, 'block_threshold': 4}
2026-07-11 19:33:06 | INFO | trading.strategy2_signal_filter:check:641 | S2 market phase | {'symbol': 'TUSDT', 'phase': 'drop_tradeable', 'note': 'drop_tradeable:bq=0.83'}
2026-07-11 19:33:11 | INFO | trading.strategy2_signal_filter:check:641 | S2 market phase | {'symbol': 'TUSDT', 'phase': 'drop_tradeable', 'note': 'drop_tradeable:bq=0.83'}
2026-07-11 19:33:11 | INFO | trading.strategy2_signal_filter:check:641 | S2 market phase | {'symbol': 'TUSDT', 'phase': 'drop_tradeable', 'note': 'drop_tradeable:bq=0.83'}
2026-07-11 19:33:16 | INFO | trading.strategy2_signal_filter:check:641 | S2 market phase | {'symbol': 'TUSDT', 'phase': 'drop_tradeable', 'note': 'drop_tradeable:bq=0.83'}
2026-07-11 19:33:16 | INFO | trading.strategy2_signal_filter:check:493 | S2 skip: approach>=block (G3, level exhausted) | {'symbol': 'EVAAUSDT', 'level': 1.7096, 'approach_count': 26, 'block_threshold': 4}
2026-07-11 19:33:22 | INFO | trading.strategy2_signal_filter:check:641 | S2 market phase | {'symbol': 'TUSDT', 'phase': 'drop_tradeable', 'note': 'drop_tradeable:bq=0.83'}
2026-07-11 19:33:27 | INFO | trading.strategy2_signal_filter:check:641 | S2 market phase | {'symbol': 'TUSDT', 'phase': 'drop_tradeable', 'note': 'drop_tradeable:bq=0.83'}
2026-07-11 19:33:27 | INFO | trading.strategy2_signal_filter:check:641 | S2 market phase | {'symbol': 'TUSDT', 'phase': 'drop_tradeable', 'note': 'drop_tradeable:bq=0.83'}
2026-07-11 19:33:32 | INFO | trading.strategy2_signal_filter:check:641 | S2 market phase | {'symbol': 'TUSDT', 'phase': 'drop_tradeable', 'note': 'drop_tradeable:bq=0.83'}
2026-07-11 19:33:32 | INFO | trading.strategy2_signal_filter:check:493 | S2 skip: approach>=block (G3, level exhausted) | {'symbol': 'EVAAUSDT', 'level': 1.7096, 'approach_count': 26, 'block_threshold': 4}
2026-07-11 19:33:37 | INFO | trading.strategy2_signal_filter:check:641 | S2 market phase | {'symbol': 'TUSDT', 'phase': 'drop_tradeable', 'note': 'drop_tradeable:bq=0.83'}
2026-07-11 19:33:42 | INFO | trading.strategy2_signal_filter:check:641 | S2 market phase | {'symbol': 'TUSDT', 'phase': 'drop_tradeable', 'note': 'drop_tradeable:bq=0.83'}
2026-07-11 19:33:42 | INFO | trading.strategy2_signal_filter:check:641 | S2 market phase | {'symbol': 'TUSDT', 'phase': 'drop_tradeable', 'note': 'drop_tradeable:bq=0.83'}
2026-07-11 19:33:47 | INFO | trading.strategy2_signal_filter:check:641 | S2 market phase | {'symbol': 'TUSDT', 'phase': 'drop_tradeable', 'note': 'drop_tradeable:bq=0.83'}
2026-07-11 19:33:47 | INFO | trading.strategy2_signal_filter:check:493 | S2 skip: approach>=block (G3, level exhausted) | {'symbol': 'EVAAUSDT', 'level': 1.7096, 'approach_count': 26, 'block_threshold': 4}
2026-07-11 19:33:52 | INFO | trading.strategy2_signal_filter:check:641 | S2 market phase | {'symbol': 'TUSDT', 'phase': 'drop_tradeable', 'note': 'drop_tradeable:bq=0.83'}
2026-07-11 19:33:57 | INFO | trading.strategy2_signal_filter:check:641 | S2 market phase | {'symbol': 'TUSDT', 'phase': 'drop_tradeable', 'note': 'drop_tradeable:bq=0.83'}
2026-07-11 19:33:57 | INFO | trading.strategy2_signal_filter:check:641 | S2 market phase | {'symbol': 'TUSDT', 'phase': 'drop_tradeable', 'note': 'drop_tradeable:bq=0.83'}
2026-07-11 19:34:02 | INFO | trading.strategy2_signal_filter:check:641 | S2 market phase | {'symbol': 'TUSDT', 'phase': 'drop_tradeable', 'note': 'drop_tradeable:bq=0.83'}
2026-07-11 19:34:02 | INFO | trading.strategy2_signal_filter:check:493 | S2 skip: approach>=block (G3, level exhausted) | {'symbol': 'EVAAUSDT', 'level': 1.7096, 'approach_count': 26, 'block_threshold': 4}
2026-07-11 19:34:07 | INFO | trading.strategy2_signal_filter:check:641 | S2 market phase | {'symbol': 'TUSDT', 'phase': 'drop_tradeable', 'note': 'drop_tradeable:bq=0.83'}
2026-07-11 19:34:13 | INFO | trading.strategy2_signal_filter:check:641 | S2 market phase | {'symbol': 'TUSDT', 'phase': 'drop_tradeable', 'note': 'drop_tradeable:bq=0.83'}
2026-07-11 19:34:13 | INFO | trading.strategy2_signal_filter:check:641 | S2 market phase | {'symbol': 'TUSDT', 'phase': 'drop_tradeable', 'note': 'drop_tradeable:bq=0.83'}
2026-07-11 19:34:18 | INFO | trading.strategy2_signal_filter:check:641 | S2 market phase | {'symbol': 'TUSDT', 'phase': 'drop_tradeable', 'note': 'drop_tradeable:bq=0.83'}
2026-07-11 19:34:18 | INFO | trading.strategy2_signal_filter:check:493 | S2 skip: approach>=block (G3, level exhausted) | {'symbol': 'EVAAUSDT', 'level': 1.7096, 'approach_count': 26, 'block_threshold': 4}
2026-07-11 19:34:23 | INFO | trading.strategy2_signal_filter:check:641 | S2 market phase | {'symbol': 'TUSDT', 'phase': 'drop_tradeable', 'note': 'drop_tradeable:bq=0.83'}
2026-07-11 19:34:28 | INFO | trading.strategy2_signal_filter:check:641 | S2 market phase | {'symbol': 'TUSDT', 'phase': 'drop_tradeable', 'note': 'drop_tradeable:bq=0.83'}
2026-07-11 19:34:28 | INFO | trading.strategy2_signal_filter:check:641 | S2 market phase | {'symbol': 'TUSDT', 'phase': 'drop_tradeable', 'note': 'drop_tradeable:bq=0.83'}
2026-07-11 19:34:33 | INFO | trading.strategy2_signal_filter:check:641 | S2 market phase | {'symbol': 'TUSDT', 'phase': 'drop_tradeable', 'note': 'drop_tradeable:bq=0.83'}
2026-07-11 19:34:33 | INFO | trading.strategy2_signal_filter:check:493 | S2 skip: approach>=block (G3, level exhausted) | {'symbol': 'EVAAUSDT', 'level': 1.7096, 'approach_count': 26, 'block_threshold': 4}
2026-07-11 19:34:38 | INFO | trading.strategy2_signal_filter:check:641 | S2 market phase | {'symbol': 'TUSDT', 'phase': 'drop_tradeable', 'note': 'drop_tradeable:bq=0.83'}
2026-07-11 19:34:43 | INFO | trading.strategy2_signal_filter:check:641 | S2 market phase | {'symbol': 'TUSDT', 'phase': 'drop_tradeable', 'note': 'drop_tradeable:bq=0.83'}
2026-07-11 19:34:43 | INFO | trading.strategy2_signal_filter:check:641 | S2 market phase | {'symbol': 'TUSDT', 'phase': 'drop_tradeable', 'note': 'drop_tradeable:bq=0.83'}
2026-07-11 19:34:48 | INFO | trading.strategy2_signal_filter:check:641 | S2 market phase | {'symbol': 'TUSDT', 'phase': 'drop_tradeable', 'note': 'drop_tradeable:bq=0.83'}
2026-07-11 19:34:48 | INFO | trading.strategy2_signal_filter:check:493 | S2 skip: approach>=block (G3, level exhausted) | {'symbol': 'EVAAUSDT', 'level': 1.7096, 'approach_count': 26, 'block_threshold': 4}
2026-07-11 19:34:53 | INFO | trading.strategy2_signal_filter:check:641 | S2 market phase | {'symbol': 'TUSDT', 'phase': 'drop_tradeable', 'note': 'drop_tradeable:bq=0.83'}
2026-07-11 19:34:59 | INFO | trading.strategy2_signal_filter:check:641 | S2 market phase | {'symbol': 'TUSDT', 'phase': 'drop_tradeable', 'note': 'drop_tradeable:bq=0.83'}
2026-07-11 19:34:59 | INFO | trading.strategy2_signal_filter:check:641 | S2 market phase | {'symbol': 'TUSDT', 'phase': 'drop_tradeable', 'note': 'drop_tradeable:bq=0.83'}
2026-07-11 19:35:04 | INFO | trading.strategy2_signal_filter:check:641 | S2 market phase | {'symbol': 'TUSDT', 'phase': 'drop_tradeable', 'note': 'drop_tradeable:bq=0.83'}
2026-07-11 19:35:04 | INFO | trading.strategy2_signal_filter:check:493 | S2 skip: approach>=block (G3, level exhausted) | {'symbol': 'EVAAUSDT', 'level': 1.7096, 'approach_count': 26, 'block_threshold': 4}
2026-07-11 19:35:09 | INFO | trading.strategy2_signal_filter:check:641 | S2 market phase | {'symbol': 'TUSDT', 'phase': 'drop_tradeable', 'note': 'drop_tradeable:bq=0.83'}
2026-07-11 19:35:14 | INFO | analysis.monitor:start_monitor:126 | monitor: skip level with non-positive p_bounce (won't pass entry filter) | {'symbol': 'TUSDT', 'level': 0.004386, 'level_type': 'wick_level', 'p_bounce': 0.0, 'expected_depth': 0.0}
2026-07-11 19:35:14 | INFO | __main__:_monitored:798 | Monitor cancelled | {'symbol': 'TUSDT', 'level': 0.00435209}
2026-07-11 19:35:14 | INFO | trading.strategy2_signal_filter:check:641 | S2 market phase | {'symbol': 'TUSDT', 'phase': 'drop_tradeable', 'note': 'drop_tradeable:bq=0.83'}
2026-07-11 19:35:14 | INFO | __main__:_start_resistance_after_bounce:1116 | Resistance monitor started | {'symbol': 'TUSDT', 'resistance': 0.004386, 'from_support': 0.00435209}
2026-07-11 19:35:14 | INFO | __main__:_monitored:787 | Level outcome saved | {'symbol': 'TUSDT', 'level': 0.004386, 'result': 'отбой', 'outcome': None, 'duration': 0.0}
2026-07-11 19:35:19 | INFO | trading.strategy2_signal_filter:check:493 | S2 skip: approach>=block (G3, level exhausted) | {'symbol': 'EVAAUSDT', 'level': 1.7096, 'approach_count': 26, 'block_threshold': 4}
2026-07-11 19:35:24 | INFO | __main__:_proximity_arm_loop:1948 | proximity-arm activated | {'symbol': 'TUSDT', 'level': 0.004262, 'type': 'pump_base', 'strength': 5, 'dist_atr': 3.91}
2026-07-11 19:35:24 | INFO | __main__:_run_phase1:652 | Level monitoring started | {'symbol': 'TUSDT', 'level': 0.004262, 'strength': 5}
2026-07-11 19:35:34 | INFO | trading.strategy2_signal_filter:check:493 | S2 skip: approach>=block (G3, level exhausted) | {'symbol': 'EVAAUSDT', 'level': 1.7096, 'approach_count': 26, 'block_threshold': 4}
2026-07-11 19:35:50 | INFO | trading.strategy2_signal_filter:check:493 | S2 skip: approach>=block (G3, level exhausted) | {'symbol': 'EVAAUSDT', 'level': 1.7096, 'approach_count': 26, 'block_threshold': 4}
2026-07-11 19:36:05 | INFO | trading.strategy2_signal_filter:check:493 | S2 skip: approach>=block (G3, level exhausted) | {'symbol': 'EVAAUSDT', 'level': 1.7096, 'approach_count': 26, 'block_threshold': 4}
2026-07-11 19:36:20 | INFO | trading.strategy2_signal_filter:check:493 | S2 skip: approach>=block (G3, level exhausted) | {'symbol': 'EVAAUSDT', 'level': 1.7096, 'approach_count': 25, 'block_threshold': 4}
2026-07-11 19:36:35 | INFO | trading.strategy2_signal_filter:check:493 | S2 skip: approach>=block (G3, level exhausted) | {'symbol': 'EVAAUSDT', 'level': 1.7096, 'approach_count': 25, 'block_threshold': 4}
2026-07-11 19:36:51 | INFO | trading.strategy2_signal_filter:check:493 | S2 skip: approach>=block (G3, level exhausted) | {'symbol': 'EVAAUSDT', 'level': 1.7096, 'approach_count': 26, 'block_threshold': 4}
2026-07-11 19:36:55 | INFO | __main__:_auto_screener_loop:306 | Auto screener completed | {'total': 1, 'new': 0}
2026-07-11 19:37:06 | INFO | trading.strategy2_signal_filter:check:493 | S2 skip: approach>=block (G3, level exhausted) | {'symbol': 'EVAAUSDT', 'level': 1.7096, 'approach_count': 26, 'block_threshold': 4}
2026-07-11 19:37:21 | INFO | trading.strategy2_signal_filter:check:493 | S2 skip: approach>=block (G3, level exhausted) | {'symbol': 'EVAAUSDT', 'level': 1.7096, 'approach_count': 26, 'block_threshold': 4}
2026-07-11 19:37:37 | INFO | trading.strategy2_signal_filter:check:493 | S2 skip: approach>=block (G3, level exhausted) | {'symbol': 'EVAAUSDT', 'level': 1.7096, 'approach_count': 26, 'block_threshold': 4}
2026-07-11 19:37:52 | INFO | trading.strategy2_signal_filter:check:493 | S2 skip: approach>=block (G3, level exhausted) | {'symbol': 'EVAAUSDT', 'level': 1.7096, 'approach_count': 26, 'block_threshold': 4}
2026-07-11 19:38:07 | INFO | trading.strategy2_signal_filter:check:493 | S2 skip: approach>=block (G3, level exhausted) | {'symbol': 'EVAAUSDT', 'level': 1.7096, 'approach_count': 26, 'block_threshold': 4}
2026-07-11 19:38:23 | INFO | trading.strategy2_signal_filter:check:493 | S2 skip: approach>=block (G3, level exhausted) | {'symbol': 'EVAAUSDT', 'level': 1.7096, 'approach_count': 25, 'block_threshold': 4}
2026-07-11 19:38:38 | INFO | trading.strategy2_signal_filter:check:493 | S2 skip: approach>=block (G3, level exhausted) | {'symbol': 'EVAAUSDT', 'level': 1.7096, 'approach_count': 25, 'block_threshold': 4}
2026-07-11 19:38:53 | INFO | trading.strategy2_signal_filter:check:493 | S2 skip: approach>=block (G3, level exhausted) | {'symbol': 'EVAAUSDT', 'level': 1.7096, 'approach_count': 26, 'block_threshold': 4}
2026-07-11 19:39:09 | INFO | trading.strategy2_signal_filter:check:493 | S2 skip: approach>=block (G3, level exhausted) | {'symbol': 'EVAAUSDT', 'level': 1.7096, 'approach_count': 26, 'block_threshold': 4}
2026-07-11 19:39:24 | INFO | trading.strategy2_signal_filter:check:493 | S2 skip: approach>=block (G3, level exhausted) | {'symbol': 'EVAAUSDT', 'level': 1.7096, 'approach_count': 26, 'block_threshold': 4}
2026-07-11 19:39:34 | INFO | trading.strategy2_signal_filter:check:641 | S2 market phase | {'symbol': 'TUSDT', 'phase': 'drop_tradeable', 'note': 'drop_tradeable:bq=0.83'}
2026-07-11 19:39:34 | INFO | trading.strategy2_signal_filter:check:948 | S2 signal passed all filters | {'symbol': 'TUSDT', 'level': 0.004262, 'level_type': 'pump_base', 'strength': 5, 'p_bounce': 0.948, 'sl': 0.00421071, 'tp1': 0.00430036, 'tp2': 0.00439129, 'rr': 0.75, 'phase': 'drop_tradeable', 'pos_struct_pct': 61.0, 'pos_local_pct': -31.4, 'struct_range': [0.003404, 0.00481], 'approach_speed_pct': -0.3212, 'red_candles_streak': 1, 'phase_streak_checks': 60, 'phase_streak_seconds': 484.8, 'bleed_in_last_12': 0, 'seconds_since_bleed': None, 'phase_seq': 'dddddddddddd', 'hours_since_pump_peak': 4.2, 'vol_decay': 0.53, 'natr_now_pct': 2.46}
2026-07-11 19:39:34 | INFO | __main__:_proximity_loop:1258 | Proximity alert sent | {'symbol': 'TUSDT', 'level': 0.004262, 'distance_pct': 1.9102416570770941}
2026-07-11 19:39:36 | INFO | trading.strategy2_live:_open_grid:784 | S2Live: SL order placed | {'trade_id': '652b54d2-4660-4fa4-97cf-e48a0c69b135', 'symbol': 'TUSDT', 'sl_order_id': '84f3a3a7-1bc1-4c2d-98f1-481059140f4a', 'trigger': 0.004211, 'qty': 46990.0}
2026-07-11 19:39:36 | INFO | bot.telegram:send_close_with_chart:1480 | chart candles available: TUSDT 300 | {}
2026-07-11 19:39:36 | INFO | trading.strategy2_live:_open_grid:817 | S2Live grid opened | {'trade_id': '652b54d2-4660-4fa4-97cf-e48a0c69b135', 'symbol': 'TUSDT', 'orders': 2}
2026-07-11 19:39:39 | INFO | trading.strategy2_signal_filter:check:493 | S2 skip: approach>=block (G3, level exhausted) | {'symbol': 'EVAAUSDT', 'level': 1.7096, 'approach_count': 26, 'block_threshold': 4}
2026-07-11 19:39:54 | INFO | trading.strategy2_signal_filter:check:493 | S2 skip: approach>=block (G3, level exhausted) | {'symbol': 'EVAAUSDT', 'level': 1.7096, 'approach_count': 26, 'block_threshold': 4}
2026-07-11 19:40:10 | INFO | trading.strategy2_signal_filter:check:493 | S2 skip: approach>=block (G3, level exhausted) | {'symbol': 'EVAAUSDT', 'level': 1.7096, 'approach_count': 26, 'block_threshold': 4}
2026-07-11 19:40:25 | INFO | trading.strategy2_signal_filter:check:493 | S2 skip: approach>=block (G3, level exhausted) | {'symbol': 'EVAAUSDT', 'level': 1.7096, 'approach_count': 26, 'block_threshold': 4}
2026-07-11 19:40:40 | INFO | trading.strategy2_signal_filter:check:493 | S2 skip: approach>=block (G3, level exhausted) | {'symbol': 'EVAAUSDT', 'level': 1.7096, 'approach_count': 26, 'block_threshold': 4}
2026-07-11 19:40:56 | INFO | trading.strategy2_signal_filter:check:493 | S2 skip: approach>=block (G3, level exhausted) | {'symbol': 'EVAAUSDT', 'level': 1.7096, 'approach_count': 26, 'block_threshold': 4}
2026-07-11 19:41:11 | INFO | trading.strategy2_signal_filter:check:493 | S2 skip: approach>=block (G3, level exhausted) | {'symbol': 'EVAAUSDT', 'level': 1.7096, 'approach_count': 26, 'block_threshold': 4}
2026-07-11 19:41:26 | INFO | trading.strategy2_signal_filter:check:493 | S2 skip: approach>=block (G3, level exhausted) | {'symbol': 'EVAAUSDT', 'level': 1.7096, 'approach_count': 26, 'block_threshold': 4}
2026-07-11 19:41:42 | INFO | trading.strategy2_signal_filter:check:493 | S2 skip: approach>=block (G3, level exhausted) | {'symbol': 'EVAAUSDT', 'level': 1.7096, 'approach_count': 26, 'block_threshold': 4}
2026-07-11 19:41:57 | INFO | trading.strategy2_signal_filter:check:493 | S2 skip: approach>=block (G3, level exhausted) | {'symbol': 'EVAAUSDT', 'level': 1.7096, 'approach_count': 26, 'block_threshold': 4}
2026-07-11 19:42:12 | INFO | trading.strategy2_signal_filter:check:493 | S2 skip: approach>=block (G3, level exhausted) | {'symbol': 'EVAAUSDT', 'level': 1.7096, 'approach_count': 22, 'block_threshold': 4}
2026-07-11 19:42:28 | INFO | trading.strategy2_signal_filter:check:493 | S2 skip: approach>=block (G3, level exhausted) | {'symbol': 'EVAAUSDT', 'level': 1.7096, 'approach_count': 22, 'block_threshold': 4}
2026-07-11 19:42:43 | INFO | trading.strategy2_signal_filter:check:493 | S2 skip: approach>=block (G3, level exhausted) | {'symbol': 'EVAAUSDT', 'level': 1.7096, 'approach_count': 24, 'block_threshold': 4}
2026-07-11 19:42:58 | INFO | trading.strategy2_signal_filter:check:493 | S2 skip: approach>=block (G3, level exhausted) | {'symbol': 'EVAAUSDT', 'level': 1.7096, 'approach_count': 24, 'block_threshold': 4}
2026-07-11 19:43:13 | INFO | trading.strategy2_signal_filter:check:493 | S2 skip: approach>=block (G3, level exhausted) | {'symbol': 'EVAAUSDT', 'level': 1.7096, 'approach_count': 22, 'block_threshold': 4}
2026-07-11 19:43:29 | INFO | trading.strategy2_signal_filter:check:493 | S2 skip: approach>=block (G3, level exhausted) | {'symbol': 'EVAAUSDT', 'level': 1.7096, 'approach_count': 22, 'block_threshold': 4}
2026-07-11 19:43:44 | INFO | trading.strategy2_signal_filter:check:493 | S2 skip: approach>=block (G3, level exhausted) | {'symbol': 'EVAAUSDT', 'level': 1.7096, 'approach_count': 22, 'block_threshold': 4}
2026-07-11 19:43:59 | INFO | trading.strategy2_signal_filter:check:493 | S2 skip: approach>=block (G3, level exhausted) | {'symbol': 'EVAAUSDT', 'level': 1.7096, 'approach_count': 22, 'block_threshold': 4}
2026-07-11 19:44:15 | INFO | trading.strategy2_signal_filter:check:493 | S2 skip: approach>=block (G3, level exhausted) | {'symbol': 'EVAAUSDT', 'level': 1.7096, 'approach_count': 22, 'block_threshold': 4}
2026-07-11 19:44:30 | INFO | trading.strategy2_signal_filter:check:493 | S2 skip: approach>=block (G3, level exhausted) | {'symbol': 'EVAAUSDT', 'level': 1.7096, 'approach_count': 22, 'block_threshold': 4}
2026-07-11 19:44:45 | INFO | trading.strategy2_signal_filter:check:493 | S2 skip: approach>=block (G3, level exhausted) | {'symbol': 'EVAAUSDT', 'level': 1.7096, 'approach_count': 22, 'block_threshold': 4}
2026-07-11 19:45:01 | INFO | trading.strategy2_signal_filter:check:493 | S2 skip: approach>=block (G3, level exhausted) | {'symbol': 'EVAAUSDT', 'level': 1.7096, 'approach_count': 22, 'block_threshold': 4}
2026-07-11 19:45:16 | INFO | trading.strategy2_signal_filter:check:493 | S2 skip: approach>=block (G3, level exhausted) | {'symbol': 'EVAAUSDT', 'level': 1.7096, 'approach_count': 22, 'block_threshold': 4}
2026-07-11 19:45:24 | INFO | __main__:_proximity_arm_loop:1948 | proximity-arm activated | {'symbol': 'BEATUSDT', 'level': 2.271, 'type': 'pump_base', 'strength': 5, 'dist_atr': 1.22}
2026-07-11 19:45:24 | INFO | __main__:_run_phase1:414 | Pump degraded, skipping monitoring | {'symbol': 'BEATUSDT', 'health': 40, 'broken': 0, 'correction': '161%'}
2026-07-11 19:45:31 | INFO | trading.strategy2_signal_filter:check:493 | S2 skip: approach>=block (G3, level exhausted) | {'symbol': 'EVAAUSDT', 'level': 1.7096, 'approach_count': 22, 'block_threshold': 4}
2026-07-11 19:45:47 | INFO | trading.strategy2_signal_filter:check:493 | S2 skip: approach>=block (G3, level exhausted) | {'symbol': 'EVAAUSDT', 'level': 1.7096, 'approach_count': 22, 'block_threshold': 4}
2026-07-11 19:46:02 | INFO | trading.strategy2_signal_filter:check:493 | S2 skip: approach>=block (G3, level exhausted) | {'symbol': 'EVAAUSDT', 'level': 1.7096, 'approach_count': 22, 'block_threshold': 4}
2026-07-11 19:46:17 | INFO | trading.strategy2_signal_filter:check:493 | S2 skip: approach>=block (G3, level exhausted) | {'symbol': 'EVAAUSDT', 'level': 1.7096, 'approach_count': 22, 'block_threshold': 4}
2026-07-11 19:46:32 | INFO | trading.strategy2_signal_filter:check:493 | S2 skip: approach>=block (G3, level exhausted) | {'symbol': 'EVAAUSDT', 'level': 1.7096, 'approach_count': 22, 'block_threshold': 4}
2026-07-11 19:46:48 | INFO | trading.strategy2_signal_filter:check:493 | S2 skip: approach>=block (G3, level exhausted) | {'symbol': 'EVAAUSDT', 'level': 1.7096, 'approach_count': 22, 'block_threshold': 4}
2026-07-11 19:46:57 | INFO | __main__:_auto_screener_loop:306 | Auto screener completed | {'total': 1, 'new': 0}
2026-07-11 19:47:03 | INFO | trading.strategy2_signal_filter:check:493 | S2 skip: approach>=block (G3, level exhausted) | {'symbol': 'EVAAUSDT', 'level': 1.7096, 'approach_count': 22, 'block_threshold': 4}
2026-07-11 19:47:18 | INFO | trading.strategy2_signal_filter:check:493 | S2 skip: approach>=block (G3, level exhausted) | {'symbol': 'EVAAUSDT', 'level': 1.7096, 'approach_count': 20, 'block_threshold': 4}
2026-07-11 19:47:34 | INFO | trading.strategy2_signal_filter:check:493 | S2 skip: approach>=block (G3, level exhausted) | {'symbol': 'EVAAUSDT', 'level': 1.7096, 'approach_count': 20, 'block_threshold': 4}
2026-07-11 19:47:49 | INFO | trading.strategy2_signal_filter:check:493 | S2 skip: approach>=block (G3, level exhausted) | {'symbol': 'EVAAUSDT', 'level': 1.7096, 'approach_count': 21, 'block_threshold': 4}
2026-07-11 19:47:59 | INFO | trading.strategy2_signal_filter:check:493 | S2 skip: approach>=block (G3, level exhausted) | {'symbol': 'USUSDT', 'level': 0.021595, 'approach_count': 12, 'block_threshold': 4}
2026-07-11 19:48:04 | INFO | trading.strategy2_signal_filter:check:493 | S2 skip: approach>=block (G3, level exhausted) | {'symbol': 'EVAAUSDT', 'level': 1.7096, 'approach_count': 21, 'block_threshold': 4}
2026-07-11 19:48:14 | INFO | trading.strategy2_signal_filter:check:493 | S2 skip: approach>=block (G3, level exhausted) | {'symbol': 'USUSDT', 'level': 0.021595, 'approach_count': 12, 'block_threshold': 4}
2026-07-11 19:48:20 | INFO | trading.strategy2_signal_filter:check:493 | S2 skip: approach>=block (G3, level exhausted) | {'symbol': 'EVAAUSDT', 'level': 1.7096, 'approach_count': 21, 'block_threshold': 4}
2026-07-11 19:48:30 | INFO | trading.strategy2_signal_filter:check:493 | S2 skip: approach>=block (G3, level exhausted) | {'symbol': 'USUSDT', 'level': 0.021595, 'approach_count': 12, 'block_threshold': 4}
2026-07-11 19:48:35 | INFO | trading.strategy2_signal_filter:check:493 | S2 skip: approach>=block (G3, level exhausted) | {'symbol': 'EVAAUSDT', 'level': 1.7096, 'approach_count': 21, 'block_threshold': 4}
2026-07-11 19:48:45 | INFO | trading.strategy2_signal_filter:check:493 | S2 skip: approach>=block (G3, level exhausted) | {'symbol': 'USUSDT', 'level': 0.021595, 'approach_count': 12, 'block_threshold': 4}
2026-07-11 19:48:50 | INFO | trading.strategy2_signal_filter:check:493 | S2 skip: approach>=block (G3, level exhausted) | {'symbol': 'EVAAUSDT', 'level': 1.7096, 'approach_count': 21, 'block_threshold': 4}
2026-07-11 19:49:00 | INFO | trading.strategy2_signal_filter:check:493 | S2 skip: approach>=block (G3, level exhausted) | {'symbol': 'USUSDT', 'level': 0.021595, 'approach_count': 14, 'block_threshold': 4}
2026-07-11 19:49:05 | INFO | trading.strategy2_signal_filter:check:493 | S2 skip: approach>=block (G3, level exhausted) | {'symbol': 'EVAAUSDT', 'level': 1.7096, 'approach_count': 21, 'block_threshold': 4}
2026-07-11 19:49:16 | INFO | trading.strategy2_signal_filter:check:493 | S2 skip: approach>=block (G3, level exhausted) | {'symbol': 'USUSDT', 'level': 0.021595, 'approach_count': 13, 'block_threshold': 4}
2026-07-11 19:49:21 | INFO | trading.strategy2_signal_filter:check:493 | S2 skip: approach>=block (G3, level exhausted) | {'symbol': 'EVAAUSDT', 'level': 1.7096, 'approach_count': 20, 'block_threshold': 4}
2026-07-11 19:49:31 | INFO | trading.strategy2_signal_filter:check:493 | S2 skip: approach>=block (G3, level exhausted) | {'symbol': 'USUSDT', 'level': 0.021595, 'approach_count': 13, 'block_threshold': 4}
2026-07-11 19:49:36 | INFO | trading.strategy2_signal_filter:check:493 | S2 skip: approach>=block (G3, level exhausted) | {'symbol': 'EVAAUSDT', 'level': 1.7096, 'approach_count': 21, 'block_threshold': 4}
2026-07-11 19:49:46 | INFO | trading.strategy2_signal_filter:check:493 | S2 skip: approach>=block (G3, level exhausted) | {'symbol': 'USUSDT', 'level': 0.021595, 'approach_count': 13, 'block_threshold': 4}
2026-07-11 19:49:51 | INFO | trading.strategy2_signal_filter:check:493 | S2 skip: approach>=block (G3, level exhausted) | {'symbol': 'EVAAUSDT', 'level': 1.7096, 'approach_count': 21, 'block_threshold': 4}
2026-07-11 19:50:02 | INFO | trading.strategy2_signal_filter:check:493 | S2 skip: approach>=block (G3, level exhausted) | {'symbol': 'USUSDT', 'level': 0.021595, 'approach_count': 13, 'block_threshold': 4}
2026-07-11 19:50:03 | INFO | bot.telegram:send_close_with_chart:1480 | chart candles available: TUSDT 300 | {}
2026-07-11 19:50:03 | INFO | trading.strategy2_live:_reconcile_one:1289 | S2Live reconcile: no position, no fills — closed | {'trade_id': '652b54d2-4660-4fa4-97cf-e48a0c69b135', 'symbol': 'TUSDT'}
2026-07-11 19:50:07 | INFO | trading.strategy2_signal_filter:check:493 | S2 skip: approach>=block (G3, level exhausted) | {'symbol': 'EVAAUSDT', 'level': 1.7096, 'approach_count': 21, 'block_threshold': 4}
2026-07-11 19:50:17 | INFO | trading.strategy2_signal_filter:check:493 | S2 skip: approach>=block (G3, level exhausted) | {'symbol': 'USUSDT', 'level': 0.021595, 'approach_count': 13, 'block_threshold': 4}
2026-07-11 19:50:22 | INFO | trading.strategy2_signal_filter:check:493 | S2 skip: approach>=block (G3, level exhausted) | {'symbol': 'EVAAUSDT', 'level': 1.7096, 'approach_count': 20, 'block_threshold': 4}
2026-07-11 19:50:32 | INFO | trading.strategy2_signal_filter:check:493 | S2 skip: approach>=block (G3, level exhausted) | {'symbol': 'USUSDT', 'level': 0.021595, 'approach_count': 14, 'block_threshold': 4}
2026-07-11 19:50:37 | INFO | trading.strategy2_signal_filter:check:493 | S2 skip: approach>=block (G3, level exhausted) | {'symbol': 'EVAAUSDT', 'level': 1.7096, 'approach_count': 20, 'block_threshold': 4}
2026-07-11 19:50:41 | INFO | trading.price_tracker:_save_post_exit_range:187 | post_exit_tracker saved | {'trade_id': 'eaa550df-6abc-4e38-818e-a7036d0bda2d', 'high': 0.022266, 'low': 0.0219}
2026-07-11 19:50:47 | INFO | trading.strategy2_signal_filter:check:493 | S2 skip: approach>=block (G3, level exhausted) | {'symbol': 'USUSDT', 'level': 0.021595, 'approach_count': 14, 'block_threshold': 4}
2026-07-11 19:50:53 | INFO | trading.strategy2_signal_filter:check:493 | S2 skip: approach>=block (G3, level exhausted) | {'symbol': 'EVAAUSDT', 'level': 1.7096, 'approach_count': 20, 'block_threshold': 4}
2026-07-11 19:51:03 | INFO | trading.strategy2_signal_filter:check:493 | S2 skip: approach>=block (G3, level exhausted) | {'symbol': 'USUSDT', 'level': 0.021595, 'approach_count': 14, 'block_threshold': 4}
2026-07-11 19:51:08 | INFO | trading.strategy2_signal_filter:check:493 | S2 skip: approach>=block (G3, level exhausted) | {'symbol': 'EVAAUSDT', 'level': 1.7096, 'approach_count': 20, 'block_threshold': 4}
2026-07-11 19:51:18 | INFO | trading.strategy2_signal_filter:check:493 | S2 skip: approach>=block (G3, level exhausted) | {'symbol': 'USUSDT', 'level': 0.021595, 'approach_count': 12, 'block_threshold': 4}
2026-07-11 19:51:23 | INFO | trading.strategy2_signal_filter:check:493 | S2 skip: approach>=block (G3, level exhausted) | {'symbol': 'EVAAUSDT', 'level': 1.7096, 'approach_count': 20, 'block_threshold': 4}
2026-07-11 19:51:33 | INFO | trading.strategy2_signal_filter:check:493 | S2 skip: approach>=block (G3, level exhausted) | {'symbol': 'USUSDT', 'level': 0.021595, 'approach_count': 12, 'block_threshold': 4}
2026-07-11 19:51:38 | INFO | trading.strategy2_signal_filter:check:493 | S2 skip: approach>=block (G3, level exhausted) | {'symbol': 'EVAAUSDT', 'level': 1.7096, 'approach_count': 20, 'block_threshold': 4}
2026-07-11 19:51:49 | INFO | trading.strategy2_signal_filter:check:493 | S2 skip: approach>=block (G3, level exhausted) | {'symbol': 'USUSDT', 'level': 0.021595, 'approach_count': 12, 'block_threshold': 4}
2026-07-11 19:51:54 | INFO | trading.strategy2_signal_filter:check:493 | S2 skip: approach>=block (G3, level exhausted) | {'symbol': 'EVAAUSDT', 'level': 1.7096, 'approach_count': 20, 'block_threshold': 4}
2026-07-11 19:52:04 | INFO | trading.strategy2_signal_filter:check:493 | S2 skip: approach>=block (G3, level exhausted) | {'symbol': 'USUSDT', 'level': 0.021595, 'approach_count': 12, 'block_threshold': 4}
2026-07-11 19:52:09 | INFO | trading.strategy2_signal_filter:check:493 | S2 skip: approach>=block (G3, level exhausted) | {'symbol': 'EVAAUSDT', 'level': 1.7096, 'approach_count': 19, 'block_threshold': 4}
2026-07-11 19:52:19 | INFO | trading.strategy2_signal_filter:check:493 | S2 skip: approach>=block (G3, level exhausted) | {'symbol': 'USUSDT', 'level': 0.021595, 'approach_count': 12, 'block_threshold': 4}
2026-07-11 19:52:24 | INFO | trading.strategy2_signal_filter:check:493 | S2 skip: approach>=block (G3, level exhausted) | {'symbol': 'EVAAUSDT', 'level': 1.7096, 'approach_count': 19, 'block_threshold': 4}
2026-07-11 19:52:35 | INFO | trading.strategy2_signal_filter:check:493 | S2 skip: approach>=block (G3, level exhausted) | {'symbol': 'USUSDT', 'level': 0.021595, 'approach_count': 12, 'block_threshold': 4}
2026-07-11 19:52:40 | INFO | trading.strategy2_signal_filter:check:493 | S2 skip: approach>=block (G3, level exhausted) | {'symbol': 'EVAAUSDT', 'level': 1.7096, 'approach_count': 19, 'block_threshold': 4}
2026-07-11 19:52:50 | INFO | trading.strategy2_signal_filter:check:493 | S2 skip: approach>=block (G3, level exhausted) | {'symbol': 'USUSDT', 'level': 0.021595, 'approach_count': 12, 'block_threshold': 4}
2026-07-11 19:52:55 | INFO | trading.strategy2_signal_filter:check:493 | S2 skip: approach>=block (G3, level exhausted) | {'symbol': 'EVAAUSDT', 'level': 1.7096, 'approach_count': 20, 'block_threshold': 4}
2026-07-11 19:53:05 | INFO | trading.strategy2_signal_filter:check:493 | S2 skip: approach>=block (G3, level exhausted) | {'symbol': 'USUSDT', 'level': 0.021595, 'approach_count': 12, 'block_threshold': 4}
2026-07-11 19:53:10 | INFO | trading.strategy2_signal_filter:check:493 | S2 skip: approach>=block (G3, level exhausted) | {'symbol': 'EVAAUSDT', 'level': 1.7096, 'approach_count': 20, 'block_threshold': 4}
2026-07-11 19:53:20 | INFO | trading.strategy2_signal_filter:check:493 | S2 skip: approach>=block (G3, level exhausted) | {'symbol': 'USUSDT', 'level': 0.021595, 'approach_count': 12, 'block_threshold': 4}
2026-07-11 19:53:26 | INFO | trading.strategy2_signal_filter:check:493 | S2 skip: approach>=block (G3, level exhausted) | {'symbol': 'EVAAUSDT', 'level': 1.7096, 'approach_count': 19, 'block_threshold': 4}
2026-07-11 19:53:36 | INFO | trading.strategy2_signal_filter:check:493 | S2 skip: approach>=block (G3, level exhausted) | {'symbol': 'USUSDT', 'level': 0.021595, 'approach_count': 12, 'block_threshold': 4}
2026-07-11 19:53:41 | INFO | trading.strategy2_signal_filter:check:493 | S2 skip: approach>=block (G3, level exhausted) | {'symbol': 'EVAAUSDT', 'level': 1.7096, 'approach_count': 19, 'block_threshold': 4}
2026-07-11 19:53:51 | INFO | trading.strategy2_signal_filter:check:493 | S2 skip: approach>=block (G3, level exhausted) | {'symbol': 'USUSDT', 'level': 0.021595, 'approach_count': 12, 'block_threshold': 4}
2026-07-11 19:53:56 | INFO | trading.strategy2_signal_filter:check:493 | S2 skip: approach>=block (G3, level exhausted) | {'symbol': 'EVAAUSDT', 'level': 1.7096, 'approach_count': 19, 'block_threshold': 4}
2026-07-11 19:54:06 | INFO | trading.strategy2_signal_filter:check:493 | S2 skip: approach>=block (G3, level exhausted) | {'symbol': 'USUSDT', 'level': 0.021595, 'approach_count': 12, 'block_threshold': 4}
2026-07-11 19:54:12 | INFO | trading.strategy2_signal_filter:check:493 | S2 skip: approach>=block (G3, level exhausted) | {'symbol': 'EVAAUSDT', 'level': 1.7096, 'approach_count': 20, 'block_threshold': 4}
2026-07-11 19:54:22 | INFO | trading.strategy2_signal_filter:check:493 | S2 skip: approach>=block (G3, level exhausted) | {'symbol': 'USUSDT', 'level': 0.021595, 'approach_count': 13, 'block_threshold': 4}
2026-07-11 19:54:27 | INFO | trading.strategy2_signal_filter:check:493 | S2 skip: approach>=block (G3, level exhausted) | {'symbol': 'EVAAUSDT', 'level': 1.7096, 'approach_count': 19, 'block_threshold': 4}
2026-07-11 19:54:37 | INFO | trading.strategy2_signal_filter:check:493 | S2 skip: approach>=block (G3, level exhausted) | {'symbol': 'USUSDT', 'level': 0.021595, 'approach_count': 12, 'block_threshold': 4}
2026-07-11 19:54:42 | INFO | trading.strategy2_signal_filter:check:493 | S2 skip: approach>=block (G3, level exhausted) | {'symbol': 'EVAAUSDT', 'level': 1.7096, 'approach_count': 19, 'block_threshold': 4}
2026-07-11 19:54:52 | INFO | trading.strategy2_signal_filter:check:493 | S2 skip: approach>=block (G3, level exhausted) | {'symbol': 'USUSDT', 'level': 0.021595, 'approach_count': 12, 'block_threshold': 4}
2026-07-11 19:54:57 | INFO | trading.strategy2_signal_filter:check:493 | S2 skip: approach>=block (G3, level exhausted) | {'symbol': 'EVAAUSDT', 'level': 1.7096, 'approach_count': 19, 'block_threshold': 4}
2026-07-11 19:55:08 | INFO | trading.strategy2_signal_filter:check:493 | S2 skip: approach>=block (G3, level exhausted) | {'symbol': 'USUSDT', 'level': 0.021595, 'approach_count': 13, 'block_threshold': 4}
2026-07-11 19:55:13 | INFO | trading.strategy2_signal_filter:check:493 | S2 skip: approach>=block (G3, level exhausted) | {'symbol': 'EVAAUSDT', 'level': 1.7096, 'approach_count': 19, 'block_threshold': 4}
2026-07-11 19:55:23 | INFO | trading.strategy2_signal_filter:check:493 | S2 skip: approach>=block (G3, level exhausted) | {'symbol': 'USUSDT', 'level': 0.021595, 'approach_count': 13, 'block_threshold': 4}
2026-07-11 19:55:28 | INFO | trading.strategy2_signal_filter:check:493 | S2 skip: approach>=block (G3, level exhausted) | {'symbol': 'EVAAUSDT', 'level': 1.7096, 'approach_count': 19, 'block_threshold': 4}
2026-07-11 19:55:38 | INFO | trading.strategy2_signal_filter:check:493 | S2 skip: approach>=block (G3, level exhausted) | {'symbol': 'USUSDT', 'level': 0.021595, 'approach_count': 13, 'block_threshold': 4}
2026-07-11 19:55:43 | INFO | trading.strategy2_signal_filter:check:493 | S2 skip: approach>=block (G3, level exhausted) | {'symbol': 'EVAAUSDT', 'level': 1.7096, 'approach_count': 19, 'block_threshold': 4}
2026-07-11 19:55:53 | INFO | trading.strategy2_signal_filter:check:493 | S2 skip: approach>=block (G3, level exhausted) | {'symbol': 'USUSDT', 'level': 0.021595, 'approach_count': 13, 'block_threshold': 4}
2026-07-11 19:55:59 | INFO | trading.strategy2_signal_filter:check:493 | S2 skip: approach>=block (G3, level exhausted) | {'symbol': 'EVAAUSDT', 'level': 1.7096, 'approach_count': 19, 'block_threshold': 4}
2026-07-11 19:56:14 | INFO | trading.strategy2_signal_filter:check:493 | S2 skip: approach>=block (G3, level exhausted) | {'symbol': 'EVAAUSDT', 'level': 1.7096, 'approach_count': 20, 'block_threshold': 4}
2026-07-11 19:56:29 | INFO | trading.strategy2_signal_filter:check:493 | S2 skip: approach>=block (G3, level exhausted) | {'symbol': 'EVAAUSDT', 'level': 1.7096, 'approach_count': 19, 'block_threshold': 4}
2026-07-11 19:56:45 | INFO | trading.strategy2_signal_filter:check:493 | S2 skip: approach>=block (G3, level exhausted) | {'symbol': 'EVAAUSDT', 'level': 1.7096, 'approach_count': 19, 'block_threshold': 4}
2026-07-11 19:57:00 | INFO | __main__:_auto_screener_loop:306 | Auto screener completed | {'total': 1, 'new': 0}
2026-07-11 19:57:00 | INFO | trading.strategy2_signal_filter:check:493 | S2 skip: approach>=block (G3, level exhausted) | {'symbol': 'EVAAUSDT', 'level': 1.7096, 'approach_count': 20, 'block_threshold': 4}
2026-07-11 19:57:15 | INFO | trading.strategy2_signal_filter:check:493 | S2 skip: approach>=block (G3, level exhausted) | {'symbol': 'EVAAUSDT', 'level': 1.7096, 'approach_count': 19, 'block_threshold': 4}
2026-07-11 19:57:36 | INFO | trading.strategy2_signal_filter:check:493 | S2 skip: approach>=block (G3, level exhausted) | {'symbol': 'EVAAUSDT', 'level': 1.7096, 'approach_count': 20, 'block_threshold': 4}
2026-07-11 19:57:51 | INFO | trading.strategy2_signal_filter:check:493 | S2 skip: approach>=block (G3, level exhausted) | {'symbol': 'EVAAUSDT', 'level': 1.7096, 'approach_count': 19, 'block_threshold': 4}
2026-07-11 19:58:06 | INFO | trading.strategy2_signal_filter:check:493 | S2 skip: approach>=block (G3, level exhausted) | {'symbol': 'EVAAUSDT', 'level': 1.7096, 'approach_count': 19, 'block_threshold': 4}
2026-07-11 19:58:06 | INFO | trading.strategy2_signal_filter:check:493 | S2 skip: approach>=block (G3, level exhausted) | {'symbol': 'USUSDT', 'level': 0.021595, 'approach_count': 13, 'block_threshold': 4}
2026-07-11 19:58:21 | INFO | trading.strategy2_signal_filter:check:493 | S2 skip: approach>=block (G3, level exhausted) | {'symbol': 'EVAAUSDT', 'level': 1.7096, 'approach_count': 19, 'block_threshold': 4}
2026-07-11 19:58:21 | INFO | trading.strategy2_signal_filter:check:493 | S2 skip: approach>=block (G3, level exhausted) | {'symbol': 'USUSDT', 'level': 0.021595, 'approach_count': 12, 'block_threshold': 4}
2026-07-11 19:58:37 | INFO | trading.strategy2_signal_filter:check:493 | S2 skip: approach>=block (G3, level exhausted) | {'symbol': 'EVAAUSDT', 'level': 1.7096, 'approach_count': 19, 'block_threshold': 4}
2026-07-11 19:58:47 | INFO | trading.strategy2_signal_filter:check:493 | S2 skip: approach>=block (G3, level exhausted) | {'symbol': 'USUSDT', 'level': 0.021595, 'approach_count': 12, 'block_threshold': 4}
2026-07-11 19:58:52 | INFO | trading.strategy2_signal_filter:check:493 | S2 skip: approach>=block (G3, level exhausted) | {'symbol': 'EVAAUSDT', 'level': 1.7096, 'approach_count': 19, 'block_threshold': 4}
2026-07-11 19:59:07 | INFO | trading.strategy2_signal_filter:check:493 | S2 skip: approach>=block (G3, level exhausted) | {'symbol': 'EVAAUSDT', 'level': 1.7096, 'approach_count': 19, 'block_threshold': 4}
2026-07-11 19:59:12 | INFO | trading.strategy2_signal_filter:check:493 | S2 skip: approach>=block (G3, level exhausted) | {'symbol': 'USUSDT', 'level': 0.021595, 'approach_count': 11, 'block_threshold': 4}
2026-07-11 19:59:18 | INFO | __main__:_proximity_loop:1258 | Proximity alert sent | {'symbol': 'SXTUSDT', 'level': 0.00923, 'distance_pct': 0.06496318752705783}
2026-07-11 19:59:23 | INFO | trading.strategy2_signal_filter:check:493 | S2 skip: approach>=block (G3, level exhausted) | {'symbol': 'EVAAUSDT', 'level': 1.7096, 'approach_count': 19, 'block_threshold': 4}
2026-07-11 19:59:28 | INFO | trading.strategy2_signal_filter:check:493 | S2 skip: approach>=block (G3, level exhausted) | {'symbol': 'USUSDT', 'level': 0.021595, 'approach_count': 11, 'block_threshold': 4}
2026-07-11 19:59:33 | INFO | trading.strategy2_signal_filter:check:641 | S2 market phase | {'symbol': 'SXTUSDT', 'phase': 'drop_tradeable', 'note': 'drop_tradeable:bq=0.50'}
2026-07-11 19:59:38 | INFO | trading.strategy2_signal_filter:check:641 | S2 market phase | {'symbol': 'SXTUSDT', 'phase': 'drop_tradeable', 'note': 'drop_tradeable:bq=0.50'}
2026-07-11 19:59:38 | INFO | trading.strategy2_signal_filter:check:493 | S2 skip: approach>=block (G3, level exhausted) | {'symbol': 'EVAAUSDT', 'level': 1.7096, 'approach_count': 19, 'block_threshold': 4}
2026-07-11 19:59:43 | INFO | trading.strategy2_signal_filter:check:493 | S2 skip: approach>=block (G3, level exhausted) | {'symbol': 'USUSDT', 'level': 0.021595, 'approach_count': 11, 'block_threshold': 4}
2026-07-11 19:59:53 | INFO | trading.strategy2_signal_filter:check:493 | S2 skip: approach>=block (G3, level exhausted) | {'symbol': 'EVAAUSDT', 'level': 1.7096, 'approach_count': 19, 'block_threshold': 4}
2026-07-11 19:59:58 | INFO | trading.strategy2_signal_filter:check:493 | S2 skip: approach>=block (G3, level exhausted) | {'symbol': 'USUSDT', 'level': 0.021595, 'approach_count': 11, 'block_threshold': 4}
2026-07-11 20:00:09 | INFO | trading.strategy2_signal_filter:check:493 | S2 skip: approach>=block (G3, level exhausted) | {'symbol': 'EVAAUSDT', 'level': 1.7096, 'approach_count': 19, 'block_threshold': 4}
2026-07-11 20:00:14 | INFO | analysis.monitor:start_monitor:126 | monitor: skip level with non-positive p_bounce (won't pass entry filter) | {'symbol': 'SXTUSDT', 'level': 0.009647666666666667, 'level_type': 'wick_level', 'p_bounce': 0.0, 'expected_depth': 0.0}
2026-07-11 20:00:14 | INFO | trading.strategy2_signal_filter:check:493 | S2 skip: approach>=block (G3, level exhausted) | {'symbol': 'USUSDT', 'level': 0.021595, 'approach_count': 11, 'block_threshold': 4}
2026-07-11 20:00:14 | INFO | __main__:_start_resistance_after_bounce:1116 | Resistance monitor started | {'symbol': 'SXTUSDT', 'resistance': 0.009647666666666667, 'from_support': 0.00923}
2026-07-11 20:00:14 | INFO | __main__:_monitored:787 | Level outcome saved | {'symbol': 'SXTUSDT', 'level': 0.009647666666666667, 'result': 'отбой', 'outcome': None, 'duration': 0.0}
2026-07-11 20:00:19 | INFO | analysis.monitor:start_monitor:126 | monitor: skip level with non-positive p_bounce (won't pass entry filter) | {'symbol': 'SXTUSDT', 'level': 0.009647666666666667, 'level_type': 'wick_level', 'p_bounce': 0.0, 'expected_depth': 0.0}
2026-07-11 20:00:19 | INFO | __main__:_start_resistance_after_bounce:1116 | Resistance monitor started | {'symbol': 'SXTUSDT', 'resistance': 0.009647666666666667, 'from_support': 0.00923}
2026-07-11 20:00:19 | INFO | __main__:_monitored:787 | Level outcome saved | {'symbol': 'SXTUSDT', 'level': 0.009647666666666667, 'result': 'отбой', 'outcome': None, 'duration': 0.0}
2026-07-11 20:00:24 | INFO | analysis.monitor:start_monitor:126 | monitor: skip level with non-positive p_bounce (won't pass entry filter) | {'symbol': 'SXTUSDT', 'level': 0.009640046153846154, 'level_type': 'wick_level', 'p_bounce': 0.0, 'expected_depth': 0.0}
2026-07-11 20:00:24 | INFO | trading.strategy2_signal_filter:check:493 | S2 skip: approach>=block (G3, level exhausted) | {'symbol': 'EVAAUSDT', 'level': 1.7096, 'approach_count': 20, 'block_threshold': 4}
2026-07-11 20:00:24 | INFO | __main__:_start_resistance_after_bounce:1116 | Resistance monitor started | {'symbol': 'SXTUSDT', 'resistance': 0.009640046153846154, 'from_support': 0.00923}
2026-07-11 20:00:24 | INFO | __main__:_monitored:787 | Level outcome saved | {'symbol': 'SXTUSDT', 'level': 0.009640046153846154, 'result': 'отбой', 'outcome': None, 'duration': 0.0}
2026-07-11 20:00:29 | INFO | analysis.monitor:start_monitor:126 | monitor: skip level with non-positive p_bounce (won't pass entry filter) | {'symbol': 'SXTUSDT', 'level': 0.009640046153846154, 'level_type': 'wick_level', 'p_bounce': 0.0, 'expected_depth': 0.0}
2026-07-11 20:00:29 | INFO | trading.strategy2_signal_filter:check:493 | S2 skip: approach>=block (G3, level exhausted) | {'symbol': 'USUSDT', 'level': 0.021595, 'approach_count': 12, 'block_threshold': 4}
2026-07-11 20:00:29 | INFO | __main__:_start_resistance_after_bounce:1116 | Resistance monitor started | {'symbol': 'SXTUSDT', 'resistance': 0.009640046153846154, 'from_support': 0.00923}
2026-07-11 20:00:29 | INFO | __main__:_monitored:787 | Level outcome saved | {'symbol': 'SXTUSDT', 'level': 0.009640046153846154, 'result': 'отбой', 'outcome': None, 'duration': 0.0}
2026-07-11 20:00:34 | INFO | analysis.monitor:start_monitor:126 | monitor: skip level with non-positive p_bounce (won't pass entry filter) | {'symbol': 'SXTUSDT', 'level': 0.009640046153846154, 'level_type': 'wick_level', 'p_bounce': 0.0, 'expected_depth': 0.0}
2026-07-11 20:00:34 | INFO | __main__:_start_resistance_after_bounce:1116 | Resistance monitor started | {'symbol': 'SXTUSDT', 'resistance': 0.009640046153846154, 'from_support': 0.00923}
2026-07-11 20:00:34 | INFO | __main__:_monitored:787 | Level outcome saved | {'symbol': 'SXTUSDT', 'level': 0.009640046153846154, 'result': 'отбой', 'outcome': None, 'duration': 0.0}
2026-07-11 20:00:39 | INFO | trading.strategy2_signal_filter:check:493 | S2 skip: approach>=block (G3, level exhausted) | {'symbol': 'EVAAUSDT', 'level': 1.7096, 'approach_count': 20, 'block_threshold': 4}
2026-07-11 20:00:44 | INFO | trading.strategy2_signal_filter:check:493 | S2 skip: approach>=block (G3, level exhausted) | {'symbol': 'USUSDT', 'level': 0.021595, 'approach_count': 12, 'block_threshold': 4}
2026-07-11 20:00:55 | INFO | trading.strategy2_signal_filter:check:493 | S2 skip: approach>=block (G3, level exhausted) | {'symbol': 'EVAAUSDT', 'level': 1.7096, 'approach_count': 20, 'block_threshold': 4}
2026-07-11 20:01:00 | INFO | trading.strategy2_signal_filter:check:493 | S2 skip: approach>=block (G3, level exhausted) | {'symbol': 'USUSDT', 'level': 0.021595, 'approach_count': 13, 'block_threshold': 4}
2026-07-11 20:01:10 | INFO | trading.strategy2_signal_filter:check:493 | S2 skip: approach>=block (G3, level exhausted) | {'symbol': 'EVAAUSDT', 'level': 1.7096, 'approach_count': 20, 'block_threshold': 4}
2026-07-11 20:01:15 | INFO | trading.strategy2_signal_filter:check:493 | S2 skip: approach>=block (G3, level exhausted) | {'symbol': 'USUSDT', 'level': 0.021595, 'approach_count': 12, 'block_threshold': 4}
2026-07-11 20:01:25 | INFO | trading.strategy2_signal_filter:check:493 | S2 skip: approach>=block (G3, level exhausted) | {'symbol': 'EVAAUSDT', 'level': 1.7096, 'approach_count': 20, 'block_threshold': 4}
2026-07-11 20:01:30 | INFO | trading.strategy2_signal_filter:check:493 | S2 skip: approach>=block (G3, level exhausted) | {'symbol': 'USUSDT', 'level': 0.021595, 'approach_count': 12, 'block_threshold': 4}
2026-07-11 20:01:40 | INFO | trading.strategy2_signal_filter:check:493 | S2 skip: approach>=block (G3, level exhausted) | {'symbol': 'EVAAUSDT', 'level': 1.7096, 'approach_count': 20, 'block_threshold': 4}
2026-07-11 20:01:46 | INFO | trading.strategy2_signal_filter:check:493 | S2 skip: approach>=block (G3, level exhausted) | {'symbol': 'USUSDT', 'level': 0.021595, 'approach_count': 12, 'block_threshold': 4}
2026-07-11 20:01:56 | INFO | trading.strategy2_signal_filter:check:493 | S2 skip: approach>=block (G3, level exhausted) | {'symbol': 'EVAAUSDT', 'level': 1.7096, 'approach_count': 20, 'block_threshold': 4}
2026-07-11 20:02:01 | INFO | trading.strategy2_signal_filter:check:493 | S2 skip: approach>=block (G3, level exhausted) | {'symbol': 'USUSDT', 'level': 0.021595, 'approach_count': 13, 'block_threshold': 4}
2026-07-11 20:02:11 | INFO | trading.strategy2_signal_filter:check:493 | S2 skip: approach>=block (G3, level exhausted) | {'symbol': 'EVAAUSDT', 'level': 1.7096, 'approach_count': 21, 'block_threshold': 4}
2026-07-11 20:02:16 | INFO | analysis.monitor:start_monitor:126 | monitor: skip level with non-positive p_bounce (won't pass entry filter) | {'symbol': 'SXTUSDT', 'level': 0.009367857142857141, 'level_type': 'wick_level', 'p_bounce': 0.0, 'expected_depth': 0.0}
2026-07-11 20:02:16 | INFO | __main__:_monitored:798 | Monitor cancelled | {'symbol': 'SXTUSDT', 'level': 0.00923}
2026-07-11 20:02:16 | INFO | trading.strategy2_signal_filter:check:493 | S2 skip: approach>=block (G3, level exhausted) | {'symbol': 'USUSDT', 'level': 0.021595, 'approach_count': 12, 'block_threshold': 4}
2026-07-11 20:02:16 | INFO | __main__:_start_resistance_after_bounce:1116 | Resistance monitor started | {'symbol': 'SXTUSDT', 'resistance': 0.009367857142857141, 'from_support': 0.00923}
2026-07-11 20:02:17 | INFO | __main__:_monitored:787 | Level outcome saved | {'symbol': 'SXTUSDT', 'level': 0.009367857142857141, 'result': 'отбой', 'outcome': None, 'duration': 0.0}
2026-07-11 20:02:26 | INFO | trading.strategy2_signal_filter:check:493 | S2 skip: approach>=block (G3, level exhausted) | {'symbol': 'EVAAUSDT', 'level': 1.7096, 'approach_count': 20, 'block_threshold': 4}
2026-07-11 20:02:32 | INFO | trading.strategy2_signal_filter:check:493 | S2 skip: approach>=block (G3, level exhausted) | {'symbol': 'USUSDT', 'level': 0.021595, 'approach_count': 12, 'block_threshold': 4}
2026-07-11 20:02:42 | INFO | trading.strategy2_signal_filter:check:493 | S2 skip: approach>=block (G3, level exhausted) | {'symbol': 'EVAAUSDT', 'level': 1.7096, 'approach_count': 21, 'block_threshold': 4}
2026-07-11 20:02:47 | INFO | trading.strategy2_signal_filter:check:493 | S2 skip: approach>=block (G3, level exhausted) | {'symbol': 'USUSDT', 'level': 0.021595, 'approach_count': 13, 'block_threshold': 4}
2026-07-11 20:02:57 | INFO | trading.strategy2_signal_filter:check:493 | S2 skip: approach>=block (G3, level exhausted) | {'symbol': 'EVAAUSDT', 'level': 1.7096, 'approach_count': 21, 'block_threshold': 4}
2026-07-11 20:03:02 | INFO | trading.strategy2_signal_filter:check:493 | S2 skip: approach>=block (G3, level exhausted) | {'symbol': 'USUSDT', 'level': 0.021595, 'approach_count': 13, 'block_threshold': 4}
2026-07-11 20:03:12 | INFO | __main__:_trigger_loop:357 | Trigger activated | {'symbol': 'BUSDT'}
2026-07-11 20:03:13 | INFO | __main__:_run_phase1:535 | No strong levels found | {'symbol': 'BUSDT', 'total_levels': 5}
2026-07-11 20:03:13 | INFO | trading.strategy2_signal_filter:check:493 | S2 skip: approach>=block (G3, level exhausted) | {'symbol': 'EVAAUSDT', 'level': 1.7096, 'approach_count': 20, 'block_threshold': 4}
2026-07-11 20:03:18 | INFO | trading.strategy2_signal_filter:check:493 | S2 skip: approach>=block (G3, level exhausted) | {'symbol': 'USUSDT', 'level': 0.021595, 'approach_count': 12, 'block_threshold': 4}
2026-07-11 20:03:28 | INFO | trading.strategy2_signal_filter:check:493 | S2 skip: approach>=block (G3, level exhausted) | {'symbol': 'EVAAUSDT', 'level': 1.7096, 'approach_count': 20, 'block_threshold': 4}
2026-07-11 20:03:33 | INFO | trading.strategy2_signal_filter:check:493 | S2 skip: approach>=block (G3, level exhausted) | {'symbol': 'USUSDT', 'level': 0.021595, 'approach_count': 13, 'block_threshold': 4}
2026-07-11 20:03:43 | INFO | trading.strategy2_signal_filter:check:493 | S2 skip: approach>=block (G3, level exhausted) | {'symbol': 'EVAAUSDT', 'level': 1.7096, 'approach_count': 22, 'block_threshold': 4}
2026-07-11 20:03:48 | INFO | trading.strategy2_signal_filter:check:493 | S2 skip: approach>=block (G3, level exhausted) | {'symbol': 'USUSDT', 'level': 0.021595, 'approach_count': 13, 'block_threshold': 4}
2026-07-11 20:03:58 | INFO | trading.strategy2_signal_filter:check:493 | S2 skip: approach>=block (G3, level exhausted) | {'symbol': 'EVAAUSDT', 'level': 1.7096, 'approach_count': 22, 'block_threshold': 4}
2026-07-11 20:04:03 | INFO | trading.strategy2_signal_filter:check:493 | S2 skip: approach>=block (G3, level exhausted) | {'symbol': 'USUSDT', 'level': 0.021595, 'approach_count': 12, 'block_threshold': 4}
2026-07-11 20:04:14 | INFO | trading.strategy2_signal_filter:check:493 | S2 skip: approach>=block (G3, level exhausted) | {'symbol': 'EVAAUSDT', 'level': 1.7096, 'approach_count': 22, 'block_threshold': 4}
2026-07-11 20:04:19 | INFO | trading.strategy2_signal_filter:check:493 | S2 skip: approach>=block (G3, level exhausted) | {'symbol': 'USUSDT', 'level': 0.021595, 'approach_count': 13, 'block_threshold': 4}
2026-07-11 20:04:29 | INFO | trading.strategy2_signal_filter:check:493 | S2 skip: approach>=block (G3, level exhausted) | {'symbol': 'EVAAUSDT', 'level': 1.7096, 'approach_count': 22, 'block_threshold': 4}
2026-07-11 20:04:34 | INFO | trading.strategy2_signal_filter:check:493 | S2 skip: approach>=block (G3, level exhausted) | {'symbol': 'USUSDT', 'level': 0.021595, 'approach_count': 12, 'block_threshold': 4}
2026-07-11 20:04:44 | INFO | trading.strategy2_signal_filter:check:493 | S2 skip: approach>=block (G3, level exhausted) | {'symbol': 'EVAAUSDT', 'level': 1.7096, 'approach_count': 22, 'block_threshold': 4}
2026-07-11 20:04:49 | INFO | trading.strategy2_signal_filter:check:493 | S2 skip: approach>=block (G3, level exhausted) | {'symbol': 'USUSDT', 'level': 0.021595, 'approach_count': 12, 'block_threshold': 4}
2026-07-11 20:04:59 | INFO | trading.strategy2_signal_filter:check:493 | S2 skip: approach>=block (G3, level exhausted) | {'symbol': 'EVAAUSDT', 'level': 1.7096, 'approach_count': 22, 'block_threshold': 4}
2026-07-11 20:05:05 | INFO | trading.strategy2_signal_filter:check:493 | S2 skip: approach>=block (G3, level exhausted) | {'symbol': 'USUSDT', 'level': 0.021595, 'approach_count': 12, 'block_threshold': 4}
2026-07-11 20:05:15 | INFO | trading.strategy2_signal_filter:check:493 | S2 skip: approach>=block (G3, level exhausted) | {'symbol': 'EVAAUSDT', 'level': 1.7096, 'approach_count': 22, 'block_threshold': 4}
2026-07-11 20:05:20 | INFO | trading.strategy2_signal_filter:check:493 | S2 skip: approach>=block (G3, level exhausted) | {'symbol': 'USUSDT', 'level': 0.021595, 'approach_count': 13, 'block_threshold': 4}
2026-07-11 20:05:30 | INFO | trading.strategy2_signal_filter:check:493 | S2 skip: approach>=block (G3, level exhausted) | {'symbol': 'EVAAUSDT', 'level': 1.7096, 'approach_count': 22, 'block_threshold': 4}
2026-07-11 20:05:35 | INFO | trading.strategy2_signal_filter:check:493 | S2 skip: approach>=block (G3, level exhausted) | {'symbol': 'USUSDT', 'level': 0.021595, 'approach_count': 12, 'block_threshold': 4}
2026-07-11 20:05:45 | INFO | trading.strategy2_signal_filter:check:493 | S2 skip: approach>=block (G3, level exhausted) | {'symbol': 'EVAAUSDT', 'level': 1.7096, 'approach_count': 22, 'block_threshold': 4}
2026-07-11 20:05:51 | INFO | trading.strategy2_signal_filter:check:493 | S2 skip: approach>=block (G3, level exhausted) | {'symbol': 'USUSDT', 'level': 0.021595, 'approach_count': 12, 'block_threshold': 4}
2026-07-11 20:06:01 | INFO | trading.strategy2_signal_filter:check:493 | S2 skip: approach>=block (G3, level exhausted) | {'symbol': 'EVAAUSDT', 'level': 1.7096, 'approach_count': 22, 'block_threshold': 4}
2026-07-11 20:06:06 | INFO | trading.strategy2_signal_filter:check:493 | S2 skip: approach>=block (G3, level exhausted) | {'symbol': 'USUSDT', 'level': 0.021595, 'approach_count': 12, 'block_threshold': 4}
2026-07-11 20:06:16 | INFO | trading.strategy2_signal_filter:check:493 | S2 skip: approach>=block (G3, level exhausted) | {'symbol': 'EVAAUSDT', 'level': 1.7096, 'approach_count': 22, 'block_threshold': 4}
2026-07-11 20:06:21 | INFO | trading.strategy2_signal_filter:check:493 | S2 skip: approach>=block (G3, level exhausted) | {'symbol': 'USUSDT', 'level': 0.021595, 'approach_count': 13, 'block_threshold': 4}
2026-07-11 20:06:25 | INFO | __main__:_proximity_arm_loop:1948 | proximity-arm activated | {'symbol': 'XPINUSDT', 'level': 0.001894, 'type': 'pump_base', 'strength': 5, 'dist_atr': 2.65}
2026-07-11 20:06:25 | INFO | __main__:_run_phase1:652 | Level monitoring started | {'symbol': 'XPINUSDT', 'level': 0.001894, 'strength': 5}
2026-07-11 20:06:25 | INFO | trading.strategy2_signal_filter:check:493 | S2 skip: approach>=block (G3, level exhausted) | {'symbol': 'XPINUSDT', 'level': 0.001894, 'approach_count': 15, 'block_threshold': 4}
2026-07-11 20:06:25 | INFO | trading.strategy2_signal_filter:check:505 | S2: level marked dead, monitor will stop sending proximity | {'symbol': 'XPINUSDT', 'level': 0.001894, 'approach_count': 15}
2026-07-11 20:06:26 | INFO | __main__:_proximity_loop:1258 | Proximity alert sent | {'symbol': 'XPINUSDT', 'level': 0.001894, 'distance_pct': 1.0966057441253247}
2026-07-11 20:06:26 | INFO | trading.strategy2_signal_filter:check:493 | S2 skip: approach>=block (G3, level exhausted) | {'symbol': 'XPINUSDT', 'level': 0.001894, 'approach_count': 15, 'block_threshold': 4}
2026-07-11 20:06:31 | INFO | trading.strategy2_signal_filter:check:493 | S2 skip: approach>=block (G3, level exhausted) | {'symbol': 'EVAAUSDT', 'level': 1.7096, 'approach_count': 22, 'block_threshold': 4}
2026-07-11 20:06:36 | INFO | trading.strategy2_signal_filter:check:493 | S2 skip: approach>=block (G3, level exhausted) | {'symbol': 'USUSDT', 'level': 0.021595, 'approach_count': 12, 'block_threshold': 4}
2026-07-11 20:06:42 | INFO | trading.strategy2_signal_filter:check:493 | S2 skip: approach>=block (G3, level exhausted) | {'symbol': 'XPINUSDT', 'level': 0.001894, 'approach_count': 15, 'block_threshold': 4}
2026-07-11 20:06:47 | INFO | trading.strategy2_signal_filter:check:493 | S2 skip: approach>=block (G3, level exhausted) | {'symbol': 'EVAAUSDT', 'level': 1.7096, 'approach_count': 22, 'block_threshold': 4}
2026-07-11 20:06:52 | INFO | trading.strategy2_signal_filter:check:493 | S2 skip: approach>=block (G3, level exhausted) | {'symbol': 'USUSDT', 'level': 0.021595, 'approach_count': 12, 'block_threshold': 4}
2026-07-11 20:06:57 | INFO | trading.strategy2_signal_filter:check:493 | S2 skip: approach>=block (G3, level exhausted) | {'symbol': 'XPINUSDT', 'level': 0.001894, 'approach_count': 15, 'block_threshold': 4}
2026-07-11 20:07:02 | INFO | __main__:_auto_screener_loop:306 | Auto screener completed | {'total': 1, 'new': 0}
2026-07-11 20:07:02 | INFO | trading.strategy2_signal_filter:check:493 | S2 skip: approach>=block (G3, level exhausted) | {'symbol': 'EVAAUSDT', 'level': 1.7096, 'approach_count': 22, 'block_threshold': 4}
2026-07-11 20:07:07 | INFO | trading.strategy2_signal_filter:check:493 | S2 skip: approach>=block (G3, level exhausted) | {'symbol': 'USUSDT', 'level': 0.021595, 'approach_count': 12, 'block_threshold': 4}
2026-07-11 20:07:12 | INFO | trading.strategy2_signal_filter:check:493 | S2 skip: approach>=block (G3, level exhausted) | {'symbol': 'XPINUSDT', 'level': 0.001894, 'approach_count': 15, 'block_threshold': 4}
2026-07-11 20:07:17 | INFO | trading.strategy2_signal_filter:check:493 | S2 skip: approach>=block (G3, level exhausted) | {'symbol': 'EVAAUSDT', 'level': 1.7096, 'approach_count': 22, 'block_threshold': 4}
2026-07-11 20:07:22 | INFO | trading.strategy2_signal_filter:check:493 | S2 skip: approach>=block (G3, level exhausted) | {'symbol': 'USUSDT', 'level': 0.021595, 'approach_count': 12, 'block_threshold': 4}
2026-07-11 20:07:25 | INFO | __main__:_proximity_arm_loop:1948 | proximity-arm activated | {'symbol': 'SXTUSDT', 'level': 0.00923, 'type': 'pump_base', 'strength': 5, 'dist_atr': 1.14}
2026-07-11 20:07:25 | INFO | __main__:_run_phase1:652 | Level monitoring started | {'symbol': 'SXTUSDT', 'level': 0.0084719, 'strength': 5}
2026-07-11 20:07:27 | INFO | trading.strategy2_signal_filter:check:493 | S2 skip: approach>=block (G3, level exhausted) | {'symbol': 'XPINUSDT', 'level': 0.001894, 'approach_count': 15, 'block_threshold': 4}
2026-07-11 20:07:33 | INFO | trading.strategy2_signal_filter:check:493 | S2 skip: approach>=block (G3, level exhausted) | {'symbol': 'EVAAUSDT', 'level': 1.7096, 'approach_count': 22, 'block_threshold': 4}
2026-07-11 20:07:38 | INFO | trading.strategy2_signal_filter:check:493 | S2 skip: approach>=block (G3, level exhausted) | {'symbol': 'USUSDT', 'level': 0.021595, 'approach_count': 12, 'block_threshold': 4}
2026-07-11 20:07:43 | INFO | trading.strategy2_signal_filter:check:493 | S2 skip: approach>=block (G3, level exhausted) | {'symbol': 'XPINUSDT', 'level': 0.001894, 'approach_count': 15, 'block_threshold': 4}
2026-07-11 20:07:48 | INFO | trading.strategy2_signal_filter:check:493 | S2 skip: approach>=block (G3, level exhausted) | {'symbol': 'EVAAUSDT', 'level': 1.7096, 'approach_count': 22, 'block_threshold': 4}
2026-07-11 20:07:53 | INFO | trading.strategy2_signal_filter:check:493 | S2 skip: approach>=block (G3, level exhausted) | {'symbol': 'USUSDT', 'level': 0.021595, 'approach_count': 12, 'block_threshold': 4}
2026-07-11 20:07:56 | INFO | __main__:_stale_monitor_loop:1179 | Stale monitor cancelled — rebuilding | {'symbol': 'SXTUSDT', 'level': 0.0084719, 'current': 0.009422, 'distance_pct': 10.1}
2026-07-11 20:07:56 | INFO | __main__:_monitored:798 | Monitor cancelled | {'symbol': 'SXTUSDT', 'level': 0.0084719}
2026-07-11 20:07:57 | INFO | __main__:_run_phase1:652 | Level monitoring started | {'symbol': 'SXTUSDT', 'level': 0.00857747, 'strength': 5}
2026-07-11 20:07:58 | INFO | trading.strategy2_signal_filter:check:493 | S2 skip: approach>=block (G3, level exhausted) | {'symbol': 'XPINUSDT', 'level': 0.001894, 'approach_count': 15, 'block_threshold': 4}
2026-07-11 20:08:03 | INFO | trading.strategy2_signal_filter:check:493 | S2 skip: approach>=block (G3, level exhausted) | {'symbol': 'EVAAUSDT', 'level': 1.7096, 'approach_count': 22, 'block_threshold': 4}
2026-07-11 20:08:08 | INFO | trading.strategy2_signal_filter:check:493 | S2 skip: approach>=block (G3, level exhausted) | {'symbol': 'USUSDT', 'level': 0.021595, 'approach_count': 12, 'block_threshold': 4}
2026-07-11 20:08:13 | INFO | trading.strategy2_signal_filter:check:493 | S2 skip: approach>=block (G3, level exhausted) | {'symbol': 'XPINUSDT', 'level': 0.001894, 'approach_count': 15, 'block_threshold': 4}
2026-07-11 20:08:19 | INFO | trading.strategy2_signal_filter:check:493 | S2 skip: approach>=block (G3, level exhausted) | {'symbol': 'EVAAUSDT', 'level': 1.7096, 'approach_count': 22, 'block_threshold': 4}
2026-07-11 20:08:24 | INFO | trading.strategy2_signal_filter:check:493 | S2 skip: approach>=block (G3, level exhausted) | {'symbol': 'USUSDT', 'level': 0.021595, 'approach_count': 12, 'block_threshold': 4}
2026-07-11 20:08:29 | INFO | trading.strategy2_signal_filter:check:493 | S2 skip: approach>=block (G3, level exhausted) | {'symbol': 'XPINUSDT', 'level': 0.001894, 'approach_count': 15, 'block_threshold': 4}
2026-07-11 20:08:34 | INFO | trading.strategy2_signal_filter:check:493 | S2 skip: approach>=block (G3, level exhausted) | {'symbol': 'EVAAUSDT', 'level': 1.7096, 'approach_count': 22, 'block_threshold': 4}
2026-07-11 20:08:39 | INFO | trading.strategy2_signal_filter:check:493 | S2 skip: approach>=block (G3, level exhausted) | {'symbol': 'USUSDT', 'level': 0.021595, 'approach_count': 12, 'block_threshold': 4}
2026-07-11 20:08:44 | INFO | trading.strategy2_signal_filter:check:493 | S2 skip: approach>=block (G3, level exhausted) | {'symbol': 'XPINUSDT', 'level': 0.001894, 'approach_count': 15, 'block_threshold': 4}
2026-07-11 20:08:49 | INFO | trading.strategy2_signal_filter:check:493 | S2 skip: approach>=block (G3, level exhausted) | {'symbol': 'EVAAUSDT', 'level': 1.7096, 'approach_count': 22, 'block_threshold': 4}
2026-07-11 20:08:54 | INFO | trading.strategy2_signal_filter:check:493 | S2 skip: approach>=block (G3, level exhausted) | {'symbol': 'USUSDT', 'level': 0.021595, 'approach_count': 14, 'block_threshold': 4}
2026-07-11 20:08:59 | INFO | trading.strategy2_signal_filter:check:493 | S2 skip: approach>=block (G3, level exhausted) | {'symbol': 'XPINUSDT', 'level': 0.001894, 'approach_count': 15, 'block_threshold': 4}
2026-07-11 20:09:04 | INFO | trading.strategy2_signal_filter:check:493 | S2 skip: approach>=block (G3, level exhausted) | {'symbol': 'EVAAUSDT', 'level': 1.7096, 'approach_count': 22, 'block_threshold': 4}
2026-07-11 20:09:10 | INFO | trading.strategy2_signal_filter:check:493 | S2 skip: approach>=block (G3, level exhausted) | {'symbol': 'USUSDT', 'level': 0.021595, 'approach_count': 12, 'block_threshold': 4}
2026-07-11 20:09:15 | INFO | trading.strategy2_signal_filter:check:493 | S2 skip: approach>=block (G3, level exhausted) | {'symbol': 'XPINUSDT', 'level': 0.001894, 'approach_count': 10, 'block_threshold': 4}
2026-07-11 20:09:20 | INFO | trading.strategy2_signal_filter:check:493 | S2 skip: approach>=block (G3, level exhausted) | {'symbol': 'EVAAUSDT', 'level': 1.7096, 'approach_count': 22, 'block_threshold': 4}
2026-07-11 20:09:25 | INFO | trading.strategy2_signal_filter:check:493 | S2 skip: approach>=block (G3, level exhausted) | {'symbol': 'USUSDT', 'level': 0.021595, 'approach_count': 12, 'block_threshold': 4}
2026-07-11 20:09:30 | INFO | trading.strategy2_signal_filter:check:493 | S2 skip: approach>=block (G3, level exhausted) | {'symbol': 'XPINUSDT', 'level': 0.001894, 'approach_count': 10, 'block_threshold': 4}
2026-07-11 20:09:35 | INFO | trading.strategy2_signal_filter:check:493 | S2 skip: approach>=block (G3, level exhausted) | {'symbol': 'EVAAUSDT', 'level': 1.7096, 'approach_count': 22, 'block_threshold': 4}
2026-07-11 20:09:40 | INFO | trading.strategy2_signal_filter:check:493 | S2 skip: approach>=block (G3, level exhausted) | {'symbol': 'USUSDT', 'level': 0.021595, 'approach_count': 13, 'block_threshold': 4}
2026-07-11 20:09:45 | INFO | trading.strategy2_signal_filter:check:493 | S2 skip: approach>=block (G3, level exhausted) | {'symbol': 'XPINUSDT', 'level': 0.001894, 'approach_count': 10, 'block_threshold': 4}
2026-07-11 20:09:50 | INFO | trading.strategy2_signal_filter:check:493 | S2 skip: approach>=block (G3, level exhausted) | {'symbol': 'EVAAUSDT', 'level': 1.7096, 'approach_count': 22, 'block_threshold': 4}
2026-07-11 20:09:56 | INFO | trading.strategy2_signal_filter:check:493 | S2 skip: approach>=block (G3, level exhausted) | {'symbol': 'USUSDT', 'level': 0.021595, 'approach_count': 14, 'block_threshold': 4}
2026-07-11 20:10:01 | INFO | trading.strategy2_signal_filter:check:493 | S2 skip: approach>=block (G3, level exhausted) | {'symbol': 'XPINUSDT', 'level': 0.001894, 'approach_count': 10, 'block_threshold': 4}
2026-07-11 20:10:06 | INFO | __main__:_proximity_loop:1381 | Weak level touch resolved | {'symbol': 'USUSDT', 'level': 0.021708, 'event': 'bounce', 'fill_depth': 0.0}
2026-07-11 20:10:06 | INFO | trading.strategy2_signal_filter:check:493 | S2 skip: approach>=block (G3, level exhausted) | {'symbol': 'EVAAUSDT', 'level': 1.7096, 'approach_count': 22, 'block_threshold': 4}
2026-07-11 20:10:11 | INFO | trading.strategy2_signal_filter:check:493 | S2 skip: approach>=block (G3, level exhausted) | {'symbol': 'USUSDT', 'level': 0.021595, 'approach_count': 14, 'block_threshold': 4}
2026-07-11 20:10:16 | INFO | trading.strategy2_signal_filter:check:493 | S2 skip: approach>=block (G3, level exhausted) | {'symbol': 'XPINUSDT', 'level': 0.001894, 'approach_count': 10, 'block_threshold': 4}
2026-07-11 20:10:21 | INFO | trading.strategy2_signal_filter:check:493 | S2 skip: approach>=block (G3, level exhausted) | {'symbol': 'EVAAUSDT', 'level': 1.7096, 'approach_count': 22, 'block_threshold': 4}
2026-07-11 20:10:26 | INFO | trading.strategy2_signal_filter:check:493 | S2 skip: approach>=block (G3, level exhausted) | {'symbol': 'USUSDT', 'level': 0.021595, 'approach_count': 13, 'block_threshold': 4}
2026-07-11 20:10:31 | INFO | trading.strategy2_signal_filter:check:493 | S2 skip: approach>=block (G3, level exhausted) | {'symbol': 'XPINUSDT', 'level': 0.001894, 'approach_count': 10, 'block_threshold': 4}
2026-07-11 20:10:36 | INFO | trading.strategy2_signal_filter:check:493 | S2 skip: approach>=block (G3, level exhausted) | {'symbol': 'EVAAUSDT', 'level': 1.7096, 'approach_count': 22, 'block_threshold': 4}
2026-07-11 20:10:41 | INFO | trading.strategy2_signal_filter:check:493 | S2 skip: approach>=block (G3, level exhausted) | {'symbol': 'USUSDT', 'level': 0.021595, 'approach_count': 13, 'block_threshold': 4}
2026-07-11 20:10:47 | INFO | trading.strategy2_signal_filter:check:493 | S2 skip: approach>=block (G3, level exhausted) | {'symbol': 'XPINUSDT', 'level': 0.001894, 'approach_count': 15, 'block_threshold': 4}
2026-07-11 20:10:52 | INFO | trading.strategy2_signal_filter:check:493 | S2 skip: approach>=block (G3, level exhausted) | {'symbol': 'EVAAUSDT', 'level': 1.7096, 'approach_count': 22, 'block_threshold': 4}
2026-07-11 20:10:57 | INFO | trading.strategy2_signal_filter:check:493 | S2 skip: approach>=block (G3, level exhausted) | {'symbol': 'USUSDT', 'level': 0.021595, 'approach_count': 13, 'block_threshold': 4}
2026-07-11 20:11:02 | INFO | trading.strategy2_signal_filter:check:493 | S2 skip: approach>=block (G3, level exhausted) | {'symbol': 'XPINUSDT', 'level': 0.001894, 'approach_count': 15, 'block_threshold': 4}
2026-07-11 20:11:07 | INFO | trading.strategy2_signal_filter:check:493 | S2 skip: approach>=block (G3, level exhausted) | {'symbol': 'EVAAUSDT', 'level': 1.7096, 'approach_count': 22, 'block_threshold': 4}
2026-07-11 20:11:12 | INFO | trading.strategy2_signal_filter:check:493 | S2 skip: approach>=block (G3, level exhausted) | {'symbol': 'USUSDT', 'level': 0.021595, 'approach_count': 12, 'block_threshold': 4}
2026-07-11 20:11:17 | INFO | trading.strategy2_signal_filter:check:493 | S2 skip: approach>=block (G3, level exhausted) | {'symbol': 'XPINUSDT', 'level': 0.001894, 'approach_count': 10, 'block_threshold': 4}
2026-07-11 20:11:22 | INFO | trading.strategy2_signal_filter:check:493 | S2 skip: approach>=block (G3, level exhausted) | {'symbol': 'EVAAUSDT', 'level': 1.7096, 'approach_count': 22, 'block_threshold': 4}
2026-07-11 20:11:27 | INFO | trading.strategy2_signal_filter:check:493 | S2 skip: approach>=block (G3, level exhausted) | {'symbol': 'USUSDT', 'level': 0.021595, 'approach_count': 13, 'block_threshold': 4}
2026-07-11 20:11:32 | INFO | trading.strategy2_signal_filter:check:493 | S2 skip: approach>=block (G3, level exhausted) | {'symbol': 'XPINUSDT', 'level': 0.001894, 'approach_count': 10, 'block_threshold': 4}
2026-07-11 20:11:38 | INFO | trading.strategy2_signal_filter:check:493 | S2 skip: approach>=block (G3, level exhausted) | {'symbol': 'EVAAUSDT', 'level': 1.7096, 'approach_count': 22, 'block_threshold': 4}
2026-07-11 20:11:43 | INFO | trading.strategy2_signal_filter:check:493 | S2 skip: approach>=block (G3, level exhausted) | {'symbol': 'USUSDT', 'level': 0.021595, 'approach_count': 13, 'block_threshold': 4}
2026-07-11 20:11:48 | INFO | trading.strategy2_signal_filter:check:493 | S2 skip: approach>=block (G3, level exhausted) | {'symbol': 'XPINUSDT', 'level': 0.001894, 'approach_count': 10, 'block_threshold': 4}
2026-07-11 20:11:53 | INFO | trading.strategy2_signal_filter:check:493 | S2 skip: approach>=block (G3, level exhausted) | {'symbol': 'EVAAUSDT', 'level': 1.7096, 'approach_count': 22, 'block_threshold': 4}
2026-07-11 20:11:58 | INFO | trading.strategy2_signal_filter:check:493 | S2 skip: approach>=block (G3, level exhausted) | {'symbol': 'USUSDT', 'level': 0.021595, 'approach_count': 13, 'block_threshold': 4}
2026-07-11 20:12:03 | INFO | trading.strategy2_signal_filter:check:493 | S2 skip: approach>=block (G3, level exhausted) | {'symbol': 'XPINUSDT', 'level': 0.001894, 'approach_count': 10, 'block_threshold': 4}
2026-07-11 20:12:08 | INFO | trading.strategy2_signal_filter:check:493 | S2 skip: approach>=block (G3, level exhausted) | {'symbol': 'EVAAUSDT', 'level': 1.7096, 'approach_count': 22, 'block_threshold': 4}
2026-07-11 20:12:13 | INFO | trading.strategy2_signal_filter:check:493 | S2 skip: approach>=block (G3, level exhausted) | {'symbol': 'USUSDT', 'level': 0.021595, 'approach_count': 12, 'block_threshold': 4}
2026-07-11 20:12:18 | INFO | trading.strategy2_signal_filter:check:493 | S2 skip: approach>=block (G3, level exhausted) | {'symbol': 'XPINUSDT', 'level': 0.001894, 'approach_count': 10, 'block_threshold': 4}
2026-07-11 20:12:23 | INFO | trading.strategy2_signal_filter:check:493 | S2 skip: approach>=block (G3, level exhausted) | {'symbol': 'EVAAUSDT', 'level': 1.7096, 'approach_count': 22, 'block_threshold': 4}
2026-07-11 20:12:29 | INFO | trading.strategy2_signal_filter:check:493 | S2 skip: approach>=block (G3, level exhausted) | {'symbol': 'USUSDT', 'level': 0.021595, 'approach_count': 13, 'block_threshold': 4}
2026-07-11 20:12:34 | INFO | trading.strategy2_signal_filter:check:493 | S2 skip: approach>=block (G3, level exhausted) | {'symbol': 'XPINUSDT', 'level': 0.001894, 'approach_count': 15, 'block_threshold': 4}
2026-07-11 20:12:39 | INFO | trading.strategy2_signal_filter:check:493 | S2 skip: approach>=block (G3, level exhausted) | {'symbol': 'EVAAUSDT', 'level': 1.7096, 'approach_count': 22, 'block_threshold': 4}
2026-07-11 20:12:44 | INFO | trading.strategy2_signal_filter:check:493 | S2 skip: approach>=block (G3, level exhausted) | {'symbol': 'USUSDT', 'level': 0.021595, 'approach_count': 13, 'block_threshold': 4}
2026-07-11 20:12:49 | INFO | trading.strategy2_signal_filter:check:493 | S2 skip: approach>=block (G3, level exhausted) | {'symbol': 'XPINUSDT', 'level': 0.001894, 'approach_count': 15, 'block_threshold': 4}
2026-07-11 20:12:54 | INFO | trading.strategy2_signal_filter:check:493 | S2 skip: approach>=block (G3, level exhausted) | {'symbol': 'EVAAUSDT', 'level': 1.7096, 'approach_count': 22, 'block_threshold': 4}
2026-07-11 20:12:59 | INFO | trading.strategy2_signal_filter:check:493 | S2 skip: approach>=block (G3, level exhausted) | {'symbol': 'USUSDT', 'level': 0.021595, 'approach_count': 13, 'block_threshold': 4}
2026-07-11 20:13:04 | INFO | trading.strategy2_signal_filter:check:493 | S2 skip: approach>=block (G3, level exhausted) | {'symbol': 'XPINUSDT', 'level': 0.001894, 'approach_count': 15, 'block_threshold': 4}
2026-07-11 20:13:09 | INFO | trading.strategy2_signal_filter:check:493 | S2 skip: approach>=block (G3, level exhausted) | {'symbol': 'EVAAUSDT', 'level': 1.7096, 'approach_count': 22, 'block_threshold': 4}
2026-07-11 20:13:14 | INFO | trading.strategy2_signal_filter:check:493 | S2 skip: approach>=block (G3, level exhausted) | {'symbol': 'USUSDT', 'level': 0.021595, 'approach_count': 12, 'block_threshold': 4}
2026-07-11 20:13:20 | INFO | trading.strategy2_signal_filter:check:493 | S2 skip: approach>=block (G3, level exhausted) | {'symbol': 'XPINUSDT', 'level': 0.001894, 'approach_count': 15, 'block_threshold': 4}
2026-07-11 20:13:25 | INFO | trading.strategy2_signal_filter:check:493 | S2 skip: approach>=block (G3, level exhausted) | {'symbol': 'EVAAUSDT', 'level': 1.7096, 'approach_count': 22, 'block_threshold': 4}
2026-07-11 20:13:30 | INFO | trading.strategy2_signal_filter:check:493 | S2 skip: approach>=block (G3, level exhausted) | {'symbol': 'USUSDT', 'level': 0.021595, 'approach_count': 12, 'block_threshold': 4}
2026-07-11 20:13:35 | INFO | trading.strategy2_signal_filter:check:493 | S2 skip: approach>=block (G3, level exhausted) | {'symbol': 'XPINUSDT', 'level': 0.001894, 'approach_count': 15, 'block_threshold': 4}
2026-07-11 20:13:40 | INFO | trading.strategy2_signal_filter:check:493 | S2 skip: approach>=block (G3, level exhausted) | {'symbol': 'EVAAUSDT', 'level': 1.7096, 'approach_count': 22, 'block_threshold': 4}
2026-07-11 20:13:45 | INFO | trading.strategy2_signal_filter:check:493 | S2 skip: approach>=block (G3, level exhausted) | {'symbol': 'USUSDT', 'level': 0.021595, 'approach_count': 12, 'block_threshold': 4}
2026-07-11 20:13:50 | INFO | trading.strategy2_signal_filter:check:493 | S2 skip: approach>=block (G3, level exhausted) | {'symbol': 'XPINUSDT', 'level': 0.001894, 'approach_count': 15, 'block_threshold': 4}
2026-07-11 20:13:55 | INFO | trading.strategy2_signal_filter:check:493 | S2 skip: approach>=block (G3, level exhausted) | {'symbol': 'EVAAUSDT', 'level': 1.7096, 'approach_count': 22, 'block_threshold': 4}
2026-07-11 20:14:00 | INFO | trading.strategy2_signal_filter:check:493 | S2 skip: approach>=block (G3, level exhausted) | {'symbol': 'USUSDT', 'level': 0.021595, 'approach_count': 12, 'block_threshold': 4}
2026-07-11 20:14:05 | INFO | trading.strategy2_signal_filter:check:493 | S2 skip: approach>=block (G3, level exhausted) | {'symbol': 'XPINUSDT', 'level': 0.001894, 'approach_count': 15, 'block_threshold': 4}
2026-07-11 20:14:11 | INFO | trading.strategy2_signal_filter:check:493 | S2 skip: approach>=block (G3, level exhausted) | {'symbol': 'EVAAUSDT', 'level': 1.7096, 'approach_count': 22, 'block_threshold': 4}
2026-07-11 20:14:16 | INFO | trading.strategy2_signal_filter:check:493 | S2 skip: approach>=block (G3, level exhausted) | {'symbol': 'USUSDT', 'level': 0.021595, 'approach_count': 13, 'block_threshold': 4}
2026-07-11 20:14:21 | INFO | trading.strategy2_signal_filter:check:493 | S2 skip: approach>=block (G3, level exhausted) | {'symbol': 'XPINUSDT', 'level': 0.001894, 'approach_count': 14, 'block_threshold': 4}
2026-07-11 20:14:26 | INFO | trading.strategy2_signal_filter:check:493 | S2 skip: approach>=block (G3, level exhausted) | {'symbol': 'EVAAUSDT', 'level': 1.7096, 'approach_count': 22, 'block_threshold': 4}
2026-07-11 20:14:31 | INFO | trading.strategy2_signal_filter:check:493 | S2 skip: approach>=block (G3, level exhausted) | {'symbol': 'USUSDT', 'level': 0.021595, 'approach_count': 13, 'block_threshold': 4}
2026-07-11 20:14:36 | INFO | trading.strategy2_signal_filter:check:493 | S2 skip: approach>=block (G3, level exhausted) | {'symbol': 'XPINUSDT', 'level': 0.001894, 'approach_count': 14, 'block_threshold': 4}
2026-07-11 20:14:41 | INFO | trading.strategy2_signal_filter:check:493 | S2 skip: approach>=block (G3, level exhausted) | {'symbol': 'EVAAUSDT', 'level': 1.7096, 'approach_count': 22, 'block_threshold': 4}
2026-07-11 20:14:46 | INFO | trading.strategy2_signal_filter:check:493 | S2 skip: approach>=block (G3, level exhausted) | {'symbol': 'USUSDT', 'level': 0.021595, 'approach_count': 13, 'block_threshold': 4}
2026-07-11 20:14:51 | INFO | trading.strategy2_signal_filter:check:493 | S2 skip: approach>=block (G3, level exhausted) | {'symbol': 'XPINUSDT', 'level': 0.001894, 'approach_count': 14, 'block_threshold': 4}
2026-07-11 20:14:56 | INFO | trading.strategy2_signal_filter:check:493 | S2 skip: approach>=block (G3, level exhausted) | {'symbol': 'EVAAUSDT', 'level': 1.7096, 'approach_count': 22, 'block_threshold': 4}
2026-07-11 20:15:02 | INFO | trading.strategy2_signal_filter:check:493 | S2 skip: approach>=block (G3, level exhausted) | {'symbol': 'USUSDT', 'level': 0.021595, 'approach_count': 13, 'block_threshold': 4}
2026-07-11 20:15:07 | INFO | trading.strategy2_signal_filter:check:493 | S2 skip: approach>=block (G3, level exhausted) | {'symbol': 'XPINUSDT', 'level': 0.001894, 'approach_count': 9, 'block_threshold': 4}
2026-07-11 20:15:12 | INFO | trading.strategy2_signal_filter:check:493 | S2 skip: approach>=block (G3, level exhausted) | {'symbol': 'EVAAUSDT', 'level': 1.7096, 'approach_count': 20, 'block_threshold': 4}
2026-07-11 20:15:17 | INFO | trading.strategy2_signal_filter:check:493 | S2 skip: approach>=block (G3, level exhausted) | {'symbol': 'USUSDT', 'level': 0.021595, 'approach_count': 12, 'block_threshold': 4}
2026-07-11 20:15:22 | INFO | trading.strategy2_signal_filter:check:493 | S2 skip: approach>=block (G3, level exhausted) | {'symbol': 'XPINUSDT', 'level': 0.001894, 'approach_count': 14, 'block_threshold': 4}
2026-07-11 20:15:27 | INFO | trading.strategy2_signal_filter:check:493 | S2 skip: approach>=block (G3, level exhausted) | {'symbol': 'EVAAUSDT', 'level': 1.7096, 'approach_count': 21, 'block_threshold': 4}
2026-07-11 20:15:32 | INFO | trading.strategy2_signal_filter:check:493 | S2 skip: approach>=block (G3, level exhausted) | {'symbol': 'USUSDT', 'level': 0.021595, 'approach_count': 13, 'block_threshold': 4}
2026-07-11 20:15:37 | INFO | trading.strategy2_signal_filter:check:493 | S2 skip: approach>=block (G3, level exhausted) | {'symbol': 'XPINUSDT', 'level': 0.001894, 'approach_count': 14, 'block_threshold': 4}
2026-07-11 20:15:42 | INFO | trading.strategy2_signal_filter:check:493 | S2 skip: approach>=block (G3, level exhausted) | {'symbol': 'EVAAUSDT', 'level': 1.7096, 'approach_count': 22, 'block_threshold': 4}
2026-07-11 20:15:47 | INFO | trading.strategy2_signal_filter:check:493 | S2 skip: approach>=block (G3, level exhausted) | {'symbol': 'USUSDT', 'level': 0.021595, 'approach_count': 13, 'block_threshold': 4}
2026-07-11 20:15:53 | INFO | trading.strategy2_signal_filter:check:493 | S2 skip: approach>=block (G3, level exhausted) | {'symbol': 'XPINUSDT', 'level': 0.001894, 'approach_count': 14, 'block_threshold': 4}
2026-07-11 20:15:58 | INFO | trading.strategy2_signal_filter:check:493 | S2 skip: approach>=block (G3, level exhausted) | {'symbol': 'EVAAUSDT', 'level': 1.7096, 'approach_count': 22, 'block_threshold': 4}
2026-07-11 20:16:03 | INFO | trading.strategy2_signal_filter:check:493 | S2 skip: approach>=block (G3, level exhausted) | {'symbol': 'USUSDT', 'level': 0.021595, 'approach_count': 13, 'block_threshold': 4}
2026-07-11 20:16:08 | INFO | trading.strategy2_signal_filter:check:493 | S2 skip: approach>=block (G3, level exhausted) | {'symbol': 'XPINUSDT', 'level': 0.001894, 'approach_count': 14, 'block_threshold': 4}
2026-07-11 20:16:13 | INFO | trading.strategy2_signal_filter:check:493 | S2 skip: approach>=block (G3, level exhausted) | {'symbol': 'EVAAUSDT', 'level': 1.7096, 'approach_count': 21, 'block_threshold': 4}
2026-07-11 20:16:18 | INFO | trading.strategy2_signal_filter:check:493 | S2 skip: approach>=block (G3, level exhausted) | {'symbol': 'USUSDT', 'level': 0.021595, 'approach_count': 11, 'block_threshold': 4}
2026-07-11 20:16:23 | INFO | trading.strategy2_signal_filter:check:493 | S2 skip: approach>=block (G3, level exhausted) | {'symbol': 'XPINUSDT', 'level': 0.001894, 'approach_count': 13, 'block_threshold': 4}
2026-07-11 20:16:28 | INFO | trading.strategy2_signal_filter:check:493 | S2 skip: approach>=block (G3, level exhausted) | {'symbol': 'EVAAUSDT', 'level': 1.7096, 'approach_count': 21, 'block_threshold': 4}
2026-07-11 20:16:33 | INFO | trading.strategy2_signal_filter:check:493 | S2 skip: approach>=block (G3, level exhausted) | {'symbol': 'USUSDT', 'level': 0.021595, 'approach_count': 11, 'block_threshold': 4}
2026-07-11 20:16:39 | INFO | trading.strategy2_signal_filter:check:493 | S2 skip: approach>=block (G3, level exhausted) | {'symbol': 'XPINUSDT', 'level': 0.001894, 'approach_count': 13, 'block_threshold': 4}
2026-07-11 20:16:44 | INFO | trading.strategy2_signal_filter:check:493 | S2 skip: approach>=block (G3, level exhausted) | {'symbol': 'EVAAUSDT', 'level': 1.7096, 'approach_count': 22, 'block_threshold': 4}
2026-07-11 20:16:49 | INFO | trading.strategy2_signal_filter:check:493 | S2 skip: approach>=block (G3, level exhausted) | {'symbol': 'USUSDT', 'level': 0.021595, 'approach_count': 11, 'block_threshold': 4}
2026-07-11 20:16:54 | INFO | trading.strategy2_signal_filter:check:493 | S2 skip: approach>=block (G3, level exhausted) | {'symbol': 'XPINUSDT', 'level': 0.001894, 'approach_count': 13, 'block_threshold': 4}
2026-07-11 20:16:59 | INFO | trading.strategy2_signal_filter:check:493 | S2 skip: approach>=block (G3, level exhausted) | {'symbol': 'EVAAUSDT', 'level': 1.7096, 'approach_count': 22, 'block_threshold': 4}
2026-07-11 20:17:04 | INFO | __main__:_auto_screener_loop:306 | Auto screener completed | {'total': 1, 'new': 0}
2026-07-11 20:17:04 | INFO | trading.strategy2_signal_filter:check:493 | S2 skip: approach>=block (G3, level exhausted) | {'symbol': 'USUSDT', 'level': 0.021595, 'approach_count': 11, 'block_threshold': 4}
2026-07-11 20:17:09 | INFO | trading.strategy2_signal_filter:check:493 | S2 skip: approach>=block (G3, level exhausted) | {'symbol': 'XPINUSDT', 'level': 0.001894, 'approach_count': 13, 'block_threshold': 4}
2026-07-11 20:17:14 | INFO | trading.strategy2_signal_filter:check:493 | S2 skip: approach>=block (G3, level exhausted) | {'symbol': 'EVAAUSDT', 'level': 1.7096, 'approach_count': 19, 'block_threshold': 4}
2026-07-11 20:17:19 | INFO | trading.strategy2_signal_filter:check:493 | S2 skip: approach>=block (G3, level exhausted) | {'symbol': 'USUSDT', 'level': 0.021595, 'approach_count': 11, 'block_threshold': 4}
2026-07-11 20:17:24 | INFO | trading.strategy2_signal_filter:check:493 | S2 skip: approach>=block (G3, level exhausted) | {'symbol': 'XPINUSDT', 'level': 0.001894, 'approach_count': 13, 'block_threshold': 4}
2026-07-11 20:17:25 | INFO | __main__:_proximity_arm_loop:1948 | proximity-arm activated | {'symbol': 'BEATUSDT', 'level': 2.361, 'type': 'pump_base', 'strength': 5, 'dist_atr': 1.66}
2026-07-11 20:17:25 | INFO | __main__:_run_phase1:414 | Pump degraded, skipping monitoring | {'symbol': 'BEATUSDT', 'health': 40, 'broken': 0, 'correction': '143%'}
2026-07-11 20:17:30 | INFO | trading.strategy2_signal_filter:check:493 | S2 skip: approach>=block (G3, level exhausted) | {'symbol': 'EVAAUSDT', 'level': 1.7096, 'approach_count': 20, 'block_threshold': 4}
2026-07-11 20:17:35 | INFO | trading.strategy2_signal_filter:check:493 | S2 skip: approach>=block (G3, level exhausted) | {'symbol': 'USUSDT', 'level': 0.021595, 'approach_count': 11, 'block_threshold': 4}
2026-07-11 20:17:40 | INFO | trading.strategy2_signal_filter:check:493 | S2 skip: approach>=block (G3, level exhausted) | {'symbol': 'XPINUSDT', 'level': 0.001894, 'approach_count': 13, 'block_threshold': 4}
2026-07-11 20:17:45 | INFO | trading.strategy2_signal_filter:check:493 | S2 skip: approach>=block (G3, level exhausted) | {'symbol': 'EVAAUSDT', 'level': 1.7096, 'approach_count': 20, 'block_threshold': 4}
2026-07-11 20:17:50 | INFO | trading.strategy2_signal_filter:check:493 | S2 skip: approach>=block (G3, level exhausted) | {'symbol': 'USUSDT', 'level': 0.021595, 'approach_count': 11, 'block_threshold': 4}
2026-07-11 20:17:55 | INFO | trading.strategy2_signal_filter:check:493 | S2 skip: approach>=block (G3, level exhausted) | {'symbol': 'XPINUSDT', 'level': 0.001894, 'approach_count': 13, 'block_threshold': 4}
2026-07-11 20:18:00 | INFO | trading.strategy2_signal_filter:check:493 | S2 skip: approach>=block (G3, level exhausted) | {'symbol': 'EVAAUSDT', 'level': 1.7096, 'approach_count': 20, 'block_threshold': 4}
2026-07-11 20:18:05 | INFO | trading.strategy2_signal_filter:check:493 | S2 skip: approach>=block (G3, level exhausted) | {'symbol': 'USUSDT', 'level': 0.021595, 'approach_count': 11, 'block_threshold': 4}
2026-07-11 20:18:10 | INFO | trading.strategy2_signal_filter:check:493 | S2 skip: approach>=block (G3, level exhausted) | {'symbol': 'XPINUSDT', 'level': 0.001894, 'approach_count': 13, 'block_threshold': 4}
2026-07-11 20:18:15 | INFO | trading.strategy2_signal_filter:check:493 | S2 skip: approach>=block (G3, level exhausted) | {'symbol': 'EVAAUSDT', 'level': 1.7096, 'approach_count': 21, 'block_threshold': 4}
2026-07-11 20:18:21 | INFO | trading.strategy2_signal_filter:check:493 | S2 skip: approach>=block (G3, level exhausted) | {'symbol': 'USUSDT', 'level': 0.021595, 'approach_count': 11, 'block_threshold': 4}
2026-07-11 20:18:26 | INFO | trading.strategy2_signal_filter:check:493 | S2 skip: approach>=block (G3, level exhausted) | {'symbol': 'XPINUSDT', 'level': 0.001894, 'approach_count': 13, 'block_threshold': 4}
2026-07-11 20:18:31 | INFO | trading.strategy2_signal_filter:check:493 | S2 skip: approach>=block (G3, level exhausted) | {'symbol': 'EVAAUSDT', 'level': 1.7096, 'approach_count': 22, 'block_threshold': 4}
2026-07-11 20:18:36 | INFO | trading.strategy2_signal_filter:check:493 | S2 skip: approach>=block (G3, level exhausted) | {'symbol': 'USUSDT', 'level': 0.021595, 'approach_count': 11, 'block_threshold': 4}
2026-07-11 20:18:41 | INFO | trading.strategy2_signal_filter:check:493 | S2 skip: approach>=block (G3, level exhausted) | {'symbol': 'XPINUSDT', 'level': 0.001894, 'approach_count': 13, 'block_threshold': 4}
2026-07-11 20:18:46 | INFO | trading.strategy2_signal_filter:check:493 | S2 skip: approach>=block (G3, level exhausted) | {'symbol': 'EVAAUSDT', 'level': 1.7096, 'approach_count': 22, 'block_threshold': 4}
2026-07-11 20:18:51 | INFO | trading.strategy2_signal_filter:check:493 | S2 skip: approach>=block (G3, level exhausted) | {'symbol': 'USUSDT', 'level': 0.021595, 'approach_count': 11, 'block_threshold': 4}
2026-07-11 20:18:56 | INFO | trading.strategy2_signal_filter:check:493 | S2 skip: approach>=block (G3, level exhausted) | {'symbol': 'XPINUSDT', 'level': 0.001894, 'approach_count': 13, 'block_threshold': 4}
2026-07-11 20:19:01 | INFO | trading.strategy2_signal_filter:check:493 | S2 skip: approach>=block (G3, level exhausted) | {'symbol': 'EVAAUSDT', 'level': 1.7096, 'approach_count': 23, 'block_threshold': 4}
2026-07-11 20:19:06 | INFO | trading.strategy2_signal_filter:check:493 | S2 skip: approach>=block (G3, level exhausted) | {'symbol': 'USUSDT', 'level': 0.021595, 'approach_count': 11, 'block_threshold': 4}
2026-07-11 20:19:12 | INFO | trading.strategy2_signal_filter:check:493 | S2 skip: approach>=block (G3, level exhausted) | {'symbol': 'XPINUSDT', 'level': 0.001894, 'approach_count': 13, 'block_threshold': 4}
2026-07-11 20:19:22 | INFO | __main__:_trigger_loop:357 | Trigger activated | {'symbol': 'BEATUSDT'}
2026-07-11 20:19:22 | INFO | __main__:_run_phase1:414 | Pump degraded, skipping monitoring | {'symbol': 'BEATUSDT', 'health': 40, 'broken': 0, 'correction': '141%'}
2026-07-11 20:19:22 | INFO | trading.strategy2_signal_filter:check:493 | S2 skip: approach>=block (G3, level exhausted) | {'symbol': 'USUSDT', 'level': 0.021595, 'approach_count': 10, 'block_threshold': 4}
2026-07-11 20:19:27 | INFO | trading.strategy2_signal_filter:check:493 | S2 skip: approach>=block (G3, level exhausted) | {'symbol': 'XPINUSDT', 'level': 0.001894, 'approach_count': 13, 'block_threshold': 4}
2026-07-11 20:19:37 | INFO | trading.strategy2_signal_filter:check:493 | S2 skip: approach>=block (G3, level exhausted) | {'symbol': 'USUSDT', 'level': 0.021595, 'approach_count': 10, 'block_threshold': 4}
2026-07-11 20:19:42 | INFO | trading.strategy2_signal_filter:check:493 | S2 skip: approach>=block (G3, level exhausted) | {'symbol': 'XPINUSDT', 'level': 0.001894, 'approach_count': 13, 'block_threshold': 4}
2026-07-11 20:19:52 | INFO | trading.strategy2_signal_filter:check:493 | S2 skip: approach>=block (G3, level exhausted) | {'symbol': 'USUSDT', 'level': 0.021595, 'approach_count': 10, 'block_threshold': 4}
2026-07-11 20:19:58 | INFO | analysis.monitor:start_monitor:126 | monitor: skip level with non-positive p_bounce (won't pass entry filter) | {'symbol': 'EVAAUSDT', 'level': 1.7243153846153847, 'level_type': 'wick_level', 'p_bounce': 0.0, 'expected_depth': 0.0}
2026-07-11 20:19:58 | INFO | __main__:_monitored:798 | Monitor cancelled | {'symbol': 'EVAAUSDT', 'level': 1.7096}
2026-07-11 20:19:58 | INFO | trading.strategy2_signal_filter:check:493 | S2 skip: approach>=block (G3, level exhausted) | {'symbol': 'EVAAUSDT', 'level': 1.7096, 'approach_count': 23, 'block_threshold': 4}
2026-07-11 20:19:58 | INFO | trading.strategy2_signal_filter:check:505 | S2: level marked dead, monitor will stop sending proximity | {'symbol': 'EVAAUSDT', 'level': 1.7096, 'approach_count': 23}
2026-07-11 20:19:58 | INFO | trading.strategy2_signal_filter:check:493 | S2 skip: approach>=block (G3, level exhausted) | {'symbol': 'XPINUSDT', 'level': 0.001894, 'approach_count': 13, 'block_threshold': 4}
2026-07-11 20:19:58 | INFO | __main__:_start_resistance_after_bounce:1116 | Resistance monitor started | {'symbol': 'EVAAUSDT', 'resistance': 1.7243153846153847, 'from_support': 1.7096}
2026-07-11 20:19:58 | INFO | __main__:_monitored:787 | Level outcome saved | {'symbol': 'EVAAUSDT', 'level': 1.7243153846153847, 'result': 'отбой', 'outcome': None, 'duration': 0.0}
2026-07-11 20:20:03 | INFO | trading.live_price_tracker:_save_post_exit_range:226 | live_post_exit_tracker saved | {'trade_id': '652b54d2-4660-4fa4-97cf-e48a0c69b135', 'high': 0.004474, 'low': 0.004346}
2026-07-11 20:20:08 | INFO | trading.strategy2_signal_filter:check:493 | S2 skip: approach>=block (G3, level exhausted) | {'symbol': 'USUSDT', 'level': 0.021595, 'approach_count': 10, 'block_threshold': 4}
2026-07-11 20:20:13 | INFO | trading.strategy2_signal_filter:check:493 | S2 skip: approach>=block (G3, level exhausted) | {'symbol': 'XPINUSDT', 'level': 0.001894, 'approach_count': 13, 'block_threshold': 4}
2026-07-11 20:20:23 | INFO | trading.strategy2_signal_filter:check:493 | S2 skip: approach>=block (G3, level exhausted) | {'symbol': 'USUSDT', 'level': 0.021595, 'approach_count': 10, 'block_threshold': 4}
2026-07-11 20:20:28 | INFO | trading.strategy2_signal_filter:check:493 | S2 skip: approach>=block (G3, level exhausted) | {'symbol': 'XPINUSDT', 'level': 0.001894, 'approach_count': 13, 'block_threshold': 4}
2026-07-11 20:20:38 | INFO | trading.strategy2_signal_filter:check:493 | S2 skip: approach>=block (G3, level exhausted) | {'symbol': 'USUSDT', 'level': 0.021595, 'approach_count': 10, 'block_threshold': 4}
2026-07-11 20:20:43 | INFO | trading.strategy2_signal_filter:check:493 | S2 skip: approach>=block (G3, level exhausted) | {'symbol': 'XPINUSDT', 'level': 0.001894, 'approach_count': 13, 'block_threshold': 4}
2026-07-11 20:20:54 | INFO | trading.strategy2_signal_filter:check:493 | S2 skip: approach>=block (G3, level exhausted) | {'symbol': 'USUSDT', 'level': 0.021595, 'approach_count': 10, 'block_threshold': 4}
2026-07-11 20:20:59 | INFO | trading.strategy2_signal_filter:check:493 | S2 skip: approach>=block (G3, level exhausted) | {'symbol': 'XPINUSDT', 'level': 0.001894, 'approach_count': 13, 'block_threshold': 4}
2026-07-11 20:21:09 | INFO | trading.strategy2_signal_filter:check:493 | S2 skip: approach>=block (G3, level exhausted) | {'symbol': 'USUSDT', 'level': 0.021595, 'approach_count': 10, 'block_threshold': 4}
2026-07-11 20:21:14 | INFO | trading.strategy2_signal_filter:check:493 | S2 skip: approach>=block (G3, level exhausted) | {'symbol': 'XPINUSDT', 'level': 0.001894, 'approach_count': 13, 'block_threshold': 4}
2026-07-11 20:21:24 | INFO | trading.strategy2_signal_filter:check:493 | S2 skip: approach>=block (G3, level exhausted) | {'symbol': 'USUSDT', 'level': 0.021595, 'approach_count': 10, 'block_threshold': 4}
2026-07-11 20:21:29 | INFO | trading.strategy2_signal_filter:check:493 | S2 skip: approach>=block (G3, level exhausted) | {'symbol': 'XPINUSDT', 'level': 0.001894, 'approach_count': 13, 'block_threshold': 4}
2026-07-11 20:21:40 | INFO | trading.strategy2_signal_filter:check:493 | S2 skip: approach>=block (G3, level exhausted) | {'symbol': 'USUSDT', 'level': 0.021595, 'approach_count': 10, 'block_threshold': 4}
2026-07-11 20:21:45 | INFO | trading.strategy2_signal_filter:check:493 | S2 skip: approach>=block (G3, level exhausted) | {'symbol': 'XPINUSDT', 'level': 0.001894, 'approach_count': 13, 'block_threshold': 4}
2026-07-11 20:21:55 | INFO | trading.strategy2_signal_filter:check:493 | S2 skip: approach>=block (G3, level exhausted) | {'symbol': 'USUSDT', 'level': 0.021595, 'approach_count': 10, 'block_threshold': 4}
2026-07-11 20:22:00 | INFO | trading.strategy2_signal_filter:check:493 | S2 skip: approach>=block (G3, level exhausted) | {'symbol': 'XPINUSDT', 'level': 0.001894, 'approach_count': 13, 'block_threshold': 4}
2026-07-11 20:22:10 | INFO | trading.strategy2_signal_filter:check:493 | S2 skip: approach>=block (G3, level exhausted) | {'symbol': 'USUSDT', 'level': 0.021595, 'approach_count': 10, 'block_threshold': 4}
2026-07-11 20:22:15 | INFO | trading.strategy2_signal_filter:check:493 | S2 skip: approach>=block (G3, level exhausted) | {'symbol': 'XPINUSDT', 'level': 0.001894, 'approach_count': 12, 'block_threshold': 4}
2026-07-11 20:22:25 | INFO | trading.strategy2_signal_filter:check:493 | S2 skip: approach>=block (G3, level exhausted) | {'symbol': 'USUSDT', 'level': 0.021595, 'approach_count': 10, 'block_threshold': 4}
2026-07-11 20:22:30 | INFO | trading.strategy2_signal_filter:check:493 | S2 skip: approach>=block (G3, level exhausted) | {'symbol': 'XPINUSDT', 'level': 0.001894, 'approach_count': 12, 'block_threshold': 4}
2026-07-11 20:22:41 | INFO | trading.strategy2_signal_filter:check:493 | S2 skip: approach>=block (G3, level exhausted) | {'symbol': 'USUSDT', 'level': 0.021595, 'approach_count': 10, 'block_threshold': 4}
2026-07-11 20:22:46 | INFO | trading.strategy2_signal_filter:check:493 | S2 skip: approach>=block (G3, level exhausted) | {'symbol': 'XPINUSDT', 'level': 0.001894, 'approach_count': 12, 'block_threshold': 4}
2026-07-11 20:22:56 | INFO | trading.strategy2_signal_filter:check:493 | S2 skip: approach>=block (G3, level exhausted) | {'symbol': 'USUSDT', 'level': 0.021595, 'approach_count': 10, 'block_threshold': 4}
2026-07-11 20:23:01 | INFO | trading.strategy2_signal_filter:check:493 | S2 skip: approach>=block (G3, level exhausted) | {'symbol': 'XPINUSDT', 'level': 0.001894, 'approach_count': 12, 'block_threshold': 4}
2026-07-11 20:23:11 | INFO | trading.strategy2_signal_filter:check:493 | S2 skip: approach>=block (G3, level exhausted) | {'symbol': 'USUSDT', 'level': 0.021595, 'approach_count': 10, 'block_threshold': 4}
2026-07-11 20:23:16 | INFO | trading.strategy2_signal_filter:check:493 | S2 skip: approach>=block (G3, level exhausted) | {'symbol': 'XPINUSDT', 'level': 0.001894, 'approach_count': 12, 'block_threshold': 4}
2026-07-11 20:23:27 | INFO | trading.strategy2_signal_filter:check:493 | S2 skip: approach>=block (G3, level exhausted) | {'symbol': 'USUSDT', 'level': 0.021595, 'approach_count': 10, 'block_threshold': 4}
2026-07-11 20:23:32 | INFO | trading.strategy2_signal_filter:check:493 | S2 skip: approach>=block (G3, level exhausted) | {'symbol': 'XPINUSDT', 'level': 0.001894, 'approach_count': 12, 'block_threshold': 4}
2026-07-11 20:23:37 | INFO | trading.strategy2_signal_filter:check:641 | S2 market phase | {'symbol': 'CLOUSDT', 'phase': 'drop_tradeable', 'note': 'drop_tradeable:bq=0.88'}
2026-07-11 20:23:37 | INFO | __main__:_proximity_loop:1258 | Proximity alert sent | {'symbol': 'CLOUSDT', 'level': 0.25507, 'distance_pct': 1.7184911185604608}
2026-07-11 20:23:37 | INFO | trading.strategy2_signal_filter:check:641 | S2 market phase | {'symbol': 'CLOUSDT', 'phase': 'drop_tradeable', 'note': 'drop_tradeable:bq=0.88'}
2026-07-11 20:23:42 | INFO | trading.strategy2_signal_filter:check:641 | S2 market phase | {'symbol': 'CLOUSDT', 'phase': 'drop_tradeable', 'note': 'drop_tradeable:bq=0.88'}
2026-07-11 20:23:42 | INFO | trading.strategy2_signal_filter:check:493 | S2 skip: approach>=block (G3, level exhausted) | {'symbol': 'USUSDT', 'level': 0.021595, 'approach_count': 10, 'block_threshold': 4}
2026-07-11 20:23:47 | INFO | trading.strategy2_signal_filter:check:641 | S2 market phase | {'symbol': 'CLOUSDT', 'phase': 'drop_tradeable', 'note': 'drop_tradeable:bq=0.88'}
2026-07-11 20:23:47 | INFO | trading.strategy2_signal_filter:check:493 | S2 skip: approach>=block (G3, level exhausted) | {'symbol': 'XPINUSDT', 'level': 0.001894, 'approach_count': 12, 'block_threshold': 4}
2026-07-11 20:23:52 | INFO | trading.strategy2_signal_filter:check:641 | S2 market phase | {'symbol': 'CLOUSDT', 'phase': 'drop_tradeable', 'note': 'drop_tradeable:bq=0.88'}
2026-07-11 20:23:52 | INFO | trading.strategy2_signal_filter:check:641 | S2 market phase | {'symbol': 'CLOUSDT', 'phase': 'drop_tradeable', 'note': 'drop_tradeable:bq=0.88'}
2026-07-11 20:23:57 | INFO | trading.strategy2_signal_filter:check:641 | S2 market phase | {'symbol': 'CLOUSDT', 'phase': 'drop_tradeable', 'note': 'drop_tradeable:bq=0.88'}
2026-07-11 20:23:57 | INFO | trading.strategy2_signal_filter:check:493 | S2 skip: approach>=block (G3, level exhausted) | {'symbol': 'USUSDT', 'level': 0.021595, 'approach_count': 10, 'block_threshold': 4}
2026-07-11 20:24:02 | INFO | trading.strategy2_signal_filter:check:641 | S2 market phase | {'symbol': 'CLOUSDT', 'phase': 'drop_tradeable', 'note': 'drop_tradeable:bq=0.88'}
2026-07-11 20:24:02 | INFO | trading.strategy2_signal_filter:check:493 | S2 skip: approach>=block (G3, level exhausted) | {'symbol': 'XPINUSDT', 'level': 0.001894, 'approach_count': 12, 'block_threshold': 4}
2026-07-11 20:24:07 | INFO | trading.strategy2_signal_filter:check:641 | S2 market phase | {'symbol': 'CLOUSDT', 'phase': 'drop_tradeable', 'note': 'drop_tradeable:bq=0.88'}
2026-07-11 20:24:07 | INFO | trading.strategy2_signal_filter:check:641 | S2 market phase | {'symbol': 'CLOUSDT', 'phase': 'drop_tradeable', 'note': 'drop_tradeable:bq=0.88'}
2026-07-11 20:24:13 | INFO | trading.strategy2_signal_filter:check:641 | S2 market phase | {'symbol': 'CLOUSDT', 'phase': 'drop_tradeable', 'note': 'drop_tradeable:bq=0.88'}
2026-07-11 20:24:13 | INFO | trading.strategy2_signal_filter:check:493 | S2 skip: approach>=block (G3, level exhausted) | {'symbol': 'USUSDT', 'level': 0.021595, 'approach_count': 10, 'block_threshold': 4}
2026-07-11 20:24:18 | INFO | trading.strategy2_signal_filter:check:493 | S2 skip: approach>=block (G3, level exhausted) | {'symbol': 'XPINUSDT', 'level': 0.001894, 'approach_count': 12, 'block_threshold': 4}
2026-07-11 20:24:28 | INFO | trading.strategy2_signal_filter:check:493 | S2 skip: approach>=block (G3, level exhausted) | {'symbol': 'USUSDT', 'level': 0.021595, 'approach_count': 10, 'block_threshold': 4}
2026-07-11 20:24:33 | INFO | trading.strategy2_signal_filter:check:493 | S2 skip: approach>=block (G3, level exhausted) | {'symbol': 'XPINUSDT', 'level': 0.001894, 'approach_count': 12, 'block_threshold': 4}
2026-07-11 20:24:43 | INFO | trading.strategy2_signal_filter:check:493 | S2 skip: approach>=block (G3, level exhausted) | {'symbol': 'USUSDT', 'level': 0.021595, 'approach_count': 10, 'block_threshold': 4}
2026-07-11 20:24:48 | INFO | trading.strategy2_signal_filter:check:493 | S2 skip: approach>=block (G3, level exhausted) | {'symbol': 'XPINUSDT', 'level': 0.001894, 'approach_count': 12, 'block_threshold': 4}
2026-07-11 20:24:58 | INFO | trading.strategy2_signal_filter:check:493 | S2 skip: approach>=block (G3, level exhausted) | {'symbol': 'USUSDT', 'level': 0.021595, 'approach_count': 10, 'block_threshold': 4}
2026-07-11 20:24:58 | INFO | trading.strategy2_signal_filter:check:641 | S2 market phase | {'symbol': 'CLOUSDT', 'phase': 'drop_tradeable', 'note': 'drop_tradeable:bq=0.88'}
2026-07-11 20:25:04 | INFO | trading.strategy2_signal_filter:check:493 | S2 skip: approach>=block (G3, level exhausted) | {'symbol': 'XPINUSDT', 'level': 0.001894, 'approach_count': 12, 'block_threshold': 4}
2026-07-11 20:25:14 | INFO | trading.strategy2_signal_filter:check:493 | S2 skip: approach>=block (G3, level exhausted) | {'symbol': 'USUSDT', 'level': 0.021595, 'approach_count': 10, 'block_threshold': 4}
2026-07-11 20:25:17 | INFO | config:remove:75 | Token removed | {'symbol': 'USUSDT'}
2026-07-11 20:25:17 | INFO | __main__:_monitored:798 | Monitor cancelled | {'symbol': 'USUSDT', 'level': 0.021595}
2026-07-11 20:25:17 | INFO | __main__:_monitor_health_loop:1767 | Symbol removed by monitor health check | {'symbol': 'USUSDT', 'natr_5m': 0.6, 'trades_1m': 181}
2026-07-11 20:25:19 | INFO | trading.strategy2_signal_filter:check:493 | S2 skip: approach>=block (G3, level exhausted) | {'symbol': 'XPINUSDT', 'level': 0.001894, 'approach_count': 12, 'block_threshold': 4}
2026-07-11 20:25:34 | INFO | trading.strategy2_signal_filter:check:493 | S2 skip: approach>=block (G3, level exhausted) | {'symbol': 'XPINUSDT', 'level': 0.001894, 'approach_count': 12, 'block_threshold': 4}
2026-07-11 20:26:20 | INFO | trading.strategy2_signal_filter:check:493 | S2 skip: approach>=block (G3, level exhausted) | {'symbol': 'XPINUSDT', 'level': 0.001894, 'approach_count': 11, 'block_threshold': 4}
2026-07-11 20:26:35 | INFO | trading.strategy2_signal_filter:check:493 | S2 skip: approach>=block (G3, level exhausted) | {'symbol': 'XPINUSDT', 'level': 0.001894, 'approach_count': 11, 'block_threshold': 4}
2026-07-11 20:26:51 | INFO | trading.strategy2_signal_filter:check:493 | S2 skip: approach>=block (G3, level exhausted) | {'symbol': 'XPINUSDT', 'level': 0.001894, 'approach_count': 11, 'block_threshold': 4}
2026-07-11 20:27:06 | INFO | trading.strategy2_signal_filter:check:493 | S2 skip: approach>=block (G3, level exhausted) | {'symbol': 'XPINUSDT', 'level': 0.001894, 'approach_count': 11, 'block_threshold': 4}
2026-07-11 20:27:06 | INFO | __main__:_auto_screener_loop:306 | Auto screener completed | {'total': 1, 'new': 0}
2026-07-11 20:27:21 | INFO | trading.strategy2_signal_filter:check:493 | S2 skip: approach>=block (G3, level exhausted) | {'symbol': 'XPINUSDT', 'level': 0.001894, 'approach_count': 11, 'block_threshold': 4}
2026-07-11 20:27:37 | INFO | trading.strategy2_signal_filter:check:493 | S2 skip: approach>=block (G3, level exhausted) | {'symbol': 'XPINUSDT', 'level': 0.001894, 'approach_count': 11, 'block_threshold': 4}
2026-07-11 20:27:52 | INFO | trading.strategy2_signal_filter:check:493 | S2 skip: approach>=block (G3, level exhausted) | {'symbol': 'XPINUSDT', 'level': 0.001894, 'approach_count': 11, 'block_threshold': 4}
2026-07-11 20:28:07 | INFO | trading.strategy2_signal_filter:check:493 | S2 skip: approach>=block (G3, level exhausted) | {'symbol': 'XPINUSDT', 'level': 0.001894, 'approach_count': 11, 'block_threshold': 4}
2026-07-11 20:28:22 | INFO | trading.strategy2_signal_filter:check:493 | S2 skip: approach>=block (G3, level exhausted) | {'symbol': 'XPINUSDT', 'level': 0.001894, 'approach_count': 11, 'block_threshold': 4}
2026-07-11 20:28:38 | INFO | trading.strategy2_signal_filter:check:493 | S2 skip: approach>=block (G3, level exhausted) | {'symbol': 'XPINUSDT', 'level': 0.001894, 'approach_count': 11, 'block_threshold': 4}
2026-07-11 20:28:53 | INFO | trading.strategy2_signal_filter:check:493 | S2 skip: approach>=block (G3, level exhausted) | {'symbol': 'XPINUSDT', 'level': 0.001894, 'approach_count': 11, 'block_threshold': 4}
2026-07-11 20:29:08 | INFO | trading.strategy2_signal_filter:check:493 | S2 skip: approach>=block (G3, level exhausted) | {'symbol': 'XPINUSDT', 'level': 0.001894, 'approach_count': 11, 'block_threshold': 4}
2026-07-11 20:29:24 | INFO | trading.strategy2_signal_filter:check:493 | S2 skip: approach>=block (G3, level exhausted) | {'symbol': 'XPINUSDT', 'level': 0.001894, 'approach_count': 11, 'block_threshold': 4}
2026-07-11 20:29:39 | INFO | trading.strategy2_signal_filter:check:493 | S2 skip: approach>=block (G3, level exhausted) | {'symbol': 'XPINUSDT', 'level': 0.001894, 'approach_count': 11, 'block_threshold': 4}
2026-07-11 20:29:54 | INFO | trading.strategy2_signal_filter:check:493 | S2 skip: approach>=block (G3, level exhausted) | {'symbol': 'XPINUSDT', 'level': 0.001894, 'approach_count': 11, 'block_threshold': 4}
2026-07-11 20:30:15 | INFO | __main__:_trigger_loop:357 | Trigger activated | {'symbol': 'TUSDT'}
2026-07-11 20:30:15 | INFO | __main__:_run_phase1:535 | No strong levels found | {'symbol': 'TUSDT', 'total_levels': 3}
2026-07-11 20:31:56 | INFO | __main__:_proximity_arm_loop:1948 | proximity-arm activated | {'symbol': 'EVAAUSDT', 'level': 1.7121, 'type': 'pump_base', 'strength': 5, 'dist_atr': 1.07}
2026-07-11 20:31:56 | INFO | __main__:_run_phase1:414 | Pump degraded, skipping monitoring | {'symbol': 'EVAAUSDT', 'health': 40, 'broken': 0, 'correction': '70%'}
2026-07-11 20:32:48 | INFO | trading.strategy2_signal_filter:check:493 | S2 skip: approach>=block (G3, level exhausted) | {'symbol': 'XPINUSDT', 'level': 0.001894, 'approach_count': 11, 'block_threshold': 4}
2026-07-11 20:32:57 | INFO | __main__:_stale_monitor_loop:1179 | Stale monitor cancelled — rebuilding | {'symbol': 'SXTUSDT', 'level': 0.00857747, 'current': 0.009559, 'distance_pct': 10.3}
2026-07-11 20:32:57 | INFO | __main__:_monitored:798 | Monitor cancelled | {'symbol': 'SXTUSDT', 'level': 0.00857747}
2026-07-11 20:32:57 | INFO | __main__:_run_phase1:652 | Level monitoring started | {'symbol': 'SXTUSDT', 'level': 0.00845933, 'strength': 4}
2026-07-11 20:34:04 | INFO | trading.strategy2_signal_filter:check:493 | S2 skip: approach>=block (G3, level exhausted) | {'symbol': 'XPINUSDT', 'level': 0.001894, 'approach_count': 11, 'block_threshold': 4}
2026-07-11 20:34:20 | INFO | trading.strategy2_signal_filter:check:493 | S2 skip: approach>=block (G3, level exhausted) | {'symbol': 'XPINUSDT', 'level': 0.001894, 'approach_count': 11, 'block_threshold': 4}
2026-07-11 20:34:35 | INFO | trading.strategy2_signal_filter:check:493 | S2 skip: approach>=block (G3, level exhausted) | {'symbol': 'XPINUSDT', 'level': 0.001894, 'approach_count': 11, 'block_threshold': 4}
2026-07-11 20:36:12 | INFO | trading.strategy2_signal_filter:check:641 | S2 market phase | {'symbol': 'CLOUSDT', 'phase': 'drop_tradeable', 'note': 'drop_tradeable:bq=0.88'}
2026-07-11 20:36:12 | INFO | trading.strategy2_signal_filter:check:948 | S2 signal passed all filters | {'symbol': 'CLOUSDT', 'level': 0.25507, 'level_type': 'pump_base', 'strength': 5, 'p_bounce': 0.948, 'sl': 0.25202756, 'tp1': 0.25735029, 'tp2': 0.26269143, 'rr': 0.75, 'phase': 'drop_tradeable', 'pos_struct_pct': 77.7, 'pos_local_pct': -32.1, 'struct_range': [0.1961, 0.272], 'approach_speed_pct': -0.4444, 'red_candles_streak': 2, 'phase_streak_checks': 60, 'phase_streak_seconds': 18466.5, 'bleed_in_last_12': 0, 'seconds_since_bleed': None, 'phase_seq': 'dddddddddddd', 'hours_since_pump_peak': 0.9, 'vol_decay': 1.03, 'natr_now_pct': 2.41}
2026-07-11 20:36:13 | INFO | trading.strategy2_live:_open_grid:784 | S2Live: SL order placed | {'trade_id': '66bb5835-d50d-4cdd-843e-21758a3b3a44', 'symbol': 'CLOUSDT', 'sl_order_id': 'cf2c52ab-76cd-42b6-98c3-f0df3471ae7b', 'trigger': 0.25203, 'qty': 784.0}
2026-07-11 20:36:13 | INFO | bot.telegram:send_close_with_chart:1480 | chart candles available: CLOUSDT 300 | {}
2026-07-11 20:36:14 | INFO | trading.strategy2_live:_open_grid:817 | S2Live grid opened | {'trade_id': '66bb5835-d50d-4cdd-843e-21758a3b3a44', 'symbol': 'CLOUSDT', 'orders': 2}
2026-07-11 20:37:08 | INFO | __main__:_auto_screener_loop:306 | Auto screener completed | {'total': 1, 'new': 0}
2026-07-11 20:37:44 | INFO | trading.strategy2_signal_filter:check:493 | S2 skip: approach>=block (G3, level exhausted) | {'symbol': 'XPINUSDT', 'level': 0.001894, 'approach_count': 11, 'block_threshold': 4}
2026-07-11 20:37:57 | INFO | __main__:_stale_monitor_loop:1179 | Stale monitor cancelled — rebuilding | {'symbol': 'SXTUSDT', 'level': 0.00845933, 'current': 0.009585, 'distance_pct': 11.7}
2026-07-11 20:37:57 | INFO | __main__:_monitored:798 | Monitor cancelled | {'symbol': 'SXTUSDT', 'level': 0.00845933}
2026-07-11 20:37:58 | INFO | __main__:_run_phase1:652 | Level monitoring started | {'symbol': 'SXTUSDT', 'level': 0.00846294, 'strength': 5}
2026-07-11 20:38:14 | INFO | trading.strategy2_signal_filter:check:493 | S2 skip: approach>=block (G3, level exhausted) | {'symbol': 'XPINUSDT', 'level': 0.001894, 'approach_count': 11, 'block_threshold': 4}
2026-07-11 20:38:30 | INFO | trading.strategy2_signal_filter:check:493 | S2 skip: approach>=block (G3, level exhausted) | {'symbol': 'XPINUSDT', 'level': 0.001894, 'approach_count': 11, 'block_threshold': 4}
2026-07-11 20:38:45 | INFO | trading.strategy2_signal_filter:check:493 | S2 skip: approach>=block (G3, level exhausted) | {'symbol': 'XPINUSDT', 'level': 0.001894, 'approach_count': 11, 'block_threshold': 4}
2026-07-11 20:39:00 | INFO | trading.strategy2_signal_filter:check:493 | S2 skip: approach>=block (G3, level exhausted) | {'symbol': 'XPINUSDT', 'level': 0.001894, 'approach_count': 11, 'block_threshold': 4}
2026-07-11 20:39:16 | INFO | trading.strategy2_signal_filter:check:493 | S2 skip: approach>=block (G3, level exhausted) | {'symbol': 'XPINUSDT', 'level': 0.001894, 'approach_count': 11, 'block_threshold': 4}
2026-07-11 20:39:31 | INFO | trading.strategy2_signal_filter:check:493 | S2 skip: approach>=block (G3, level exhausted) | {'symbol': 'XPINUSDT', 'level': 0.001894, 'approach_count': 11, 'block_threshold': 4}
2026-07-11 20:39:46 | INFO | trading.strategy2_signal_filter:check:493 | S2 skip: approach>=block (G3, level exhausted) | {'symbol': 'XPINUSDT', 'level': 0.001894, 'approach_count': 11, 'block_threshold': 4}
2026-07-11 20:40:02 | INFO | trading.strategy2_signal_filter:check:493 | S2 skip: approach>=block (G3, level exhausted) | {'symbol': 'XPINUSDT', 'level': 0.001894, 'approach_count': 11, 'block_threshold': 4}
2026-07-11 20:40:17 | INFO | trading.strategy2_signal_filter:check:493 | S2 skip: approach>=block (G3, level exhausted) | {'symbol': 'XPINUSDT', 'level': 0.001894, 'approach_count': 11, 'block_threshold': 4}
2026-07-11 20:40:32 | INFO | trading.strategy2_signal_filter:check:493 | S2 skip: approach>=block (G3, level exhausted) | {'symbol': 'XPINUSDT', 'level': 0.001894, 'approach_count': 11, 'block_threshold': 4}
2026-07-11 20:40:48 | INFO | trading.strategy2_signal_filter:check:493 | S2 skip: approach>=block (G3, level exhausted) | {'symbol': 'XPINUSDT', 'level': 0.001894, 'approach_count': 11, 'block_threshold': 4}
2026-07-11 20:41:03 | INFO | trading.strategy2_signal_filter:check:493 | S2 skip: approach>=block (G3, level exhausted) | {'symbol': 'XPINUSDT', 'level': 0.001894, 'approach_count': 11, 'block_threshold': 4}
2026-07-11 20:41:18 | INFO | trading.strategy2_signal_filter:check:493 | S2 skip: approach>=block (G3, level exhausted) | {'symbol': 'XPINUSDT', 'level': 0.001894, 'approach_count': 11, 'block_threshold': 4}
2026-07-11 20:41:33 | INFO | trading.strategy2_signal_filter:check:493 | S2 skip: approach>=block (G3, level exhausted) | {'symbol': 'XPINUSDT', 'level': 0.001894, 'approach_count': 11, 'block_threshold': 4}
2026-07-11 20:41:49 | INFO | trading.strategy2_signal_filter:check:493 | S2 skip: approach>=block (G3, level exhausted) | {'symbol': 'XPINUSDT', 'level': 0.001894, 'approach_count': 11, 'block_threshold': 4}
2026-07-11 20:42:04 | INFO | trading.strategy2_signal_filter:check:493 | S2 skip: approach>=block (G3, level exhausted) | {'symbol': 'XPINUSDT', 'level': 0.001894, 'approach_count': 11, 'block_threshold': 4}
2026-07-11 20:42:19 | INFO | trading.strategy2_signal_filter:check:493 | S2 skip: approach>=block (G3, level exhausted) | {'symbol': 'XPINUSDT', 'level': 0.001894, 'approach_count': 11, 'block_threshold': 4}
2026-07-11 20:42:35 | INFO | trading.strategy2_signal_filter:check:493 | S2 skip: approach>=block (G3, level exhausted) | {'symbol': 'XPINUSDT', 'level': 0.001894, 'approach_count': 11, 'block_threshold': 4}
2026-07-11 20:42:50 | INFO | trading.strategy2_signal_filter:check:493 | S2 skip: approach>=block (G3, level exhausted) | {'symbol': 'XPINUSDT', 'level': 0.001894, 'approach_count': 11, 'block_threshold': 4}
2026-07-11 20:42:57 | INFO | __main__:_stale_monitor_loop:1179 | Stale monitor cancelled — rebuilding | {'symbol': 'SXTUSDT', 'level': 0.00846294, 'current': 0.009552, 'distance_pct': 11.4}
2026-07-11 20:42:57 | INFO | __main__:_monitored:798 | Monitor cancelled | {'symbol': 'SXTUSDT', 'level': 0.00846294}
2026-07-11 20:42:58 | INFO | __main__:_run_phase1:652 | Level monitoring started | {'symbol': 'SXTUSDT', 'level': 0.00846024, 'strength': 5}
2026-07-11 20:43:05 | INFO | trading.strategy2_signal_filter:check:493 | S2 skip: approach>=block (G3, level exhausted) | {'symbol': 'XPINUSDT', 'level': 0.001894, 'approach_count': 11, 'block_threshold': 4}
2026-07-11 20:43:21 | INFO | trading.strategy2_signal_filter:check:493 | S2 skip: approach>=block (G3, level exhausted) | {'symbol': 'XPINUSDT', 'level': 0.001894, 'approach_count': 11, 'block_threshold': 4}
2026-07-11 20:43:36 | INFO | trading.strategy2_signal_filter:check:493 | S2 skip: approach>=block (G3, level exhausted) | {'symbol': 'XPINUSDT', 'level': 0.001894, 'approach_count': 11, 'block_threshold': 4}
2026-07-11 20:43:51 | INFO | trading.strategy2_signal_filter:check:493 | S2 skip: approach>=block (G3, level exhausted) | {'symbol': 'XPINUSDT', 'level': 0.001894, 'approach_count': 11, 'block_threshold': 4}
2026-07-11 20:44:07 | INFO | trading.strategy2_signal_filter:check:493 | S2 skip: approach>=block (G3, level exhausted) | {'symbol': 'XPINUSDT', 'level': 0.001894, 'approach_count': 11, 'block_threshold': 4}
2026-07-11 20:44:22 | INFO | trading.strategy2_signal_filter:check:493 | S2 skip: approach>=block (G3, level exhausted) | {'symbol': 'XPINUSDT', 'level': 0.001894, 'approach_count': 11, 'block_threshold': 4}
2026-07-11 20:44:37 | INFO | trading.strategy2_signal_filter:check:493 | S2 skip: approach>=block (G3, level exhausted) | {'symbol': 'XPINUSDT', 'level': 0.001894, 'approach_count': 10, 'block_threshold': 4}
2026-07-11 20:44:52 | INFO | trading.strategy2_signal_filter:check:493 | S2 skip: approach>=block (G3, level exhausted) | {'symbol': 'XPINUSDT', 'level': 0.001894, 'approach_count': 10, 'block_threshold': 4}
2026-07-11 20:45:08 | INFO | trading.strategy2_signal_filter:check:493 | S2 skip: approach>=block (G3, level exhausted) | {'symbol': 'XPINUSDT', 'level': 0.001894, 'approach_count': 10, 'block_threshold': 4}
2026-07-11 20:45:23 | INFO | trading.strategy2_signal_filter:check:493 | S2 skip: approach>=block (G3, level exhausted) | {'symbol': 'XPINUSDT', 'level': 0.001894, 'approach_count': 11, 'block_threshold': 4}
2026-07-11 20:45:38 | INFO | trading.strategy2_signal_filter:check:493 | S2 skip: approach>=block (G3, level exhausted) | {'symbol': 'XPINUSDT', 'level': 0.001894, 'approach_count': 11, 'block_threshold': 4}
2026-07-11 20:45:54 | INFO | trading.strategy2_signal_filter:check:493 | S2 skip: approach>=block (G3, level exhausted) | {'symbol': 'XPINUSDT', 'level': 0.001894, 'approach_count': 11, 'block_threshold': 4}
2026-07-11 20:46:09 | INFO | trading.strategy2_signal_filter:check:493 | S2 skip: approach>=block (G3, level exhausted) | {'symbol': 'XPINUSDT', 'level': 0.001894, 'approach_count': 11, 'block_threshold': 4}
2026-07-11 20:46:14 | INFO | __main__:_trigger_loop:357 | Trigger activated | {'symbol': 'SXTUSDT'}
2026-07-11 20:46:14 | INFO | __main__:_run_phase1:575 | Replaced old monitor with closer level | {'symbol': 'SXTUSDT', 'old': 0.00846024, 'new': 0.00943557}
2026-07-11 20:46:14 | INFO | __main__:_monitored:798 | Monitor cancelled | {'symbol': 'SXTUSDT', 'level': 0.00846024}
2026-07-11 20:46:14 | INFO | __main__:_run_phase1:601 | Level broken in recent candles, skipping monitor | {'symbol': 'SXTUSDT', 'level': 0.00943557, 'close_below': 10}
2026-07-11 20:46:24 | INFO | trading.strategy2_signal_filter:check:493 | S2 skip: approach>=block (G3, level exhausted) | {'symbol': 'XPINUSDT', 'level': 0.001894, 'approach_count': 11, 'block_threshold': 4}
2026-07-11 20:46:40 | INFO | trading.strategy2_signal_filter:check:493 | S2 skip: approach>=block (G3, level exhausted) | {'symbol': 'XPINUSDT', 'level': 0.001894, 'approach_count': 11, 'block_threshold': 4}
2026-07-11 20:46:55 | INFO | trading.strategy2_signal_filter:check:493 | S2 skip: approach>=block (G3, level exhausted) | {'symbol': 'XPINUSDT', 'level': 0.001894, 'approach_count': 11, 'block_threshold': 4}
2026-07-11 20:47:05 | INFO | bot.telegram:send_close_with_chart:1480 | chart candles available: CLOUSDT 300 | {}
2026-07-11 20:47:06 | INFO | trading.strategy2_live:_reconcile_one:1289 | S2Live reconcile: no position, no fills — closed | {'trade_id': '66bb5835-d50d-4cdd-843e-21758a3b3a44', 'symbol': 'CLOUSDT'}
2026-07-11 20:47:10 | INFO | __main__:_auto_screener_loop:306 | Auto screener completed | {'total': 1, 'new': 0}
2026-07-11 20:47:10 | INFO | trading.strategy2_signal_filter:check:493 | S2 skip: approach>=block (G3, level exhausted) | {'symbol': 'XPINUSDT', 'level': 0.001894, 'approach_count': 11, 'block_threshold': 4}
2026-07-11 20:47:26 | INFO | trading.strategy2_signal_filter:check:493 | S2 skip: approach>=block (G3, level exhausted) | {'symbol': 'XPINUSDT', 'level': 0.001894, 'approach_count': 11, 'block_threshold': 4}
2026-07-11 20:47:41 | INFO | trading.strategy2_signal_filter:check:493 | S2 skip: approach>=block (G3, level exhausted) | {'symbol': 'XPINUSDT', 'level': 0.001894, 'approach_count': 11, 'block_threshold': 4}
2026-07-11 20:47:56 | INFO | trading.strategy2_signal_filter:check:493 | S2 skip: approach>=block (G3, level exhausted) | {'symbol': 'XPINUSDT', 'level': 0.001894, 'approach_count': 11, 'block_threshold': 4}
2026-07-11 20:48:11 | INFO | trading.strategy2_signal_filter:check:493 | S2 skip: approach>=block (G3, level exhausted) | {'symbol': 'XPINUSDT', 'level': 0.001894, 'approach_count': 11, 'block_threshold': 4}
2026-07-11 20:48:27 | INFO | trading.strategy2_signal_filter:check:493 | S2 skip: approach>=block (G3, level exhausted) | {'symbol': 'XPINUSDT', 'level': 0.001894, 'approach_count': 11, 'block_threshold': 4}
2026-07-11 20:48:42 | INFO | trading.strategy2_signal_filter:check:493 | S2 skip: approach>=block (G3, level exhausted) | {'symbol': 'XPINUSDT', 'level': 0.001894, 'approach_count': 11, 'block_threshold': 4}
2026-07-11 20:48:57 | INFO | trading.strategy2_signal_filter:check:493 | S2 skip: approach>=block (G3, level exhausted) | {'symbol': 'XPINUSDT', 'level': 0.001894, 'approach_count': 11, 'block_threshold': 4}
2026-07-11 20:49:13 | INFO | trading.strategy2_signal_filter:check:493 | S2 skip: approach>=block (G3, level exhausted) | {'symbol': 'XPINUSDT', 'level': 0.001894, 'approach_count': 11, 'block_threshold': 4}
2026-07-11 20:49:28 | INFO | trading.strategy2_signal_filter:check:493 | S2 skip: approach>=block (G3, level exhausted) | {'symbol': 'XPINUSDT', 'level': 0.001894, 'approach_count': 11, 'block_threshold': 4}
2026-07-11 20:49:43 | INFO | trading.strategy2_signal_filter:check:493 | S2 skip: approach>=block (G3, level exhausted) | {'symbol': 'XPINUSDT', 'level': 0.001894, 'approach_count': 11, 'block_threshold': 4}
2026-07-11 20:49:56 | INFO | __main__:_proximity_arm_loop:1948 | proximity-arm activated | {'symbol': 'SXTUSDT', 'level': 0.0096565, 'type': 'pump_base', 'strength': 5, 'dist_atr': 1.3}
2026-07-11 20:49:57 | INFO | __main__:_run_phase1:652 | Level monitoring started | {'symbol': 'SXTUSDT', 'level': 0.00846116, 'strength': 5}
2026-07-11 20:49:59 | INFO | trading.strategy2_signal_filter:check:493 | S2 skip: approach>=block (G3, level exhausted) | {'symbol': 'XPINUSDT', 'level': 0.001894, 'approach_count': 11, 'block_threshold': 4}
2026-07-11 20:50:14 | INFO | trading.strategy2_signal_filter:check:493 | S2 skip: approach>=block (G3, level exhausted) | {'symbol': 'XPINUSDT', 'level': 0.001894, 'approach_count': 11, 'block_threshold': 4}
2026-07-11 20:50:29 | INFO | trading.strategy2_signal_filter:check:493 | S2 skip: approach>=block (G3, level exhausted) | {'symbol': 'XPINUSDT', 'level': 0.001894, 'approach_count': 11, 'block_threshold': 4}
2026-07-11 20:50:45 | INFO | trading.strategy2_signal_filter:check:493 | S2 skip: approach>=block (G3, level exhausted) | {'symbol': 'XPINUSDT', 'level': 0.001894, 'approach_count': 11, 'block_threshold': 4}
2026-07-11 20:51:00 | INFO | trading.strategy2_signal_filter:check:493 | S2 skip: approach>=block (G3, level exhausted) | {'symbol': 'XPINUSDT', 'level': 0.001894, 'approach_count': 11, 'block_threshold': 4}
2026-07-11 20:51:15 | INFO | trading.strategy2_signal_filter:check:493 | S2 skip: approach>=block (G3, level exhausted) | {'symbol': 'XPINUSDT', 'level': 0.001894, 'approach_count': 11, 'block_threshold': 4}
2026-07-11 20:51:31 | INFO | trading.strategy2_signal_filter:check:493 | S2 skip: approach>=block (G3, level exhausted) | {'symbol': 'XPINUSDT', 'level': 0.001894, 'approach_count': 11, 'block_threshold': 4}
2026-07-11 20:51:46 | INFO | trading.strategy2_signal_filter:check:493 | S2 skip: approach>=block (G3, level exhausted) | {'symbol': 'XPINUSDT', 'level': 0.001894, 'approach_count': 11, 'block_threshold': 4}
2026-07-11 20:52:01 | INFO | trading.strategy2_signal_filter:check:493 | S2 skip: approach>=block (G3, level exhausted) | {'symbol': 'XPINUSDT', 'level': 0.001894, 'approach_count': 11, 'block_threshold': 4}
2026-07-11 20:52:06 | INFO | trading.strategy2_signal_filter:check:624 | S2 skip: level re-entry block | {'symbol': 'CLOUSDT', 'level': 0.25507, 'seconds_since_activity': 301.0}
2026-07-11 20:52:11 | INFO | trading.strategy2_signal_filter:check:624 | S2 skip: level re-entry block | {'symbol': 'CLOUSDT', 'level': 0.25507, 'seconds_since_activity': 306.0}
2026-07-11 20:52:11 | INFO | trading.strategy2_signal_filter:check:624 | S2 skip: level re-entry block | {'symbol': 'CLOUSDT', 'level': 0.25507, 'seconds_since_activity': 306.1}
2026-07-11 20:52:16 | INFO | trading.strategy2_signal_filter:check:624 | S2 skip: level re-entry block | {'symbol': 'CLOUSDT', 'level': 0.25507, 'seconds_since_activity': 311.2}
2026-07-11 20:52:16 | INFO | trading.strategy2_signal_filter:check:493 | S2 skip: approach>=block (G3, level exhausted) | {'symbol': 'XPINUSDT', 'level': 0.001894, 'approach_count': 10, 'block_threshold': 4}
2026-07-11 20:52:22 | INFO | trading.strategy2_signal_filter:check:624 | S2 skip: level re-entry block | {'symbol': 'CLOUSDT', 'level': 0.25507, 'seconds_since_activity': 316.3}
2026-07-11 20:52:27 | INFO | trading.strategy2_signal_filter:check:624 | S2 skip: level re-entry block | {'symbol': 'CLOUSDT', 'level': 0.25507, 'seconds_since_activity': 321.4}
2026-07-11 20:52:27 | INFO | trading.strategy2_signal_filter:check:624 | S2 skip: level re-entry block | {'symbol': 'CLOUSDT', 'level': 0.25507, 'seconds_since_activity': 321.4}
2026-07-11 20:52:32 | INFO | trading.strategy2_signal_filter:check:624 | S2 skip: level re-entry block | {'symbol': 'CLOUSDT', 'level': 0.25507, 'seconds_since_activity': 326.5}
2026-07-11 20:52:32 | INFO | trading.strategy2_signal_filter:check:493 | S2 skip: approach>=block (G3, level exhausted) | {'symbol': 'XPINUSDT', 'level': 0.001894, 'approach_count': 10, 'block_threshold': 4}
2026-07-11 20:52:37 | INFO | trading.strategy2_signal_filter:check:624 | S2 skip: level re-entry block | {'symbol': 'CLOUSDT', 'level': 0.25507, 'seconds_since_activity': 331.6}
2026-07-11 20:52:42 | INFO | trading.strategy2_signal_filter:check:624 | S2 skip: level re-entry block | {'symbol': 'CLOUSDT', 'level': 0.25507, 'seconds_since_activity': 336.7}
2026-07-11 20:52:42 | INFO | trading.strategy2_signal_filter:check:624 | S2 skip: level re-entry block | {'symbol': 'CLOUSDT', 'level': 0.25507, 'seconds_since_activity': 336.7}
2026-07-11 20:52:47 | INFO | trading.strategy2_signal_filter:check:624 | S2 skip: level re-entry block | {'symbol': 'CLOUSDT', 'level': 0.25507, 'seconds_since_activity': 341.8}
2026-07-11 20:52:47 | INFO | trading.strategy2_signal_filter:check:493 | S2 skip: approach>=block (G3, level exhausted) | {'symbol': 'XPINUSDT', 'level': 0.001894, 'approach_count': 10, 'block_threshold': 4}
2026-07-11 20:52:52 | INFO | trading.strategy2_signal_filter:check:624 | S2 skip: level re-entry block | {'symbol': 'CLOUSDT', 'level': 0.25507, 'seconds_since_activity': 346.9}
2026-07-11 20:52:57 | INFO | __main__:_stale_monitor_loop:1179 | Stale monitor cancelled — rebuilding | {'symbol': 'SXTUSDT', 'level': 0.00846116, 'current': 0.009641, 'distance_pct': 12.2}
2026-07-11 20:52:57 | INFO | __main__:_monitored:798 | Monitor cancelled | {'symbol': 'SXTUSDT', 'level': 0.00846116}
2026-07-11 20:52:58 | INFO | __main__:_run_phase1:652 | Level monitoring started | {'symbol': 'SXTUSDT', 'level': 0.00845933, 'strength': 5}
2026-07-11 20:53:02 | INFO | trading.strategy2_signal_filter:check:493 | S2 skip: approach>=block (G3, level exhausted) | {'symbol': 'XPINUSDT', 'level': 0.001894, 'approach_count': 10, 'block_threshold': 4}
2026-07-11 20:53:13 | INFO | trading.strategy2_signal_filter:check:624 | S2 skip: level re-entry block | {'symbol': 'CLOUSDT', 'level': 0.25507, 'seconds_since_activity': 367.3}
2026-07-11 20:53:13 | INFO | trading.strategy2_signal_filter:check:624 | S2 skip: level re-entry block | {'symbol': 'CLOUSDT', 'level': 0.25507, 'seconds_since_activity': 367.3}
2026-07-11 20:53:18 | INFO | trading.strategy2_signal_filter:check:624 | S2 skip: level re-entry block | {'symbol': 'CLOUSDT', 'level': 0.25507, 'seconds_since_activity': 372.4}
2026-07-11 20:53:18 | INFO | trading.strategy2_signal_filter:check:493 | S2 skip: approach>=block (G3, level exhausted) | {'symbol': 'XPINUSDT', 'level': 0.001894, 'approach_count': 10, 'block_threshold': 4}
2026-07-11 20:53:33 | INFO | trading.strategy2_signal_filter:check:493 | S2 skip: approach>=block (G3, level exhausted) | {'symbol': 'XPINUSDT', 'level': 0.001894, 'approach_count': 10, 'block_threshold': 4}
2026-07-11 20:53:38 | INFO | trading.strategy2_signal_filter:check:624 | S2 skip: level re-entry block | {'symbol': 'CLOUSDT', 'level': 0.25507, 'seconds_since_activity': 392.8}
2026-07-11 20:53:48 | INFO | trading.strategy2_signal_filter:check:493 | S2 skip: approach>=block (G3, level exhausted) | {'symbol': 'XPINUSDT', 'level': 0.001894, 'approach_count': 10, 'block_threshold': 4}
2026-07-11 20:54:04 | INFO | trading.strategy2_signal_filter:check:493 | S2 skip: approach>=block (G3, level exhausted) | {'symbol': 'XPINUSDT', 'level': 0.001894, 'approach_count': 10, 'block_threshold': 4}
2026-07-11 20:54:04 | INFO | trading.strategy2_signal_filter:check:624 | S2 skip: level re-entry block | {'symbol': 'CLOUSDT', 'level': 0.25507, 'seconds_since_activity': 418.3}
2026-07-11 20:54:19 | INFO | trading.strategy2_signal_filter:check:493 | S2 skip: approach>=block (G3, level exhausted) | {'symbol': 'XPINUSDT', 'level': 0.001894, 'approach_count': 9, 'block_threshold': 4}
2026-07-11 20:54:34 | INFO | trading.strategy2_signal_filter:check:493 | S2 skip: approach>=block (G3, level exhausted) | {'symbol': 'XPINUSDT', 'level': 0.001894, 'approach_count': 9, 'block_threshold': 4}
2026-07-11 20:54:50 | INFO | trading.strategy2_signal_filter:check:493 | S2 skip: approach>=block (G3, level exhausted) | {'symbol': 'XPINUSDT', 'level': 0.001894, 'approach_count': 9, 'block_threshold': 4}
2026-07-11 20:55:05 | INFO | trading.strategy2_signal_filter:check:493 | S2 skip: approach>=block (G3, level exhausted) | {'symbol': 'XPINUSDT', 'level': 0.001894, 'approach_count': 6, 'block_threshold': 4}
2026-07-11 20:55:20 | INFO | trading.strategy2_signal_filter:check:493 | S2 skip: approach>=block (G3, level exhausted) | {'symbol': 'XPINUSDT', 'level': 0.001894, 'approach_count': 9, 'block_threshold': 4}
2026-07-11 20:55:36 | INFO | trading.strategy2_signal_filter:check:493 | S2 skip: approach>=block (G3, level exhausted) | {'symbol': 'XPINUSDT', 'level': 0.001894, 'approach_count': 9, 'block_threshold': 4}
2026-07-11 20:55:51 | INFO | trading.strategy2_signal_filter:check:493 | S2 skip: approach>=block (G3, level exhausted) | {'symbol': 'XPINUSDT', 'level': 0.001894, 'approach_count': 9, 'block_threshold': 4}
2026-07-11 20:56:06 | INFO | trading.strategy2_signal_filter:check:493 | S2 skip: approach>=block (G3, level exhausted) | {'symbol': 'XPINUSDT', 'level': 0.001894, 'approach_count': 9, 'block_threshold': 4}
2026-07-11 20:56:11 | INFO | __main__:_trigger_loop:357 | Trigger activated | {'symbol': 'EVAAUSDT'}
2026-07-11 20:56:12 | INFO | __main__:_run_phase1:652 | Level monitoring started | {'symbol': 'EVAAUSDT', 'level': 1.6609, 'strength': 3}
2026-07-11 20:56:21 | INFO | trading.strategy2_signal_filter:check:493 | S2 skip: approach>=block (G3, level exhausted) | {'symbol': 'XPINUSDT', 'level': 0.001894, 'approach_count': 6, 'block_threshold': 4}
2026-07-11 20:56:37 | INFO | trading.strategy2_signal_filter:check:493 | S2 skip: approach>=block (G3, level exhausted) | {'symbol': 'XPINUSDT', 'level': 0.001894, 'approach_count': 6, 'block_threshold': 4}
2026-07-11 20:56:52 | INFO | trading.strategy2_signal_filter:check:493 | S2 skip: approach>=block (G3, level exhausted) | {'symbol': 'XPINUSDT', 'level': 0.001894, 'approach_count': 6, 'block_threshold': 4}
2026-07-11 20:57:07 | INFO | trading.strategy2_signal_filter:check:493 | S2 skip: approach>=block (G3, level exhausted) | {'symbol': 'XPINUSDT', 'level': 0.001894, 'approach_count': 9, 'block_threshold': 4}
2026-07-11 20:57:07 | INFO | trading.strategy5_continuation:_open_trade:363 | S5 trade opened | {'trade_id': 'fcd78bdc-67c6-4964-931a-935b5f3f4044', 'symbol': 'SXTUSDT', 'entry': 0.00966, 'sl': 0.0095856, 'tp1': 0.0097344, 'tp2': 0.0098088, 'growth': 13.4, 'hours_since_peak': 2.0, 'trig_vol_ratio': 1.28}
2026-07-11 20:57:12 | INFO | __main__:_auto_screener_loop:306 | Auto screener completed | {'total': 1, 'new': 0}
2026-07-11 20:57:14 | INFO | trading.strategy5_live:_open_live:200 | S5Live OPEN | {'trade_id': 'd514da0d-f770-4729-b354-2963d7a2fc6e', 'symbol': 'SXTUSDT', 'entry': 0.009733, 'qty': 10351.0, 'sl': 0.0095856, 'tp1': 0.009880400000000001, 'tp2': 0.010027800000000002, 'basis': 'pump+13.4% 2.0h retr1.9%/2c trigvol1.3x phase=unknown vdecay=0.66'}
2026-07-11 20:57:23 | INFO | trading.strategy2_signal_filter:check:493 | S2 skip: approach>=block (G3, level exhausted) | {'symbol': 'XPINUSDT', 'level': 0.001894, 'approach_count': 6, 'block_threshold': 4}
2026-07-11 20:57:38 | INFO | trading.strategy2_signal_filter:check:493 | S2 skip: approach>=block (G3, level exhausted) | {'symbol': 'XPINUSDT', 'level': 0.001894, 'approach_count': 6, 'block_threshold': 4}
2026-07-11 20:57:53 | INFO | trading.strategy2_signal_filter:check:493 | S2 skip: approach>=block (G3, level exhausted) | {'symbol': 'XPINUSDT', 'level': 0.001894, 'approach_count': 6, 'block_threshold': 4}
2026-07-11 20:57:58 | INFO | __main__:_stale_monitor_loop:1179 | Stale monitor cancelled — rebuilding | {'symbol': 'SXTUSDT', 'level': 0.00845933, 'current': 0.009627, 'distance_pct': 12.1}
2026-07-11 20:57:58 | INFO | __main__:_monitored:798 | Monitor cancelled | {'symbol': 'SXTUSDT', 'level': 0.00845933}
2026-07-11 20:58:09 | INFO | trading.strategy2_signal_filter:check:493 | S2 skip: approach>=block (G3, level exhausted) | {'symbol': 'XPINUSDT', 'level': 0.001894, 'approach_count': 6, 'block_threshold': 4}
2026-07-11 20:58:24 | INFO | trading.strategy2_signal_filter:check:493 | S2 skip: approach>=block (G3, level exhausted) | {'symbol': 'XPINUSDT', 'level': 0.001894, 'approach_count': 6, 'block_threshold': 4}
2026-07-11 20:58:39 | INFO | trading.strategy2_signal_filter:check:493 | S2 skip: approach>=block (G3, level exhausted) | {'symbol': 'XPINUSDT', 'level': 0.001894, 'approach_count': 6, 'block_threshold': 4}
2026-07-11 20:58:55 | INFO | trading.strategy2_signal_filter:check:493 | S2 skip: approach>=block (G3, level exhausted) | {'symbol': 'XPINUSDT', 'level': 0.001894, 'approach_count': 6, 'block_threshold': 4}
2026-07-11 20:59:10 | INFO | trading.strategy2_signal_filter:check:493 | S2 skip: approach>=block (G3, level exhausted) | {'symbol': 'XPINUSDT', 'level': 0.001894, 'approach_count': 6, 'block_threshold': 4}
2026-07-11 20:59:25 | INFO | trading.strategy2_signal_filter:check:493 | S2 skip: approach>=block (G3, level exhausted) | {'symbol': 'XPINUSDT', 'level': 0.001894, 'approach_count': 6, 'block_threshold': 4}
2026-07-11 20:59:40 | INFO | trading.strategy2_signal_filter:check:493 | S2 skip: approach>=block (G3, level exhausted) | {'symbol': 'XPINUSDT', 'level': 0.001894, 'approach_count': 6, 'block_threshold': 4}
2026-07-11 20:59:56 | INFO | trading.strategy2_signal_filter:check:493 | S2 skip: approach>=block (G3, level exhausted) | {'symbol': 'XPINUSDT', 'level': 0.001894, 'approach_count': 6, 'block_threshold': 4}
2026-07-11 21:00:11 | INFO | trading.strategy2_signal_filter:check:493 | S2 skip: approach>=block (G3, level exhausted) | {'symbol': 'XPINUSDT', 'level': 0.001894, 'approach_count': 6, 'block_threshold': 4}
2026-07-11 21:00:26 | INFO | trading.strategy2_signal_filter:check:493 | S2 skip: approach>=block (G3, level exhausted) | {'symbol': 'XPINUSDT', 'level': 0.001894, 'approach_count': 6, 'block_threshold': 4}
2026-07-11 21:00:42 | INFO | trading.strategy2_signal_filter:check:493 | S2 skip: approach>=block (G3, level exhausted) | {'symbol': 'XPINUSDT', 'level': 0.001894, 'approach_count': 6, 'block_threshold': 4}
2026-07-11 21:00:52 | INFO | trading.strategy2_signal_filter:check:624 | S2 skip: level re-entry block | {'symbol': 'CLOUSDT', 'level': 0.25507, 'seconds_since_activity': 826.6}
2026-07-11 21:00:57 | INFO | trading.strategy2_signal_filter:check:493 | S2 skip: approach>=block (G3, level exhausted) | {'symbol': 'XPINUSDT', 'level': 0.001894, 'approach_count': 6, 'block_threshold': 4}
2026-07-11 21:01:07 | INFO | trading.strategy2_signal_filter:check:624 | S2 skip: level re-entry block | {'symbol': 'CLOUSDT', 'level': 0.25507, 'seconds_since_activity': 841.9}
2026-07-11 21:01:07 | INFO | trading.strategy2_signal_filter:check:624 | S2 skip: level re-entry block | {'symbol': 'CLOUSDT', 'level': 0.25507, 'seconds_since_activity': 841.9}
2026-07-11 21:01:12 | INFO | __main__:_trigger_loop:357 | Trigger activated | {'symbol': 'LABUSDT'}
2026-07-11 21:01:12 | INFO | __main__:_run_phase1:414 | Pump degraded, skipping monitoring | {'symbol': 'LABUSDT', 'health': 40, 'broken': 0, 'correction': '107%'}
2026-07-11 21:01:12 | INFO | trading.strategy2_signal_filter:check:624 | S2 skip: level re-entry block | {'symbol': 'CLOUSDT', 'level': 0.25507, 'seconds_since_activity': 847.0}
2026-07-11 21:01:12 | INFO | trading.strategy2_signal_filter:check:493 | S2 skip: approach>=block (G3, level exhausted) | {'symbol': 'XPINUSDT', 'level': 0.001894, 'approach_count': 5, 'block_threshold': 4}
2026-07-11 21:01:17 | INFO | trading.strategy2_signal_filter:check:624 | S2 skip: level re-entry block | {'symbol': 'CLOUSDT', 'level': 0.25507, 'seconds_since_activity': 852.1}
2026-07-11 21:01:22 | INFO | trading.strategy2_signal_filter:check:624 | S2 skip: level re-entry block | {'symbol': 'CLOUSDT', 'level': 0.25507, 'seconds_since_activity': 857.2}
2026-07-11 21:01:23 | INFO | trading.strategy2_signal_filter:check:624 | S2 skip: level re-entry block | {'symbol': 'CLOUSDT', 'level': 0.25507, 'seconds_since_activity': 857.2}
2026-07-11 21:01:28 | INFO | trading.strategy2_signal_filter:check:624 | S2 skip: level re-entry block | {'symbol': 'CLOUSDT', 'level': 0.25507, 'seconds_since_activity': 862.3}
2026-07-11 21:01:28 | INFO | trading.strategy2_signal_filter:check:493 | S2 skip: approach>=block (G3, level exhausted) | {'symbol': 'XPINUSDT', 'level': 0.001894, 'approach_count': 5, 'block_threshold': 4}
2026-07-11 21:01:33 | INFO | trading.strategy2_signal_filter:check:624 | S2 skip: level re-entry block | {'symbol': 'CLOUSDT', 'level': 0.25507, 'seconds_since_activity': 867.4}
2026-07-11 21:01:38 | INFO | trading.strategy2_signal_filter:check:624 | S2 skip: level re-entry block | {'symbol': 'CLOUSDT', 'level': 0.25507, 'seconds_since_activity': 872.5}
2026-07-11 21:01:38 | INFO | trading.strategy2_signal_filter:check:624 | S2 skip: level re-entry block | {'symbol': 'CLOUSDT', 'level': 0.25507, 'seconds_since_activity': 872.5}
2026-07-11 21:01:43 | INFO | trading.strategy2_signal_filter:check:624 | S2 skip: level re-entry block | {'symbol': 'CLOUSDT', 'level': 0.25507, 'seconds_since_activity': 877.6}
2026-07-11 21:01:43 | INFO | trading.strategy2_signal_filter:check:493 | S2 skip: approach>=block (G3, level exhausted) | {'symbol': 'XPINUSDT', 'level': 0.001894, 'approach_count': 5, 'block_threshold': 4}
2026-07-11 21:01:48 | INFO | trading.strategy2_signal_filter:check:624 | S2 skip: level re-entry block | {'symbol': 'CLOUSDT', 'level': 0.25507, 'seconds_since_activity': 882.7}
2026-07-11 21:01:53 | INFO | trading.strategy2_signal_filter:check:624 | S2 skip: level re-entry block | {'symbol': 'CLOUSDT', 'level': 0.25507, 'seconds_since_activity': 887.8}
2026-07-11 21:01:53 | INFO | trading.strategy2_signal_filter:check:624 | S2 skip: level re-entry block | {'symbol': 'CLOUSDT', 'level': 0.25507, 'seconds_since_activity': 887.8}
2026-07-11 21:01:58 | INFO | trading.strategy2_signal_filter:check:624 | S2 skip: level re-entry block | {'symbol': 'CLOUSDT', 'level': 0.25507, 'seconds_since_activity': 892.9}
2026-07-11 21:01:58 | INFO | trading.strategy2_signal_filter:check:493 | S2 skip: approach>=block (G3, level exhausted) | {'symbol': 'XPINUSDT', 'level': 0.001894, 'approach_count': 5, 'block_threshold': 4}
2026-07-11 21:02:03 | INFO | trading.strategy2_signal_filter:check:624 | S2 skip: level re-entry block | {'symbol': 'CLOUSDT', 'level': 0.25507, 'seconds_since_activity': 898.0}
2026-07-11 21:02:08 | INFO | trading.strategy2_signal_filter:check:624 | S2 skip: level re-entry block | {'symbol': 'CLOUSDT', 'level': 0.25507, 'seconds_since_activity': 903.1}
2026-07-11 21:02:08 | INFO | trading.strategy2_signal_filter:check:624 | S2 skip: level re-entry block | {'symbol': 'CLOUSDT', 'level': 0.25507, 'seconds_since_activity': 903.1}
2026-07-11 21:02:13 | INFO | trading.strategy2_signal_filter:check:624 | S2 skip: level re-entry block | {'symbol': 'CLOUSDT', 'level': 0.25507, 'seconds_since_activity': 908.2}
2026-07-11 21:02:14 | INFO | trading.strategy2_signal_filter:check:493 | S2 skip: approach>=block (G3, level exhausted) | {'symbol': 'XPINUSDT', 'level': 0.001894, 'approach_count': 5, 'block_threshold': 4}
2026-07-11 21:02:19 | INFO | trading.strategy2_signal_filter:check:624 | S2 skip: level re-entry block | {'symbol': 'CLOUSDT', 'level': 0.25507, 'seconds_since_activity': 913.3}
2026-07-11 21:02:24 | INFO | trading.strategy2_signal_filter:check:624 | S2 skip: level re-entry block | {'symbol': 'CLOUSDT', 'level': 0.25507, 'seconds_since_activity': 918.4}
2026-07-11 21:02:24 | INFO | trading.strategy2_signal_filter:check:624 | S2 skip: level re-entry block | {'symbol': 'CLOUSDT', 'level': 0.25507, 'seconds_since_activity': 918.4}
2026-07-11 21:02:29 | INFO | trading.strategy2_signal_filter:check:624 | S2 skip: level re-entry block | {'symbol': 'CLOUSDT', 'level': 0.25507, 'seconds_since_activity': 923.5}
2026-07-11 21:02:29 | INFO | trading.strategy2_signal_filter:check:493 | S2 skip: approach>=block (G3, level exhausted) | {'symbol': 'XPINUSDT', 'level': 0.001894, 'approach_count': 5, 'block_threshold': 4}
2026-07-11 21:02:34 | INFO | trading.strategy2_signal_filter:check:624 | S2 skip: level re-entry block | {'symbol': 'CLOUSDT', 'level': 0.25507, 'seconds_since_activity': 928.6}
2026-07-11 21:02:39 | INFO | trading.strategy2_signal_filter:check:624 | S2 skip: level re-entry block | {'symbol': 'CLOUSDT', 'level': 0.25507, 'seconds_since_activity': 933.7}
2026-07-11 21:02:39 | INFO | trading.strategy2_signal_filter:check:624 | S2 skip: level re-entry block | {'symbol': 'CLOUSDT', 'level': 0.25507, 'seconds_since_activity': 933.7}
2026-07-11 21:02:44 | INFO | trading.strategy2_signal_filter:check:624 | S2 skip: level re-entry block | {'symbol': 'CLOUSDT', 'level': 0.25507, 'seconds_since_activity': 938.8}
2026-07-11 21:02:44 | INFO | trading.strategy2_signal_filter:check:493 | S2 skip: approach>=block (G3, level exhausted) | {'symbol': 'XPINUSDT', 'level': 0.001894, 'approach_count': 5, 'block_threshold': 4}
2026-07-11 21:02:49 | INFO | trading.strategy2_signal_filter:check:624 | S2 skip: level re-entry block | {'symbol': 'CLOUSDT', 'level': 0.25507, 'seconds_since_activity': 943.9}
2026-07-11 21:02:54 | INFO | trading.strategy2_signal_filter:check:624 | S2 skip: level re-entry block | {'symbol': 'CLOUSDT', 'level': 0.25507, 'seconds_since_activity': 948.9}
2026-07-11 21:02:54 | INFO | trading.strategy2_signal_filter:check:624 | S2 skip: level re-entry block | {'symbol': 'CLOUSDT', 'level': 0.25507, 'seconds_since_activity': 949.0}
2026-07-11 21:02:59 | INFO | trading.strategy2_signal_filter:check:624 | S2 skip: level re-entry block | {'symbol': 'CLOUSDT', 'level': 0.25507, 'seconds_since_activity': 954.0}
2026-07-11 21:02:59 | INFO | trading.strategy2_signal_filter:check:493 | S2 skip: approach>=block (G3, level exhausted) | {'symbol': 'XPINUSDT', 'level': 0.001894, 'approach_count': 8, 'block_threshold': 4}
2026-07-11 21:03:04 | INFO | trading.strategy2_signal_filter:check:624 | S2 skip: level re-entry block | {'symbol': 'CLOUSDT', 'level': 0.25507, 'seconds_since_activity': 959.1}
2026-07-11 21:03:10 | INFO | trading.strategy2_signal_filter:check:624 | S2 skip: level re-entry block | {'symbol': 'CLOUSDT', 'level': 0.25507, 'seconds_since_activity': 964.2}
2026-07-11 21:03:10 | INFO | trading.strategy2_signal_filter:check:624 | S2 skip: level re-entry block | {'symbol': 'CLOUSDT', 'level': 0.25507, 'seconds_since_activity': 964.3}
2026-07-11 21:03:15 | INFO | trading.strategy2_signal_filter:check:624 | S2 skip: level re-entry block | {'symbol': 'CLOUSDT', 'level': 0.25507, 'seconds_since_activity': 969.4}
2026-07-11 21:03:15 | INFO | trading.strategy2_signal_filter:check:493 | S2 skip: approach>=block (G3, level exhausted) | {'symbol': 'XPINUSDT', 'level': 0.001894, 'approach_count': 4, 'block_threshold': 4}
2026-07-11 21:03:20 | INFO | trading.strategy2_signal_filter:check:624 | S2 skip: level re-entry block | {'symbol': 'CLOUSDT', 'level': 0.25507, 'seconds_since_activity': 974.5}
2026-07-11 21:03:25 | INFO | trading.strategy2_signal_filter:check:624 | S2 skip: level re-entry block | {'symbol': 'CLOUSDT', 'level': 0.25507, 'seconds_since_activity': 979.6}
2026-07-11 21:03:25 | INFO | trading.strategy2_signal_filter:check:624 | S2 skip: level re-entry block | {'symbol': 'CLOUSDT', 'level': 0.25507, 'seconds_since_activity': 979.6}
2026-07-11 21:03:30 | INFO | trading.strategy2_signal_filter:check:624 | S2 skip: level re-entry block | {'symbol': 'CLOUSDT', 'level': 0.25507, 'seconds_since_activity': 984.7}
2026-07-11 21:03:30 | INFO | trading.strategy2_signal_filter:check:493 | S2 skip: approach>=block (G3, level exhausted) | {'symbol': 'XPINUSDT', 'level': 0.001894, 'approach_count': 4, 'block_threshold': 4}
2026-07-11 21:03:35 | INFO | trading.strategy2_signal_filter:check:624 | S2 skip: level re-entry block | {'symbol': 'CLOUSDT', 'level': 0.25507, 'seconds_since_activity': 989.8}
2026-07-11 21:03:40 | INFO | trading.strategy2_signal_filter:check:624 | S2 skip: level re-entry block | {'symbol': 'CLOUSDT', 'level': 0.25507, 'seconds_since_activity': 994.9}
2026-07-11 21:03:40 | INFO | trading.strategy2_signal_filter:check:624 | S2 skip: level re-entry block | {'symbol': 'CLOUSDT', 'level': 0.25507, 'seconds_since_activity': 994.9}
2026-07-11 21:03:45 | INFO | trading.strategy2_signal_filter:check:624 | S2 skip: level re-entry block | {'symbol': 'CLOUSDT', 'level': 0.25507, 'seconds_since_activity': 1000.0}
2026-07-11 21:03:45 | INFO | trading.strategy2_signal_filter:check:493 | S2 skip: approach>=block (G3, level exhausted) | {'symbol': 'XPINUSDT', 'level': 0.001894, 'approach_count': 7, 'block_threshold': 4}
2026-07-11 21:03:50 | INFO | trading.strategy2_signal_filter:check:624 | S2 skip: level re-entry block | {'symbol': 'CLOUSDT', 'level': 0.25507, 'seconds_since_activity': 1005.1}
2026-07-11 21:03:55 | INFO | trading.strategy2_signal_filter:check:624 | S2 skip: level re-entry block | {'symbol': 'CLOUSDT', 'level': 0.25507, 'seconds_since_activity': 1010.2}
2026-07-11 21:03:55 | INFO | trading.strategy2_signal_filter:check:624 | S2 skip: level re-entry block | {'symbol': 'CLOUSDT', 'level': 0.25507, 'seconds_since_activity': 1010.2}
2026-07-11 21:04:01 | INFO | trading.strategy2_signal_filter:check:624 | S2 skip: level re-entry block | {'symbol': 'CLOUSDT', 'level': 0.25507, 'seconds_since_activity': 1015.3}
2026-07-11 21:04:01 | INFO | trading.strategy2_signal_filter:check:493 | S2 skip: approach>=block (G3, level exhausted) | {'symbol': 'XPINUSDT', 'level': 0.001894, 'approach_count': 7, 'block_threshold': 4}
2026-07-11 21:04:06 | INFO | trading.strategy2_signal_filter:check:624 | S2 skip: level re-entry block | {'symbol': 'CLOUSDT', 'level': 0.25507, 'seconds_since_activity': 1020.4}
2026-07-11 21:04:11 | INFO | trading.strategy2_signal_filter:check:624 | S2 skip: level re-entry block | {'symbol': 'CLOUSDT', 'level': 0.25507, 'seconds_since_activity': 1025.5}
2026-07-11 21:04:11 | INFO | trading.strategy2_signal_filter:check:624 | S2 skip: level re-entry block | {'symbol': 'CLOUSDT', 'level': 0.25507, 'seconds_since_activity': 1025.5}
2026-07-11 21:04:16 | INFO | trading.strategy2_signal_filter:check:624 | S2 skip: level re-entry block | {'symbol': 'CLOUSDT', 'level': 0.25507, 'seconds_since_activity': 1030.6}
2026-07-11 21:04:16 | INFO | trading.strategy2_signal_filter:check:493 | S2 skip: approach>=block (G3, level exhausted) | {'symbol': 'XPINUSDT', 'level': 0.001894, 'approach_count': 7, 'block_threshold': 4}
2026-07-11 21:04:21 | INFO | trading.strategy2_signal_filter:check:624 | S2 skip: level re-entry block | {'symbol': 'CLOUSDT', 'level': 0.25507, 'seconds_since_activity': 1035.7}
2026-07-11 21:04:26 | INFO | trading.strategy2_signal_filter:check:624 | S2 skip: level re-entry block | {'symbol': 'CLOUSDT', 'level': 0.25507, 'seconds_since_activity': 1040.8}
2026-07-11 21:04:26 | INFO | trading.strategy2_signal_filter:check:624 | S2 skip: level re-entry block | {'symbol': 'CLOUSDT', 'level': 0.25507, 'seconds_since_activity': 1040.8}
2026-07-11 21:04:31 | INFO | trading.strategy2_signal_filter:check:624 | S2 skip: level re-entry block | {'symbol': 'CLOUSDT', 'level': 0.25507, 'seconds_since_activity': 1045.8}
2026-07-11 21:04:31 | INFO | trading.strategy2_signal_filter:check:493 | S2 skip: approach>=block (G3, level exhausted) | {'symbol': 'XPINUSDT', 'level': 0.001894, 'approach_count': 7, 'block_threshold': 4}
2026-07-11 21:04:36 | INFO | trading.strategy2_signal_filter:check:624 | S2 skip: level re-entry block | {'symbol': 'CLOUSDT', 'level': 0.25507, 'seconds_since_activity': 1050.9}
2026-07-11 21:04:41 | INFO | trading.strategy2_signal_filter:check:624 | S2 skip: level re-entry block | {'symbol': 'CLOUSDT', 'level': 0.25507, 'seconds_since_activity': 1056.1}
2026-07-11 21:04:41 | INFO | trading.strategy2_signal_filter:check:624 | S2 skip: level re-entry block | {'symbol': 'CLOUSDT', 'level': 0.25507, 'seconds_since_activity': 1056.1}
2026-07-11 21:04:46 | INFO | trading.strategy2_signal_filter:check:624 | S2 skip: level re-entry block | {'symbol': 'CLOUSDT', 'level': 0.25507, 'seconds_since_activity': 1061.2}
2026-07-11 21:04:47 | INFO | trading.strategy2_signal_filter:check:493 | S2 skip: approach>=block (G3, level exhausted) | {'symbol': 'XPINUSDT', 'level': 0.001894, 'approach_count': 7, 'block_threshold': 4}
2026-07-11 21:04:52 | INFO | trading.strategy2_signal_filter:check:624 | S2 skip: level re-entry block | {'symbol': 'CLOUSDT', 'level': 0.25507, 'seconds_since_activity': 1066.3}
2026-07-11 21:04:57 | INFO | trading.strategy2_signal_filter:check:624 | S2 skip: level re-entry block | {'symbol': 'CLOUSDT', 'level': 0.25507, 'seconds_since_activity': 1071.4}
2026-07-11 21:04:57 | INFO | trading.strategy2_signal_filter:check:624 | S2 skip: level re-entry block | {'symbol': 'CLOUSDT', 'level': 0.25507, 'seconds_since_activity': 1071.4}
2026-07-11 21:05:02 | INFO | trading.strategy2_signal_filter:check:624 | S2 skip: level re-entry block | {'symbol': 'CLOUSDT', 'level': 0.25507, 'seconds_since_activity': 1076.5}
2026-07-11 21:05:02 | INFO | trading.strategy2_signal_filter:check:493 | S2 skip: approach>=block (G3, level exhausted) | {'symbol': 'XPINUSDT', 'level': 0.001894, 'approach_count': 7, 'block_threshold': 4}
2026-07-11 21:05:07 | INFO | trading.strategy2_signal_filter:check:624 | S2 skip: level re-entry block | {'symbol': 'CLOUSDT', 'level': 0.25507, 'seconds_since_activity': 1081.6}
2026-07-11 21:05:12 | INFO | trading.strategy2_signal_filter:check:624 | S2 skip: level re-entry block | {'symbol': 'CLOUSDT', 'level': 0.25507, 'seconds_since_activity': 1086.7}
2026-07-11 21:05:12 | INFO | trading.strategy2_signal_filter:check:624 | S2 skip: level re-entry block | {'symbol': 'CLOUSDT', 'level': 0.25507, 'seconds_since_activity': 1086.7}
2026-07-11 21:05:17 | INFO | trading.strategy2_signal_filter:check:624 | S2 skip: level re-entry block | {'symbol': 'CLOUSDT', 'level': 0.25507, 'seconds_since_activity': 1091.8}
2026-07-11 21:05:17 | INFO | trading.strategy2_signal_filter:check:493 | S2 skip: approach>=block (G3, level exhausted) | {'symbol': 'XPINUSDT', 'level': 0.001894, 'approach_count': 6, 'block_threshold': 4}
2026-07-11 21:05:22 | INFO | trading.strategy2_signal_filter:check:624 | S2 skip: level re-entry block | {'symbol': 'CLOUSDT', 'level': 0.25507, 'seconds_since_activity': 1096.9}
2026-07-11 21:05:27 | INFO | trading.strategy2_signal_filter:check:624 | S2 skip: level re-entry block | {'symbol': 'CLOUSDT', 'level': 0.25507, 'seconds_since_activity': 1102.0}
2026-07-11 21:05:27 | INFO | trading.strategy2_signal_filter:check:624 | S2 skip: level re-entry block | {'symbol': 'CLOUSDT', 'level': 0.25507, 'seconds_since_activity': 1102.0}
2026-07-11 21:05:32 | INFO | trading.strategy2_signal_filter:check:624 | S2 skip: level re-entry block | {'symbol': 'CLOUSDT', 'level': 0.25507, 'seconds_since_activity': 1107.1}
2026-07-11 21:05:32 | INFO | trading.strategy2_signal_filter:check:493 | S2 skip: approach>=block (G3, level exhausted) | {'symbol': 'XPINUSDT', 'level': 0.001894, 'approach_count': 6, 'block_threshold': 4}
2026-07-11 21:05:37 | INFO | trading.strategy2_signal_filter:check:624 | S2 skip: level re-entry block | {'symbol': 'CLOUSDT', 'level': 0.25507, 'seconds_since_activity': 1112.2}
2026-07-11 21:05:43 | INFO | trading.strategy2_signal_filter:check:624 | S2 skip: level re-entry block | {'symbol': 'CLOUSDT', 'level': 0.25507, 'seconds_since_activity': 1117.3}
2026-07-11 21:05:43 | INFO | trading.strategy2_signal_filter:check:624 | S2 skip: level re-entry block | {'symbol': 'CLOUSDT', 'level': 0.25507, 'seconds_since_activity': 1117.3}
2026-07-11 21:05:48 | INFO | trading.strategy2_signal_filter:check:624 | S2 skip: level re-entry block | {'symbol': 'CLOUSDT', 'level': 0.25507, 'seconds_since_activity': 1122.4}
2026-07-11 21:05:48 | INFO | trading.strategy2_signal_filter:check:493 | S2 skip: approach>=block (G3, level exhausted) | {'symbol': 'XPINUSDT', 'level': 0.001894, 'approach_count': 6, 'block_threshold': 4}
2026-07-11 21:05:53 | INFO | trading.strategy2_signal_filter:check:624 | S2 skip: level re-entry block | {'symbol': 'CLOUSDT', 'level': 0.25507, 'seconds_since_activity': 1127.5}
2026-07-11 21:05:58 | INFO | trading.strategy2_signal_filter:check:624 | S2 skip: level re-entry block | {'symbol': 'CLOUSDT', 'level': 0.25507, 'seconds_since_activity': 1132.6}
2026-07-11 21:05:58 | INFO | trading.strategy2_signal_filter:check:624 | S2 skip: level re-entry block | {'symbol': 'CLOUSDT', 'level': 0.25507, 'seconds_since_activity': 1132.6}
2026-07-11 21:06:03 | INFO | trading.strategy2_signal_filter:check:624 | S2 skip: level re-entry block | {'symbol': 'CLOUSDT', 'level': 0.25507, 'seconds_since_activity': 1137.7}
2026-07-11 21:06:03 | INFO | trading.strategy2_signal_filter:check:493 | S2 skip: approach>=block (G3, level exhausted) | {'symbol': 'XPINUSDT', 'level': 0.001894, 'approach_count': 6, 'block_threshold': 4}
2026-07-11 21:06:08 | INFO | trading.strategy2_signal_filter:check:624 | S2 skip: level re-entry block | {'symbol': 'CLOUSDT', 'level': 0.25507, 'seconds_since_activity': 1142.8}
2026-07-11 21:06:13 | INFO | __main__:_proximity_loop:1381 | Weak level touch resolved | {'symbol': 'EVAAUSDT', 'level': 1.7428, 'event': 'zakol', 'fill_depth': 0.413128299288494}
2026-07-11 21:06:13 | INFO | trading.strategy2_signal_filter:check:624 | S2 skip: level re-entry block | {'symbol': 'CLOUSDT', 'level': 0.25507, 'seconds_since_activity': 1147.9}
2026-07-11 21:06:13 | INFO | trading.strategy2_signal_filter:check:624 | S2 skip: level re-entry block | {'symbol': 'CLOUSDT', 'level': 0.25507, 'seconds_since_activity': 1147.9}
2026-07-11 21:06:18 | INFO | trading.strategy2_signal_filter:check:624 | S2 skip: level re-entry block | {'symbol': 'CLOUSDT', 'level': 0.25507, 'seconds_since_activity': 1153.0}
2026-07-11 21:06:18 | INFO | trading.strategy2_signal_filter:check:493 | S2 skip: approach>=block (G3, level exhausted) | {'symbol': 'XPINUSDT', 'level': 0.001894, 'approach_count': 6, 'block_threshold': 4}
2026-07-11 21:06:23 | INFO | trading.strategy2_signal_filter:check:624 | S2 skip: level re-entry block | {'symbol': 'CLOUSDT', 'level': 0.25507, 'seconds_since_activity': 1158.1}
2026-07-11 21:06:27 | INFO | __main__:_proximity_arm_loop:1948 | proximity-arm activated | {'symbol': 'BEATUSDT', 'level': 2.362, 'type': 'pump_base', 'strength': 5, 'dist_atr': 1.05}
2026-07-11 21:06:27 | INFO | __main__:_run_phase1:414 | Pump degraded, skipping monitoring | {'symbol': 'BEATUSDT', 'health': 40, 'broken': 0, 'correction': '145%'}
2026-07-11 21:06:28 | INFO | trading.strategy2_signal_filter:check:624 | S2 skip: level re-entry block | {'symbol': 'CLOUSDT', 'level': 0.25507, 'seconds_since_activity': 1163.1}
2026-07-11 21:06:28 | INFO | trading.strategy2_signal_filter:check:624 | S2 skip: level re-entry block | {'symbol': 'CLOUSDT', 'level': 0.25507, 'seconds_since_activity': 1163.2}
2026-07-11 21:06:34 | INFO | trading.strategy2_signal_filter:check:624 | S2 skip: level re-entry block | {'symbol': 'CLOUSDT', 'level': 0.25507, 'seconds_since_activity': 1168.2}
2026-07-11 21:06:34 | INFO | trading.strategy2_signal_filter:check:493 | S2 skip: approach>=block (G3, level exhausted) | {'symbol': 'XPINUSDT', 'level': 0.001894, 'approach_count': 6, 'block_threshold': 4}
2026-07-11 21:06:39 | INFO | trading.strategy2_signal_filter:check:624 | S2 skip: level re-entry block | {'symbol': 'CLOUSDT', 'level': 0.25507, 'seconds_since_activity': 1173.4}
2026-07-11 21:06:44 | INFO | trading.strategy2_signal_filter:check:624 | S2 skip: level re-entry block | {'symbol': 'CLOUSDT', 'level': 0.25507, 'seconds_since_activity': 1178.4}
2026-07-11 21:06:44 | INFO | trading.strategy2_signal_filter:check:624 | S2 skip: level re-entry block | {'symbol': 'CLOUSDT', 'level': 0.25507, 'seconds_since_activity': 1178.4}
2026-07-11 21:06:49 | INFO | trading.strategy2_signal_filter:check:624 | S2 skip: level re-entry block | {'symbol': 'CLOUSDT', 'level': 0.25507, 'seconds_since_activity': 1183.5}
2026-07-11 21:06:49 | INFO | trading.strategy2_signal_filter:check:493 | S2 skip: approach>=block (G3, level exhausted) | {'symbol': 'XPINUSDT', 'level': 0.001894, 'approach_count': 6, 'block_threshold': 4}
2026-07-11 21:06:54 | INFO | trading.strategy2_signal_filter:check:624 | S2 skip: level re-entry block | {'symbol': 'CLOUSDT', 'level': 0.25507, 'seconds_since_activity': 1188.7}
2026-07-11 21:06:59 | INFO | trading.strategy2_signal_filter:check:624 | S2 skip: level re-entry block | {'symbol': 'CLOUSDT', 'level': 0.25507, 'seconds_since_activity': 1193.8}
2026-07-11 21:06:59 | INFO | trading.strategy2_signal_filter:check:624 | S2 skip: level re-entry block | {'symbol': 'CLOUSDT', 'level': 0.25507, 'seconds_since_activity': 1193.8}
2026-07-11 21:07:04 | INFO | trading.strategy2_signal_filter:check:624 | S2 skip: level re-entry block | {'symbol': 'CLOUSDT', 'level': 0.25507, 'seconds_since_activity': 1198.9}
2026-07-11 21:07:04 | INFO | trading.strategy2_signal_filter:check:493 | S2 skip: approach>=block (G3, level exhausted) | {'symbol': 'XPINUSDT', 'level': 0.001894, 'approach_count': 6, 'block_threshold': 4}
2026-07-11 21:07:09 | INFO | trading.strategy2_signal_filter:check:624 | S2 skip: level re-entry block | {'symbol': 'CLOUSDT', 'level': 0.25507, 'seconds_since_activity': 1204.0}
2026-07-11 21:07:14 | INFO | __main__:_auto_screener_loop:306 | Auto screener completed | {'total': 1, 'new': 0}
2026-07-11 21:07:14 | INFO | trading.strategy2_signal_filter:check:624 | S2 skip: level re-entry block | {'symbol': 'CLOUSDT', 'level': 0.25507, 'seconds_since_activity': 1209.1}
2026-07-11 21:07:14 | INFO | trading.strategy2_signal_filter:check:624 | S2 skip: level re-entry block | {'symbol': 'CLOUSDT', 'level': 0.25507, 'seconds_since_activity': 1209.1}
2026-07-11 21:07:19 | INFO | trading.strategy2_signal_filter:check:624 | S2 skip: level re-entry block | {'symbol': 'CLOUSDT', 'level': 0.25507, 'seconds_since_activity': 1214.2}
2026-07-11 21:07:20 | INFO | trading.strategy2_signal_filter:check:493 | S2 skip: approach>=block (G3, level exhausted) | {'symbol': 'XPINUSDT', 'level': 0.001894, 'approach_count': 6, 'block_threshold': 4}
2026-07-11 21:07:25 | INFO | trading.strategy2_signal_filter:check:624 | S2 skip: level re-entry block | {'symbol': 'CLOUSDT', 'level': 0.25507, 'seconds_since_activity': 1219.3}
2026-07-11 21:07:30 | INFO | trading.strategy2_signal_filter:check:624 | S2 skip: level re-entry block | {'symbol': 'CLOUSDT', 'level': 0.25507, 'seconds_since_activity': 1224.3}
2026-07-11 21:07:35 | INFO | trading.strategy2_signal_filter:check:493 | S2 skip: approach>=block (G3, level exhausted) | {'symbol': 'XPINUSDT', 'level': 0.001894, 'approach_count': 6, 'block_threshold': 4}
2026-07-11 21:07:49 | WARNING | trading.strategy5_live:_finalize_closed:320 | S5Live: no executions, PnL estimated | {'trade_id': 'd514da0d-f770-4729-b354-2963d7a2fc6e'}
2026-07-11 21:07:50 | INFO | trading.strategy2_signal_filter:check:493 | S2 skip: approach>=block (G3, level exhausted) | {'symbol': 'XPINUSDT', 'level': 0.001894, 'approach_count': 6, 'block_threshold': 4}
2026-07-11 21:07:55 | INFO | trading.strategy2_signal_filter:check:624 | S2 skip: level re-entry block | {'symbol': 'CLOUSDT', 'level': 0.25507, 'seconds_since_activity': 1249.8}
2026-07-11 21:07:55 | INFO | trading.strategy2_signal_filter:check:624 | S2 skip: level re-entry block | {'symbol': 'CLOUSDT', 'level': 0.25507, 'seconds_since_activity': 1249.8}
2026-07-11 21:08:00 | INFO | trading.strategy2_signal_filter:check:624 | S2 skip: level re-entry block | {'symbol': 'CLOUSDT', 'level': 0.25507, 'seconds_since_activity': 1254.9}
2026-07-11 21:08:05 | INFO | trading.strategy2_signal_filter:check:624 | S2 skip: level re-entry block | {'symbol': 'CLOUSDT', 'level': 0.25507, 'seconds_since_activity': 1260.0}
2026-07-11 21:08:05 | INFO | trading.strategy2_signal_filter:check:493 | S2 skip: approach>=block (G3, level exhausted) | {'symbol': 'XPINUSDT', 'level': 0.001894, 'approach_count': 6, 'block_threshold': 4}
2026-07-11 21:08:10 | INFO | trading.strategy2_signal_filter:check:624 | S2 skip: level re-entry block | {'symbol': 'CLOUSDT', 'level': 0.25507, 'seconds_since_activity': 1265.1}
2026-07-11 21:08:10 | INFO | trading.strategy2_signal_filter:check:624 | S2 skip: level re-entry block | {'symbol': 'CLOUSDT', 'level': 0.25507, 'seconds_since_activity': 1265.1}
2026-07-11 21:08:16 | INFO | trading.strategy2_signal_filter:check:624 | S2 skip: level re-entry block | {'symbol': 'CLOUSDT', 'level': 0.25507, 'seconds_since_activity': 1270.2}
2026-07-11 21:08:21 | INFO | trading.strategy2_signal_filter:check:624 | S2 skip: level re-entry block | {'symbol': 'CLOUSDT', 'level': 0.25507, 'seconds_since_activity': 1275.3}
2026-07-11 21:08:21 | INFO | trading.strategy2_signal_filter:check:493 | S2 skip: approach>=block (G3, level exhausted) | {'symbol': 'XPINUSDT', 'level': 0.001894, 'approach_count': 6, 'block_threshold': 4}
2026-07-11 21:08:26 | INFO | trading.strategy2_signal_filter:check:624 | S2 skip: level re-entry block | {'symbol': 'CLOUSDT', 'level': 0.25507, 'seconds_since_activity': 1280.4}
2026-07-11 21:08:26 | INFO | trading.strategy2_signal_filter:check:624 | S2 skip: level re-entry block | {'symbol': 'CLOUSDT', 'level': 0.25507, 'seconds_since_activity': 1280.4}
2026-07-11 21:08:31 | INFO | trading.strategy2_signal_filter:check:624 | S2 skip: level re-entry block | {'symbol': 'CLOUSDT', 'level': 0.25507, 'seconds_since_activity': 1285.5}
2026-07-11 21:08:36 | INFO | trading.strategy2_signal_filter:check:624 | S2 skip: level re-entry block | {'symbol': 'CLOUSDT', 'level': 0.25507, 'seconds_since_activity': 1290.6}
2026-07-11 21:08:36 | INFO | trading.strategy2_signal_filter:check:493 | S2 skip: approach>=block (G3, level exhausted) | {'symbol': 'XPINUSDT', 'level': 0.001894, 'approach_count': 6, 'block_threshold': 4}
2026-07-11 21:08:41 | INFO | trading.strategy2_signal_filter:check:624 | S2 skip: level re-entry block | {'symbol': 'CLOUSDT', 'level': 0.25507, 'seconds_since_activity': 1295.7}
2026-07-11 21:08:41 | INFO | trading.strategy2_signal_filter:check:624 | S2 skip: level re-entry block | {'symbol': 'CLOUSDT', 'level': 0.25507, 'seconds_since_activity': 1295.7}
2026-07-11 21:08:46 | INFO | trading.strategy2_signal_filter:check:624 | S2 skip: level re-entry block | {'symbol': 'CLOUSDT', 'level': 0.25507, 'seconds_since_activity': 1300.8}
2026-07-11 21:08:51 | INFO | trading.strategy2_signal_filter:check:624 | S2 skip: level re-entry block | {'symbol': 'CLOUSDT', 'level': 0.25507, 'seconds_since_activity': 1305.9}
2026-07-11 21:08:51 | INFO | trading.strategy2_signal_filter:check:493 | S2 skip: approach>=block (G3, level exhausted) | {'symbol': 'XPINUSDT', 'level': 0.001894, 'approach_count': 6, 'block_threshold': 4}
2026-07-11 21:08:56 | INFO | trading.strategy2_signal_filter:check:624 | S2 skip: level re-entry block | {'symbol': 'CLOUSDT', 'level': 0.25507, 'seconds_since_activity': 1311.0}
2026-07-11 21:08:56 | INFO | trading.strategy2_signal_filter:check:624 | S2 skip: level re-entry block | {'symbol': 'CLOUSDT', 'level': 0.25507, 'seconds_since_activity': 1311.0}
2026-07-11 21:09:01 | INFO | trading.strategy2_signal_filter:check:624 | S2 skip: level re-entry block | {'symbol': 'CLOUSDT', 'level': 0.25507, 'seconds_since_activity': 1316.1}
2026-07-11 21:09:06 | INFO | trading.strategy2_signal_filter:check:624 | S2 skip: level re-entry block | {'symbol': 'CLOUSDT', 'level': 0.25507, 'seconds_since_activity': 1321.2}
2026-07-11 21:09:07 | INFO | trading.strategy2_signal_filter:check:493 | S2 skip: approach>=block (G3, level exhausted) | {'symbol': 'XPINUSDT', 'level': 0.001894, 'approach_count': 6, 'block_threshold': 4}
2026-07-11 21:09:12 | INFO | trading.strategy2_signal_filter:check:624 | S2 skip: level re-entry block | {'symbol': 'CLOUSDT', 'level': 0.25507, 'seconds_since_activity': 1326.3}
2026-07-11 21:09:12 | INFO | trading.strategy2_signal_filter:check:624 | S2 skip: level re-entry block | {'symbol': 'CLOUSDT', 'level': 0.25507, 'seconds_since_activity': 1326.3}
2026-07-11 21:09:17 | INFO | trading.strategy2_signal_filter:check:624 | S2 skip: level re-entry block | {'symbol': 'CLOUSDT', 'level': 0.25507, 'seconds_since_activity': 1331.4}
2026-07-11 21:09:22 | INFO | trading.strategy2_signal_filter:check:624 | S2 skip: level re-entry block | {'symbol': 'CLOUSDT', 'level': 0.25507, 'seconds_since_activity': 1336.5}
2026-07-11 21:09:22 | INFO | trading.strategy2_signal_filter:check:493 | S2 skip: approach>=block (G3, level exhausted) | {'symbol': 'XPINUSDT', 'level': 0.001894, 'approach_count': 6, 'block_threshold': 4}
2026-07-11 21:09:27 | INFO | trading.strategy2_signal_filter:check:624 | S2 skip: level re-entry block | {'symbol': 'CLOUSDT', 'level': 0.25507, 'seconds_since_activity': 1341.6}
2026-07-11 21:09:27 | INFO | trading.strategy2_signal_filter:check:624 | S2 skip: level re-entry block | {'symbol': 'CLOUSDT', 'level': 0.25507, 'seconds_since_activity': 1341.6}
2026-07-11 21:09:32 | INFO | trading.strategy2_signal_filter:check:624 | S2 skip: level re-entry block | {'symbol': 'CLOUSDT', 'level': 0.25507, 'seconds_since_activity': 1346.7}
2026-07-11 21:09:37 | INFO | trading.strategy2_signal_filter:check:624 | S2 skip: level re-entry block | {'symbol': 'CLOUSDT', 'level': 0.25507, 'seconds_since_activity': 1351.8}
2026-07-11 21:09:37 | INFO | trading.strategy2_signal_filter:check:493 | S2 skip: approach>=block (G3, level exhausted) | {'symbol': 'XPINUSDT', 'level': 0.001894, 'approach_count': 6, 'block_threshold': 4}
2026-07-11 21:09:42 | INFO | trading.strategy2_signal_filter:check:624 | S2 skip: level re-entry block | {'symbol': 'CLOUSDT', 'level': 0.25507, 'seconds_since_activity': 1356.9}
2026-07-11 21:09:42 | INFO | trading.strategy2_signal_filter:check:624 | S2 skip: level re-entry block | {'symbol': 'CLOUSDT', 'level': 0.25507, 'seconds_since_activity': 1356.9}
2026-07-11 21:09:47 | INFO | trading.strategy2_signal_filter:check:624 | S2 skip: level re-entry block | {'symbol': 'CLOUSDT', 'level': 0.25507, 'seconds_since_activity': 1362.0}
2026-07-11 21:09:52 | INFO | trading.strategy2_signal_filter:check:624 | S2 skip: level re-entry block | {'symbol': 'CLOUSDT', 'level': 0.25507, 'seconds_since_activity': 1367.1}
2026-07-11 21:09:52 | INFO | trading.strategy2_signal_filter:check:493 | S2 skip: approach>=block (G3, level exhausted) | {'symbol': 'XPINUSDT', 'level': 0.001894, 'approach_count': 6, 'block_threshold': 4}
2026-07-11 21:09:58 | INFO | trading.strategy2_signal_filter:check:624 | S2 skip: level re-entry block | {'symbol': 'CLOUSDT', 'level': 0.25507, 'seconds_since_activity': 1372.2}
2026-07-11 21:09:58 | INFO | trading.strategy2_signal_filter:check:624 | S2 skip: level re-entry block | {'symbol': 'CLOUSDT', 'level': 0.25507, 'seconds_since_activity': 1372.2}
2026-07-11 21:10:03 | INFO | trading.strategy2_signal_filter:check:624 | S2 skip: level re-entry block | {'symbol': 'CLOUSDT', 'level': 0.25507, 'seconds_since_activity': 1377.3}
2026-07-11 21:10:08 | INFO | trading.strategy2_signal_filter:check:624 | S2 skip: level re-entry block | {'symbol': 'CLOUSDT', 'level': 0.25507, 'seconds_since_activity': 1382.4}
2026-07-11 21:10:08 | INFO | trading.strategy2_signal_filter:check:493 | S2 skip: approach>=block (G3, level exhausted) | {'symbol': 'XPINUSDT', 'level': 0.001894, 'approach_count': 6, 'block_threshold': 4}
2026-07-11 21:10:13 | INFO | trading.strategy2_signal_filter:check:624 | S2 skip: level re-entry block | {'symbol': 'CLOUSDT', 'level': 0.25507, 'seconds_since_activity': 1387.5}
2026-07-11 21:10:13 | INFO | trading.strategy2_signal_filter:check:624 | S2 skip: level re-entry block | {'symbol': 'CLOUSDT', 'level': 0.25507, 'seconds_since_activity': 1387.5}
2026-07-11 21:10:18 | INFO | trading.strategy2_signal_filter:check:624 | S2 skip: level re-entry block | {'symbol': 'CLOUSDT', 'level': 0.25507, 'seconds_since_activity': 1392.6}
2026-07-11 21:10:23 | INFO | trading.strategy2_signal_filter:check:624 | S2 skip: level re-entry block | {'symbol': 'CLOUSDT', 'level': 0.25507, 'seconds_since_activity': 1397.7}
2026-07-11 21:10:23 | INFO | trading.strategy2_signal_filter:check:493 | S2 skip: approach>=block (G3, level exhausted) | {'symbol': 'XPINUSDT', 'level': 0.001894, 'approach_count': 6, 'block_threshold': 4}
2026-07-11 21:10:28 | INFO | trading.strategy2_signal_filter:check:624 | S2 skip: level re-entry block | {'symbol': 'CLOUSDT', 'level': 0.25507, 'seconds_since_activity': 1402.8}
2026-07-11 21:10:28 | INFO | trading.strategy2_signal_filter:check:624 | S2 skip: level re-entry block | {'symbol': 'CLOUSDT', 'level': 0.25507, 'seconds_since_activity': 1402.8}
2026-07-11 21:10:33 | INFO | trading.strategy2_signal_filter:check:624 | S2 skip: level re-entry block | {'symbol': 'CLOUSDT', 'level': 0.25507, 'seconds_since_activity': 1407.9}
2026-07-11 21:10:38 | INFO | trading.strategy2_signal_filter:check:493 | S2 skip: approach>=block (G3, level exhausted) | {'symbol': 'XPINUSDT', 'level': 0.001894, 'approach_count': 6, 'block_threshold': 4}
2026-07-11 21:10:43 | INFO | trading.strategy2_signal_filter:check:624 | S2 skip: level re-entry block | {'symbol': 'CLOUSDT', 'level': 0.25507, 'seconds_since_activity': 1418.1}
2026-07-11 21:10:54 | INFO | trading.strategy2_signal_filter:check:493 | S2 skip: approach>=block (G3, level exhausted) | {'symbol': 'XPINUSDT', 'level': 0.001894, 'approach_count': 6, 'block_threshold': 4}
2026-07-11 21:11:09 | INFO | trading.strategy2_signal_filter:check:493 | S2 skip: approach>=block (G3, level exhausted) | {'symbol': 'XPINUSDT', 'level': 0.001894, 'approach_count': 6, 'block_threshold': 4}
2026-07-11 21:11:24 | INFO | trading.strategy2_signal_filter:check:641 | S2 market phase | {'symbol': 'XPINUSDT', 'phase': 'flat', 'note': 'flat:range=1.9%,dir_eff=0.03'}
2026-07-11 21:11:24 | INFO | trading.strategy2_signal_filter:check:856 | S2: SL adjusted to minimum distance | {'symbol': 'XPINUSDT', 'min_dist_pct': 0.238, 'stop_loss': 0.00188949}
2026-07-11 21:11:40 | INFO | trading.strategy2_signal_filter:check:641 | S2 market phase | {'symbol': 'XPINUSDT', 'phase': 'flat', 'note': 'flat:range=1.9%,dir_eff=0.03'}
2026-07-11 21:11:40 | INFO | trading.strategy2_signal_filter:check:856 | S2: SL adjusted to minimum distance | {'symbol': 'XPINUSDT', 'min_dist_pct': 0.238, 'stop_loss': 0.00188949}
2026-07-11 21:11:55 | INFO | trading.strategy2_signal_filter:check:641 | S2 market phase | {'symbol': 'XPINUSDT', 'phase': 'flat', 'note': 'flat:range=1.9%,dir_eff=0.03'}
2026-07-11 21:11:55 | INFO | trading.strategy2_signal_filter:check:856 | S2: SL adjusted to minimum distance | {'symbol': 'XPINUSDT', 'min_dist_pct': 0.238, 'stop_loss': 0.00188949}
2026-07-11 21:12:10 | INFO | trading.strategy2_signal_filter:check:641 | S2 market phase | {'symbol': 'XPINUSDT', 'phase': 'flat', 'note': 'flat:range=1.9%,dir_eff=0.03'}
2026-07-11 21:12:10 | INFO | trading.strategy2_signal_filter:check:856 | S2: SL adjusted to minimum distance | {'symbol': 'XPINUSDT', 'min_dist_pct': 0.244, 'stop_loss': 0.00188937}
2026-07-11 21:12:15 | INFO | trading.strategy2_signal_filter:check:624 | S2 skip: level re-entry block | {'symbol': 'CLOUSDT', 'level': 0.25507, 'seconds_since_activity': 1510.0}
2026-07-11 21:12:15 | INFO | trading.strategy2_signal_filter:check:624 | S2 skip: level re-entry block | {'symbol': 'CLOUSDT', 'level': 0.25507, 'seconds_since_activity': 1510.0}
2026-07-11 21:12:20 | INFO | trading.strategy2_signal_filter:check:624 | S2 skip: level re-entry block | {'symbol': 'CLOUSDT', 'level': 0.25507, 'seconds_since_activity': 1515.1}
2026-07-11 21:12:26 | INFO | trading.strategy2_signal_filter:check:641 | S2 market phase | {'symbol': 'XPINUSDT', 'phase': 'flat', 'note': 'flat:range=1.9%,dir_eff=0.01'}
2026-07-11 21:12:26 | INFO | trading.strategy2_signal_filter:check:856 | S2: SL adjusted to minimum distance | {'symbol': 'XPINUSDT', 'min_dist_pct': 0.232, 'stop_loss': 0.0018896}
2026-07-11 21:12:41 | INFO | trading.strategy2_signal_filter:check:641 | S2 market phase | {'symbol': 'XPINUSDT', 'phase': 'flat', 'note': 'flat:range=1.9%,dir_eff=0.02'}
2026-07-11 21:12:41 | INFO | trading.strategy2_signal_filter:check:856 | S2: SL adjusted to minimum distance | {'symbol': 'XPINUSDT', 'min_dist_pct': 0.232, 'stop_loss': 0.0018896}
2026-07-11 21:12:56 | INFO | trading.strategy2_signal_filter:check:641 | S2 market phase | {'symbol': 'XPINUSDT', 'phase': 'flat', 'note': 'flat:range=1.9%,dir_eff=0.02'}
2026-07-11 21:12:56 | INFO | trading.strategy2_signal_filter:check:856 | S2: SL adjusted to minimum distance | {'symbol': 'XPINUSDT', 'min_dist_pct': 0.232, 'stop_loss': 0.0018896}
2026-07-11 21:13:06 | INFO | trading.strategy2_signal_filter:check:624 | S2 skip: level re-entry block | {'symbol': 'CLOUSDT', 'level': 0.25507, 'seconds_since_activity': 1561.0}
2026-07-11 21:13:06 | INFO | trading.strategy2_signal_filter:check:624 | S2 skip: level re-entry block | {'symbol': 'CLOUSDT', 'level': 0.25507, 'seconds_since_activity': 1561.0}
2026-07-11 21:13:11 | INFO | trading.strategy2_signal_filter:check:624 | S2 skip: level re-entry block | {'symbol': 'CLOUSDT', 'level': 0.25507, 'seconds_since_activity': 1566.1}
2026-07-11 21:13:11 | INFO | trading.strategy2_signal_filter:check:641 | S2 market phase | {'symbol': 'XPINUSDT', 'phase': 'flat', 'note': 'flat:range=1.9%,dir_eff=0.05'}
2026-07-11 21:13:11 | INFO | trading.strategy2_signal_filter:check:856 | S2: SL adjusted to minimum distance | {'symbol': 'XPINUSDT', 'min_dist_pct': 0.229, 'stop_loss': 0.00188966}
2026-07-11 21:13:17 | INFO | trading.strategy2_signal_filter:check:624 | S2 skip: level re-entry block | {'symbol': 'CLOUSDT', 'level': 0.25507, 'seconds_since_activity': 1571.2}
2026-07-11 21:13:22 | INFO | trading.strategy2_signal_filter:check:624 | S2 skip: level re-entry block | {'symbol': 'CLOUSDT', 'level': 0.25507, 'seconds_since_activity': 1576.3}
2026-07-11 21:13:27 | INFO | trading.strategy2_signal_filter:check:641 | S2 market phase | {'symbol': 'XPINUSDT', 'phase': 'flat', 'note': 'flat:range=1.9%,dir_eff=0.05'}
2026-07-11 21:13:27 | INFO | trading.strategy2_signal_filter:check:856 | S2: SL adjusted to minimum distance | {'symbol': 'XPINUSDT', 'min_dist_pct': 0.232, 'stop_loss': 0.0018896}
2026-07-11 21:13:32 | INFO | trading.strategy2_signal_filter:check:624 | S2 skip: level re-entry block | {'symbol': 'CLOUSDT', 'level': 0.25507, 'seconds_since_activity': 1586.5}
2026-07-11 21:13:37 | INFO | trading.strategy2_signal_filter:check:624 | S2 skip: level re-entry block | {'symbol': 'CLOUSDT', 'level': 0.25507, 'seconds_since_activity': 1591.6}
2026-07-11 21:13:37 | INFO | trading.strategy2_signal_filter:check:624 | S2 skip: level re-entry block | {'symbol': 'CLOUSDT', 'level': 0.25507, 'seconds_since_activity': 1591.6}
2026-07-11 21:13:42 | INFO | trading.strategy2_signal_filter:check:624 | S2 skip: level re-entry block | {'symbol': 'CLOUSDT', 'level': 0.25507, 'seconds_since_activity': 1596.7}
2026-07-11 21:13:42 | INFO | trading.strategy2_signal_filter:check:641 | S2 market phase | {'symbol': 'XPINUSDT', 'phase': 'flat', 'note': 'flat:range=1.9%,dir_eff=0.05'}
2026-07-11 21:13:42 | INFO | trading.strategy2_signal_filter:check:856 | S2: SL adjusted to minimum distance | {'symbol': 'XPINUSDT', 'min_dist_pct': 0.232, 'stop_loss': 0.0018896}
2026-07-11 21:13:47 | INFO | trading.strategy2_signal_filter:check:624 | S2 skip: level re-entry block | {'symbol': 'CLOUSDT', 'level': 0.25507, 'seconds_since_activity': 1601.8}
2026-07-11 21:13:52 | INFO | trading.strategy2_signal_filter:check:624 | S2 skip: level re-entry block | {'symbol': 'CLOUSDT', 'level': 0.25507, 'seconds_since_activity': 1606.9}
2026-07-11 21:13:52 | INFO | trading.strategy2_signal_filter:check:624 | S2 skip: level re-entry block | {'symbol': 'CLOUSDT', 'level': 0.25507, 'seconds_since_activity': 1606.9}
2026-07-11 21:13:57 | INFO | trading.strategy2_signal_filter:check:624 | S2 skip: level re-entry block | {'symbol': 'CLOUSDT', 'level': 0.25507, 'seconds_since_activity': 1612.0}
2026-07-11 21:13:57 | INFO | trading.strategy2_signal_filter:check:641 | S2 market phase | {'symbol': 'XPINUSDT', 'phase': 'flat', 'note': 'flat:range=1.9%,dir_eff=0.06'}
2026-07-11 21:14:02 | INFO | trading.strategy2_signal_filter:check:624 | S2 skip: level re-entry block | {'symbol': 'CLOUSDT', 'level': 0.25507, 'seconds_since_activity': 1617.1}
2026-07-11 21:14:07 | INFO | trading.strategy2_signal_filter:check:624 | S2 skip: level re-entry block | {'symbol': 'CLOUSDT', 'level': 0.25507, 'seconds_since_activity': 1622.2}
2026-07-11 21:14:07 | INFO | trading.strategy2_signal_filter:check:624 | S2 skip: level re-entry block | {'symbol': 'CLOUSDT', 'level': 0.25507, 'seconds_since_activity': 1622.2}
2026-07-11 21:14:13 | INFO | trading.strategy2_signal_filter:check:624 | S2 skip: level re-entry block | {'symbol': 'CLOUSDT', 'level': 0.25507, 'seconds_since_activity': 1627.3}
2026-07-11 21:14:13 | INFO | trading.strategy2_signal_filter:check:641 | S2 market phase | {'symbol': 'XPINUSDT', 'phase': 'flat', 'note': 'flat:range=1.9%,dir_eff=0.01'}
2026-07-11 21:14:13 | INFO | trading.strategy2_signal_filter:check:856 | S2: SL adjusted to minimum distance | {'symbol': 'XPINUSDT', 'min_dist_pct': 0.217, 'stop_loss': 0.00188989}
2026-07-11 21:14:18 | INFO | trading.strategy2_signal_filter:check:624 | S2 skip: level re-entry block | {'symbol': 'CLOUSDT', 'level': 0.25507, 'seconds_since_activity': 1632.4}
2026-07-11 21:14:28 | INFO | __main__:_proximity_loop:1381 | Weak level touch resolved | {'symbol': 'EVAAUSDT', 'level': 1.7428, 'event': 'bounce', 'fill_depth': 0.0}
2026-07-11 21:14:38 | INFO | trading.strategy2_signal_filter:check:624 | S2 skip: level re-entry block | {'symbol': 'CLOUSDT', 'level': 0.25507, 'seconds_since_activity': 1652.8}
2026-07-11 21:14:38 | INFO | trading.strategy2_signal_filter:check:624 | S2 skip: level re-entry block | {'symbol': 'CLOUSDT', 'level': 0.25507, 'seconds_since_activity': 1652.8}
2026-07-11 21:14:43 | INFO | trading.strategy2_signal_filter:check:624 | S2 skip: level re-entry block | {'symbol': 'CLOUSDT', 'level': 0.25507, 'seconds_since_activity': 1657.9}
2026-07-11 21:14:48 | INFO | trading.strategy2_signal_filter:check:624 | S2 skip: level re-entry block | {'symbol': 'CLOUSDT', 'level': 0.25507, 'seconds_since_activity': 1663.0}
2026-07-11 21:14:53 | INFO | trading.strategy2_signal_filter:check:624 | S2 skip: level re-entry block | {'symbol': 'CLOUSDT', 'level': 0.25507, 'seconds_since_activity': 1668.1}
2026-07-11 21:14:53 | INFO | trading.strategy2_signal_filter:check:624 | S2 skip: level re-entry block | {'symbol': 'CLOUSDT', 'level': 0.25507, 'seconds_since_activity': 1668.1}
2026-07-11 21:14:58 | INFO | trading.strategy2_signal_filter:check:624 | S2 skip: level re-entry block | {'symbol': 'CLOUSDT', 'level': 0.25507, 'seconds_since_activity': 1673.2}
2026-07-11 21:15:04 | INFO | trading.strategy2_signal_filter:check:624 | S2 skip: level re-entry block | {'symbol': 'CLOUSDT', 'level': 0.25507, 'seconds_since_activity': 1678.3}
2026-07-11 21:15:09 | INFO | trading.strategy2_signal_filter:check:624 | S2 skip: level re-entry block | {'symbol': 'CLOUSDT', 'level': 0.25507, 'seconds_since_activity': 1683.4}
2026-07-11 21:15:09 | INFO | trading.strategy2_signal_filter:check:624 | S2 skip: level re-entry block | {'symbol': 'CLOUSDT', 'level': 0.25507, 'seconds_since_activity': 1683.4}
2026-07-11 21:15:14 | INFO | trading.strategy2_signal_filter:check:624 | S2 skip: level re-entry block | {'symbol': 'CLOUSDT', 'level': 0.25507, 'seconds_since_activity': 1688.5}
2026-07-11 21:15:19 | INFO | trading.strategy2_signal_filter:check:624 | S2 skip: level re-entry block | {'symbol': 'CLOUSDT', 'level': 0.25507, 'seconds_since_activity': 1693.6}
2026-07-11 21:15:24 | INFO | trading.strategy2_signal_filter:check:624 | S2 skip: level re-entry block | {'symbol': 'CLOUSDT', 'level': 0.25507, 'seconds_since_activity': 1698.6}
2026-07-11 21:15:24 | INFO | trading.strategy2_signal_filter:check:624 | S2 skip: level re-entry block | {'symbol': 'CLOUSDT', 'level': 0.25507, 'seconds_since_activity': 1698.7}
2026-07-11 21:15:29 | INFO | trading.strategy2_signal_filter:check:624 | S2 skip: level re-entry block | {'symbol': 'CLOUSDT', 'level': 0.25507, 'seconds_since_activity': 1703.8}
2026-07-11 21:15:34 | INFO | trading.strategy2_signal_filter:check:624 | S2 skip: level re-entry block | {'symbol': 'CLOUSDT', 'level': 0.25507, 'seconds_since_activity': 1708.9}
2026-07-11 21:15:39 | INFO | trading.strategy2_signal_filter:check:624 | S2 skip: level re-entry block | {'symbol': 'CLOUSDT', 'level': 0.25507, 'seconds_since_activity': 1713.9}
2026-07-11 21:15:39 | INFO | trading.strategy2_signal_filter:check:624 | S2 skip: level re-entry block | {'symbol': 'CLOUSDT', 'level': 0.25507, 'seconds_since_activity': 1713.9}
2026-07-11 21:15:44 | INFO | trading.strategy2_signal_filter:check:624 | S2 skip: level re-entry block | {'symbol': 'CLOUSDT', 'level': 0.25507, 'seconds_since_activity': 1719.0}
2026-07-11 21:15:49 | INFO | trading.strategy2_signal_filter:check:624 | S2 skip: level re-entry block | {'symbol': 'CLOUSDT', 'level': 0.25507, 'seconds_since_activity': 1724.1}
2026-07-11 21:15:55 | INFO | trading.strategy2_signal_filter:check:624 | S2 skip: level re-entry block | {'symbol': 'CLOUSDT', 'level': 0.25507, 'seconds_since_activity': 1729.2}
2026-07-11 21:16:20 | INFO | trading.strategy2_signal_filter:check:624 | S2 skip: level re-entry block | {'symbol': 'CLOUSDT', 'level': 0.25507, 'seconds_since_activity': 1754.7}
2026-07-11 21:16:20 | INFO | trading.strategy2_signal_filter:check:624 | S2 skip: level re-entry block | {'symbol': 'CLOUSDT', 'level': 0.25507, 'seconds_since_activity': 1754.7}
2026-07-11 21:16:25 | INFO | trading.strategy2_signal_filter:check:624 | S2 skip: level re-entry block | {'symbol': 'CLOUSDT', 'level': 0.25507, 'seconds_since_activity': 1759.8}
2026-07-11 21:16:30 | INFO | trading.strategy2_signal_filter:check:624 | S2 skip: level re-entry block | {'symbol': 'CLOUSDT', 'level': 0.25507, 'seconds_since_activity': 1765.0}
2026-07-11 21:16:35 | INFO | trading.strategy2_signal_filter:check:624 | S2 skip: level re-entry block | {'symbol': 'CLOUSDT', 'level': 0.25507, 'seconds_since_activity': 1770.1}
2026-07-11 21:16:35 | INFO | trading.strategy2_signal_filter:check:624 | S2 skip: level re-entry block | {'symbol': 'CLOUSDT', 'level': 0.25507, 'seconds_since_activity': 1770.1}
2026-07-11 21:16:51 | INFO | trading.strategy2_signal_filter:check:624 | S2 skip: level re-entry block | {'symbol': 'CLOUSDT', 'level': 0.25507, 'seconds_since_activity': 1785.4}
2026-07-11 21:17:05 | INFO | trading.live_price_tracker:_save_post_exit_range:226 | live_post_exit_tracker saved | {'trade_id': '66bb5835-d50d-4cdd-843e-21758a3b3a44', 'high': 0.2631, 'low': 0.25731}
2026-07-11 21:17:06 | INFO | __main__:_trigger_loop:357 | Trigger activated | {'symbol': 'XPINUSDT'}
2026-07-11 21:17:07 | INFO | __main__:_run_phase1:575 | Replaced old monitor with closer level | {'symbol': 'XPINUSDT', 'old': 0.001894, 'new': 0.001919}
2026-07-11 21:17:07 | INFO | __main__:_monitored:798 | Monitor cancelled | {'symbol': 'XPINUSDT', 'level': 0.001894}
2026-07-11 21:17:07 | INFO | __main__:_run_phase1:601 | Level broken in recent candles, skipping monitor | {'symbol': 'XPINUSDT', 'level': 0.001919, 'close_below': 8}
2026-07-11 21:18:23 | INFO | __main__:_proximity_loop:1258 | Proximity alert sent | {'symbol': 'VELVETUSDT', 'level': 0.43755, 'distance_pct': 1.9825268817204356}
2026-07-11 21:18:23 | INFO | trading.strategy2_signal_filter:check:493 | S2 skip: approach>=block (G3, level exhausted) | {'symbol': 'VELVETUSDT', 'level': 0.43755, 'approach_count': 7, 'block_threshold': 4}
2026-07-11 21:18:23 | INFO | trading.strategy2_signal_filter:check:505 | S2: level marked dead, monitor will stop sending proximity | {'symbol': 'VELVETUSDT', 'level': 0.43755, 'approach_count': 7}
2026-07-11 21:18:38 | INFO | trading.strategy2_signal_filter:check:493 | S2 skip: approach>=block (G3, level exhausted) | {'symbol': 'VELVETUSDT', 'level': 0.43755, 'approach_count': 7, 'block_threshold': 4}
2026-07-11 21:18:53 | INFO | trading.strategy2_signal_filter:check:493 | S2 skip: approach>=block (G3, level exhausted) | {'symbol': 'VELVETUSDT', 'level': 0.43755, 'approach_count': 7, 'block_threshold': 4}
2026-07-11 21:19:08 | INFO | trading.strategy2_signal_filter:check:493 | S2 skip: approach>=block (G3, level exhausted) | {'symbol': 'VELVETUSDT', 'level': 0.43755, 'approach_count': 7, 'block_threshold': 4}
2026-07-11 21:19:24 | INFO | trading.strategy2_signal_filter:check:493 | S2 skip: approach>=block (G3, level exhausted) | {'symbol': 'VELVETUSDT', 'level': 0.43755, 'approach_count': 6, 'block_threshold': 4}
2026-07-11 21:19:29 | INFO | trading.strategy2_signal_filter:check:641 | S2 market phase | {'symbol': 'CLOUSDT', 'phase': 'bleed', 'note': 'bleed:bq=0.45,dir_eff=0.03'}
2026-07-11 21:19:29 | INFO | trading.strategy2_signal_filter:check:641 | S2 market phase | {'symbol': 'CLOUSDT', 'phase': 'bleed', 'note': 'bleed:bq=0.45,dir_eff=0.03'}
2026-07-11 21:19:34 | INFO | trading.strategy2_signal_filter:check:641 | S2 market phase | {'symbol': 'CLOUSDT', 'phase': 'bleed', 'note': 'bleed:bq=0.45,dir_eff=0.03'}
2026-07-11 21:19:39 | INFO | trading.strategy2_signal_filter:check:641 | S2 market phase | {'symbol': 'CLOUSDT', 'phase': 'bleed', 'note': 'bleed:bq=0.45,dir_eff=0.03'}
2026-07-11 21:19:39 | INFO | trading.strategy2_signal_filter:check:493 | S2 skip: approach>=block (G3, level exhausted) | {'symbol': 'VELVETUSDT', 'level': 0.43755, 'approach_count': 6, 'block_threshold': 4}
2026-07-11 21:19:44 | INFO | trading.strategy2_signal_filter:check:641 | S2 market phase | {'symbol': 'CLOUSDT', 'phase': 'bleed', 'note': 'bleed:bq=0.45,dir_eff=0.03'}
2026-07-11 21:19:44 | INFO | trading.strategy2_signal_filter:check:641 | S2 market phase | {'symbol': 'CLOUSDT', 'phase': 'bleed', 'note': 'bleed:bq=0.45,dir_eff=0.03'}
2026-07-11 21:19:49 | INFO | trading.strategy2_signal_filter:check:641 | S2 market phase | {'symbol': 'CLOUSDT', 'phase': 'bleed', 'note': 'bleed:bq=0.45,dir_eff=0.03'}
2026-07-11 21:19:54 | INFO | trading.strategy2_signal_filter:check:641 | S2 market phase | {'symbol': 'CLOUSDT', 'phase': 'bleed', 'note': 'bleed:bq=0.45,dir_eff=0.03'}
2026-07-11 21:19:54 | INFO | trading.strategy2_signal_filter:check:493 | S2 skip: approach>=block (G3, level exhausted) | {'symbol': 'VELVETUSDT', 'level': 0.43755, 'approach_count': 6, 'block_threshold': 4}
2026-07-11 21:20:00 | INFO | trading.strategy2_signal_filter:check:641 | S2 market phase | {'symbol': 'CLOUSDT', 'phase': 'bleed', 'note': 'bleed:bq=0.45,dir_eff=0.03'}
2026-07-11 21:20:00 | INFO | trading.strategy2_signal_filter:check:641 | S2 market phase | {'symbol': 'CLOUSDT', 'phase': 'bleed', 'note': 'bleed:bq=0.45,dir_eff=0.03'}
2026-07-11 21:20:05 | INFO | trading.strategy2_signal_filter:check:641 | S2 market phase | {'symbol': 'CLOUSDT', 'phase': 'bleed', 'note': 'bleed:bq=0.45,dir_eff=0.03'}
2026-07-11 21:20:10 | INFO | trading.strategy2_signal_filter:check:641 | S2 market phase | {'symbol': 'CLOUSDT', 'phase': 'bleed', 'note': 'bleed:bq=0.45,dir_eff=0.03'}
2026-07-11 21:20:10 | INFO | trading.strategy2_signal_filter:check:493 | S2 skip: approach>=block (G3, level exhausted) | {'symbol': 'VELVETUSDT', 'level': 0.43755, 'approach_count': 6, 'block_threshold': 4}
2026-07-11 21:20:15 | INFO | trading.strategy2_signal_filter:check:641 | S2 market phase | {'symbol': 'CLOUSDT', 'phase': 'bleed', 'note': 'bleed:bq=0.45,dir_eff=0.01'}
2026-07-11 21:20:15 | INFO | trading.strategy2_signal_filter:check:641 | S2 market phase | {'symbol': 'CLOUSDT', 'phase': 'bleed', 'note': 'bleed:bq=0.45,dir_eff=0.01'}
2026-07-11 21:20:20 | INFO | trading.strategy2_signal_filter:check:641 | S2 market phase | {'symbol': 'CLOUSDT', 'phase': 'bleed', 'note': 'bleed:bq=0.45,dir_eff=0.01'}
2026-07-11 21:20:25 | INFO | trading.strategy2_signal_filter:check:641 | S2 market phase | {'symbol': 'CLOUSDT', 'phase': 'bleed', 'note': 'bleed:bq=0.45,dir_eff=0.01'}
2026-07-11 21:20:25 | INFO | trading.strategy2_signal_filter:check:493 | S2 skip: approach>=block (G3, level exhausted) | {'symbol': 'VELVETUSDT', 'level': 0.43755, 'approach_count': 5, 'block_threshold': 4}
2026-07-11 21:20:30 | INFO | trading.strategy2_signal_filter:check:641 | S2 market phase | {'symbol': 'CLOUSDT', 'phase': 'bleed', 'note': 'bleed:bq=0.45,dir_eff=0.00'}
2026-07-11 21:20:40 | INFO | trading.strategy2_signal_filter:check:641 | S2 market phase | {'symbol': 'CLOUSDT', 'phase': 'bleed', 'note': 'bleed:bq=0.45,dir_eff=0.01'}
2026-07-11 21:20:40 | INFO | trading.strategy2_signal_filter:check:493 | S2 skip: approach>=block (G3, level exhausted) | {'symbol': 'VELVETUSDT', 'level': 0.43755, 'approach_count': 5, 'block_threshold': 4}
2026-07-11 21:20:45 | INFO | trading.strategy2_signal_filter:check:641 | S2 market phase | {'symbol': 'CLOUSDT', 'phase': 'bleed', 'note': 'bleed:bq=0.45,dir_eff=0.01'}
2026-07-11 21:20:45 | INFO | trading.strategy2_signal_filter:check:641 | S2 market phase | {'symbol': 'CLOUSDT', 'phase': 'bleed', 'note': 'bleed:bq=0.45,dir_eff=0.01'}
2026-07-11 21:20:50 | INFO | trading.strategy2_signal_filter:check:641 | S2 market phase | {'symbol': 'CLOUSDT', 'phase': 'bleed', 'note': 'bleed:bq=0.45,dir_eff=0.01'}
2026-07-11 21:20:56 | INFO | trading.strategy2_signal_filter:check:493 | S2 skip: approach>=block (G3, level exhausted) | {'symbol': 'VELVETUSDT', 'level': 0.43755, 'approach_count': 5, 'block_threshold': 4}
2026-07-11 21:21:01 | INFO | trading.strategy2_signal_filter:check:641 | S2 market phase | {'symbol': 'CLOUSDT', 'phase': 'bleed', 'note': 'bleed:bq=0.45,dir_eff=0.00'}
2026-07-11 21:21:11 | INFO | trading.strategy2_signal_filter:check:493 | S2 skip: approach>=block (G3, level exhausted) | {'symbol': 'VELVETUSDT', 'level': 0.43755, 'approach_count': 5, 'block_threshold': 4}
2026-07-11 21:21:26 | INFO | trading.strategy2_signal_filter:check:493 | S2 skip: approach>=block (G3, level exhausted) | {'symbol': 'VELVETUSDT', 'level': 0.43755, 'approach_count': 6, 'block_threshold': 4}
2026-07-11 21:21:42 | INFO | trading.strategy2_signal_filter:check:493 | S2 skip: approach>=block (G3, level exhausted) | {'symbol': 'VELVETUSDT', 'level': 0.43755, 'approach_count': 6, 'block_threshold': 4}
2026-07-11 21:21:52 | INFO | __main__:_proximity_loop:1381 | Weak level touch resolved | {'symbol': 'VELVETUSDT', 'level': 0.44237, 'event': 'bounce', 'fill_depth': 0.10624590275108403}
2026-07-11 21:21:57 | INFO | trading.strategy2_signal_filter:check:493 | S2 skip: approach>=block (G3, level exhausted) | {'symbol': 'VELVETUSDT', 'level': 0.43755, 'approach_count': 6, 'block_threshold': 4}
2026-07-11 21:22:07 | INFO | trading.strategy2_signal_filter:check:641 | S2 market phase | {'symbol': 'CLOUSDT', 'phase': 'unknown', 'note': 'unknown:range=5.3%,dir_eff=0.01'}
2026-07-11 21:22:12 | INFO | trading.strategy2_signal_filter:check:493 | S2 skip: approach>=block (G3, level exhausted) | {'symbol': 'VELVETUSDT', 'level': 0.43755, 'approach_count': 6, 'block_threshold': 4}
2026-07-11 21:22:27 | INFO | trading.strategy2_signal_filter:check:493 | S2 skip: approach>=block (G3, level exhausted) | {'symbol': 'VELVETUSDT', 'level': 0.43755, 'approach_count': 6, 'block_threshold': 4}
2026-07-11 21:22:43 | INFO | trading.strategy2_signal_filter:check:493 | S2 skip: approach>=block (G3, level exhausted) | {'symbol': 'VELVETUSDT', 'level': 0.43755, 'approach_count': 6, 'block_threshold': 4}
2026-07-11 21:22:58 | INFO | trading.strategy2_signal_filter:check:493 | S2 skip: approach>=block (G3, level exhausted) | {'symbol': 'VELVETUSDT', 'level': 0.43755, 'approach_count': 6, 'block_threshold': 4}
2026-07-11 21:23:13 | INFO | trading.strategy2_signal_filter:check:493 | S2 skip: approach>=block (G3, level exhausted) | {'symbol': 'VELVETUSDT', 'level': 0.43755, 'approach_count': 6, 'block_threshold': 4}
2026-07-11 21:23:29 | INFO | trading.strategy2_signal_filter:check:493 | S2 skip: approach>=block (G3, level exhausted) | {'symbol': 'VELVETUSDT', 'level': 0.43755, 'approach_count': 6, 'block_threshold': 4}
2026-07-11 21:23:44 | INFO | trading.strategy2_signal_filter:check:493 | S2 skip: approach>=block (G3, level exhausted) | {'symbol': 'VELVETUSDT', 'level': 0.43755, 'approach_count': 6, 'block_threshold': 4}
2026-07-11 21:23:59 | INFO | trading.strategy2_signal_filter:check:493 | S2 skip: approach>=block (G3, level exhausted) | {'symbol': 'VELVETUSDT', 'level': 0.43755, 'approach_count': 6, 'block_threshold': 4}
2026-07-11 21:24:15 | INFO | trading.strategy2_signal_filter:check:493 | S2 skip: approach>=block (G3, level exhausted) | {'symbol': 'VELVETUSDT', 'level': 0.43755, 'approach_count': 5, 'block_threshold': 4}
2026-07-11 21:24:30 | INFO | trading.strategy2_signal_filter:check:493 | S2 skip: approach>=block (G3, level exhausted) | {'symbol': 'VELVETUSDT', 'level': 0.43755, 'approach_count': 5, 'block_threshold': 4}
2026-07-11 21:24:45 | INFO | trading.strategy2_signal_filter:check:493 | S2 skip: approach>=block (G3, level exhausted) | {'symbol': 'VELVETUSDT', 'level': 0.43755, 'approach_count': 5, 'block_threshold': 4}
2026-07-11 21:25:00 | INFO | trading.strategy2_signal_filter:check:493 | S2 skip: approach>=block (G3, level exhausted) | {'symbol': 'VELVETUSDT', 'level': 0.43755, 'approach_count': 5, 'block_threshold': 4}
2026-07-11 21:25:16 | INFO | trading.strategy2_signal_filter:check:493 | S2 skip: approach>=block (G3, level exhausted) | {'symbol': 'VELVETUSDT', 'level': 0.43755, 'approach_count': 5, 'block_threshold': 4}
2026-07-11 21:25:21 | INFO | __main__:_proximity_loop:1381 | Weak level touch resolved | {'symbol': 'VELVETUSDT', 'level': 0.44237, 'event': 'bounce', 'fill_depth': 0.0}
2026-07-11 21:25:41 | INFO | trading.strategy2_signal_filter:check:493 | S2 skip: approach>=block (G3, level exhausted) | {'symbol': 'VELVETUSDT', 'level': 0.43755, 'approach_count': 5, 'block_threshold': 4}
2026-07-11 21:25:57 | INFO | trading.strategy2_signal_filter:check:493 | S2 skip: approach>=block (G3, level exhausted) | {'symbol': 'VELVETUSDT', 'level': 0.43755, 'approach_count': 5, 'block_threshold': 4}
2026-07-11 21:26:12 | INFO | trading.strategy2_signal_filter:check:493 | S2 skip: approach>=block (G3, level exhausted) | {'symbol': 'VELVETUSDT', 'level': 0.43755, 'approach_count': 5, 'block_threshold': 4}
2026-07-11 21:26:27 | INFO | trading.strategy2_signal_filter:check:493 | S2 skip: approach>=block (G3, level exhausted) | {'symbol': 'VELVETUSDT', 'level': 0.43755, 'approach_count': 5, 'block_threshold': 4}
2026-07-11 21:26:42 | INFO | trading.strategy2_signal_filter:check:493 | S2 skip: approach>=block (G3, level exhausted) | {'symbol': 'VELVETUSDT', 'level': 0.43755, 'approach_count': 5, 'block_threshold': 4}
2026-07-11 21:26:58 | INFO | trading.strategy2_signal_filter:check:493 | S2 skip: approach>=block (G3, level exhausted) | {'symbol': 'VELVETUSDT', 'level': 0.43755, 'approach_count': 5, 'block_threshold': 4}
2026-07-11 21:27:13 | INFO | trading.strategy2_signal_filter:check:493 | S2 skip: approach>=block (G3, level exhausted) | {'symbol': 'VELVETUSDT', 'level': 0.43755, 'approach_count': 5, 'block_threshold': 4}
2026-07-11 21:29:58 | INFO | __main__:_proximity_arm_loop:1948 | proximity-arm activated | {'symbol': 'SXTUSDT', 'level': 0.00923, 'type': 'pump_base', 'strength': 5, 'dist_atr': 3.43}
2026-07-11 21:30:42 | INFO | trading.strategy2_signal_filter:check:493 | S2 skip: approach>=block (G3, level exhausted) | {'symbol': 'VELVETUSDT', 'level': 0.43755, 'approach_count': 5, 'block_threshold': 4}
2026-07-11 21:30:57 | INFO | trading.strategy2_signal_filter:check:493 | S2 skip: approach>=block (G3, level exhausted) | {'symbol': 'VELVETUSDT', 'level': 0.43755, 'approach_count': 5, 'block_threshold': 4}
2026-07-11 21:31:13 | INFO | trading.strategy2_signal_filter:check:493 | S2 skip: approach>=block (G3, level exhausted) | {'symbol': 'VELVETUSDT', 'level': 0.43755, 'approach_count': 5, 'block_threshold': 4}
2026-07-11 21:31:28 | INFO | trading.strategy2_signal_filter:check:493 | S2 skip: approach>=block (G3, level exhausted) | {'symbol': 'VELVETUSDT', 'level': 0.43755, 'approach_count': 5, 'block_threshold': 4}
2026-07-11 21:31:43 | INFO | trading.strategy2_signal_filter:check:493 | S2 skip: approach>=block (G3, level exhausted) | {'symbol': 'VELVETUSDT', 'level': 0.43755, 'approach_count': 5, 'block_threshold': 4}
2026-07-11 21:31:58 | INFO | trading.strategy2_signal_filter:check:493 | S2 skip: approach>=block (G3, level exhausted) | {'symbol': 'VELVETUSDT', 'level': 0.43755, 'approach_count': 5, 'block_threshold': 4}
2026-07-11 21:32:14 | INFO | trading.strategy2_signal_filter:check:493 | S2 skip: approach>=block (G3, level exhausted) | {'symbol': 'VELVETUSDT', 'level': 0.43755, 'approach_count': 5, 'block_threshold': 4}
2026-07-11 21:37:30 | INFO | trading.price_tracker:_save_post_exit_range:187 | post_exit_tracker saved | {'trade_id': 'fcd78bdc-67c6-4964-931a-935b5f3f4044', 'high': 0.009628, 'low': 0.009401}
2026-07-11 21:37:35 | INFO | trading.strategy2_signal_filter:check:493 | S2 skip: approach>=block (G3, level exhausted) | {'symbol': 'VELVETUSDT', 'level': 0.43755, 'approach_count': 5, 'block_threshold': 4}
2026-07-11 21:37:50 | INFO | trading.strategy2_signal_filter:check:641 | S2 market phase | {'symbol': 'CLOUSDT', 'phase': 'flat', 'note': 'flat:range=3.7%,dir_eff=0.01'}
2026-07-11 21:37:50 | INFO | trading.strategy2_signal_filter:check:856 | S2: SL adjusted to minimum distance | {'symbol': 'CLOUSDT', 'min_dist_pct': 0.296, 'stop_loss': 0.25431514}
2026-07-11 21:37:50 | INFO | trading.strategy2_signal_filter:check:872 | S2: SL moved below grid_bottom (was inside grid) | {'symbol': 'CLOUSDT', 'grid_bottom': 0.25424149, 'stop_loss': 0.25376971}
2026-07-11 21:37:50 | INFO | trading.strategy2_signal_filter:check:493 | S2 skip: approach>=block (G3, level exhausted) | {'symbol': 'VELVETUSDT', 'level': 0.43755, 'approach_count': 5, 'block_threshold': 4}
2026-07-11 21:37:50 | INFO | trading.strategy2_signal_filter:check:641 | S2 market phase | {'symbol': 'CLOUSDT', 'phase': 'flat', 'note': 'flat:range=3.7%,dir_eff=0.01'}
2026-07-11 21:37:50 | INFO | trading.strategy2_signal_filter:check:856 | S2: SL adjusted to minimum distance | {'symbol': 'CLOUSDT', 'min_dist_pct': 0.325, 'stop_loss': 0.25424143}
2026-07-11 21:37:50 | INFO | trading.strategy2_signal_filter:check:872 | S2: SL moved below grid_bottom (was inside grid) | {'symbol': 'CLOUSDT', 'grid_bottom': 0.25401113, 'stop_loss': 0.25349328}
2026-07-11 21:37:55 | INFO | trading.strategy2_signal_filter:check:641 | S2 market phase | {'symbol': 'CLOUSDT', 'phase': 'flat', 'note': 'flat:range=3.7%,dir_eff=0.01'}
2026-07-11 21:37:55 | INFO | trading.strategy2_signal_filter:check:856 | S2: SL adjusted to minimum distance | {'symbol': 'CLOUSDT', 'min_dist_pct': 0.296, 'stop_loss': 0.25431514}
2026-07-11 21:37:55 | INFO | trading.strategy2_signal_filter:check:872 | S2: SL moved below grid_bottom (was inside grid) | {'symbol': 'CLOUSDT', 'grid_bottom': 0.25424149, 'stop_loss': 0.25376971}
2026-07-11 21:38:01 | INFO | trading.strategy2_signal_filter:check:641 | S2 market phase | {'symbol': 'CLOUSDT', 'phase': 'flat', 'note': 'flat:range=3.7%,dir_eff=0.02'}
2026-07-11 21:38:01 | INFO | trading.strategy2_signal_filter:check:856 | S2: SL adjusted to minimum distance | {'symbol': 'CLOUSDT', 'min_dist_pct': 0.296, 'stop_loss': 0.25431514}
2026-07-11 21:38:01 | INFO | trading.strategy2_signal_filter:check:872 | S2: SL moved below grid_bottom (was inside grid) | {'symbol': 'CLOUSDT', 'grid_bottom': 0.25424149, 'stop_loss': 0.25376971}
2026-07-11 21:38:06 | INFO | trading.strategy2_signal_filter:check:641 | S2 market phase | {'symbol': 'CLOUSDT', 'phase': 'flat', 'note': 'flat:range=3.7%,dir_eff=0.02'}
2026-07-11 21:38:06 | INFO | trading.strategy2_signal_filter:check:856 | S2: SL adjusted to minimum distance | {'symbol': 'CLOUSDT', 'min_dist_pct': 0.296, 'stop_loss': 0.25431514}
2026-07-11 21:38:06 | INFO | trading.strategy2_signal_filter:check:872 | S2: SL moved below grid_bottom (was inside grid) | {'symbol': 'CLOUSDT', 'grid_bottom': 0.25424149, 'stop_loss': 0.25376971}
2026-07-11 21:38:06 | INFO | trading.strategy2_signal_filter:check:493 | S2 skip: approach>=block (G3, level exhausted) | {'symbol': 'VELVETUSDT', 'level': 0.43755, 'approach_count': 4, 'block_threshold': 4}
2026-07-11 21:38:06 | INFO | trading.strategy2_signal_filter:check:641 | S2 market phase | {'symbol': 'CLOUSDT', 'phase': 'flat', 'note': 'flat:range=3.7%,dir_eff=0.02'}
2026-07-11 21:38:06 | INFO | trading.strategy2_signal_filter:check:856 | S2: SL adjusted to minimum distance | {'symbol': 'CLOUSDT', 'min_dist_pct': 0.331, 'stop_loss': 0.25422486}
2026-07-11 21:38:06 | INFO | trading.strategy2_signal_filter:check:872 | S2: SL moved below grid_bottom (was inside grid) | {'symbol': 'CLOUSDT', 'grid_bottom': 0.25395935, 'stop_loss': 0.25343113}
2026-07-11 21:38:11 | INFO | trading.strategy2_signal_filter:check:641 | S2 market phase | {'symbol': 'CLOUSDT', 'phase': 'flat', 'note': 'flat:range=3.7%,dir_eff=0.02'}
2026-07-11 21:38:11 | INFO | trading.strategy2_signal_filter:check:856 | S2: SL adjusted to minimum distance | {'symbol': 'CLOUSDT', 'min_dist_pct': 0.296, 'stop_loss': 0.25431514}
2026-07-11 21:38:11 | INFO | trading.strategy2_signal_filter:check:872 | S2: SL moved below grid_bottom (was inside grid) | {'symbol': 'CLOUSDT', 'grid_bottom': 0.25424149, 'stop_loss': 0.25376971}
2026-07-11 21:38:16 | INFO | trading.strategy2_signal_filter:check:641 | S2 market phase | {'symbol': 'CLOUSDT', 'phase': 'flat', 'note': 'flat:range=3.7%,dir_eff=0.02'}
2026-07-11 21:38:16 | INFO | trading.strategy2_signal_filter:check:856 | S2: SL adjusted to minimum distance | {'symbol': 'CLOUSDT', 'min_dist_pct': 0.296, 'stop_loss': 0.25431514}
2026-07-11 21:38:16 | INFO | trading.strategy2_signal_filter:check:872 | S2: SL moved below grid_bottom (was inside grid) | {'symbol': 'CLOUSDT', 'grid_bottom': 0.25424149, 'stop_loss': 0.25376971}
2026-07-11 21:38:21 | INFO | trading.strategy2_signal_filter:check:641 | S2 market phase | {'symbol': 'CLOUSDT', 'phase': 'flat', 'note': 'flat:range=3.7%,dir_eff=0.02'}
2026-07-11 21:38:21 | INFO | trading.strategy2_signal_filter:check:856 | S2: SL adjusted to minimum distance | {'symbol': 'CLOUSDT', 'min_dist_pct': 0.296, 'stop_loss': 0.25431514}
2026-07-11 21:38:21 | INFO | trading.strategy2_signal_filter:check:872 | S2: SL moved below grid_bottom (was inside grid) | {'symbol': 'CLOUSDT', 'grid_bottom': 0.25424149, 'stop_loss': 0.25376971}
2026-07-11 21:38:21 | INFO | trading.strategy2_signal_filter:check:493 | S2 skip: approach>=block (G3, level exhausted) | {'symbol': 'VELVETUSDT', 'level': 0.43755, 'approach_count': 5, 'block_threshold': 4}
2026-07-11 21:38:21 | INFO | trading.strategy2_signal_filter:check:641 | S2 market phase | {'symbol': 'CLOUSDT', 'phase': 'flat', 'note': 'flat:range=3.7%,dir_eff=0.02'}
2026-07-11 21:38:21 | INFO | trading.strategy2_signal_filter:check:856 | S2: SL adjusted to minimum distance | {'symbol': 'CLOUSDT', 'min_dist_pct': 0.323, 'stop_loss': 0.25424657}
2026-07-11 21:38:21 | INFO | trading.strategy2_signal_filter:check:872 | S2: SL moved below grid_bottom (was inside grid) | {'symbol': 'CLOUSDT', 'grid_bottom': 0.25402721, 'stop_loss': 0.25351256}
2026-07-11 21:38:26 | INFO | trading.strategy2_signal_filter:check:641 | S2 market phase | {'symbol': 'CLOUSDT', 'phase': 'flat', 'note': 'flat:range=3.7%,dir_eff=0.02'}
2026-07-11 21:38:26 | INFO | trading.strategy2_signal_filter:check:856 | S2: SL adjusted to minimum distance | {'symbol': 'CLOUSDT', 'min_dist_pct': 0.296, 'stop_loss': 0.25431514}
2026-07-11 21:38:26 | INFO | trading.strategy2_signal_filter:check:872 | S2: SL moved below grid_bottom (was inside grid) | {'symbol': 'CLOUSDT', 'grid_bottom': 0.25424149, 'stop_loss': 0.25376971}
2026-07-11 21:38:31 | INFO | trading.strategy2_signal_filter:check:641 | S2 market phase | {'symbol': 'CLOUSDT', 'phase': 'flat', 'note': 'flat:range=3.7%,dir_eff=0.02'}
2026-07-11 21:38:31 | INFO | trading.strategy2_signal_filter:check:856 | S2: SL adjusted to minimum distance | {'symbol': 'CLOUSDT', 'min_dist_pct': 0.296, 'stop_loss': 0.25431514}
2026-07-11 21:38:31 | INFO | trading.strategy2_signal_filter:check:872 | S2: SL moved below grid_bottom (was inside grid) | {'symbol': 'CLOUSDT', 'grid_bottom': 0.25424149, 'stop_loss': 0.25376971}
2026-07-11 21:38:36 | INFO | trading.strategy2_signal_filter:check:641 | S2 market phase | {'symbol': 'CLOUSDT', 'phase': 'flat', 'note': 'flat:range=3.7%,dir_eff=0.02'}
2026-07-11 21:38:36 | INFO | trading.strategy2_signal_filter:check:856 | S2: SL adjusted to minimum distance | {'symbol': 'CLOUSDT', 'min_dist_pct': 0.296, 'stop_loss': 0.25431514}
2026-07-11 21:38:36 | INFO | trading.strategy2_signal_filter:check:872 | S2: SL moved below grid_bottom (was inside grid) | {'symbol': 'CLOUSDT', 'grid_bottom': 0.25424149, 'stop_loss': 0.25376971}
2026-07-11 21:38:36 | INFO | trading.strategy2_signal_filter:check:493 | S2 skip: approach>=block (G3, level exhausted) | {'symbol': 'VELVETUSDT', 'level': 0.43755, 'approach_count': 5, 'block_threshold': 4}
2026-07-11 21:38:36 | INFO | trading.strategy2_signal_filter:check:641 | S2 market phase | {'symbol': 'CLOUSDT', 'phase': 'flat', 'note': 'flat:range=3.7%,dir_eff=0.02'}
2026-07-11 21:38:36 | INFO | trading.strategy2_signal_filter:check:856 | S2: SL adjusted to minimum distance | {'symbol': 'CLOUSDT', 'min_dist_pct': 0.323, 'stop_loss': 0.25424543}
2026-07-11 21:38:36 | INFO | trading.strategy2_signal_filter:check:872 | S2: SL moved below grid_bottom (was inside grid) | {'symbol': 'CLOUSDT', 'grid_bottom': 0.25402363, 'stop_loss': 0.25350828}
2026-07-11 21:38:41 | INFO | trading.strategy2_signal_filter:check:641 | S2 market phase | {'symbol': 'CLOUSDT', 'phase': 'flat', 'note': 'flat:range=3.7%,dir_eff=0.02'}
2026-07-11 21:38:41 | INFO | trading.strategy2_signal_filter:check:856 | S2: SL adjusted to minimum distance | {'symbol': 'CLOUSDT', 'min_dist_pct': 0.296, 'stop_loss': 0.25431514}
2026-07-11 21:38:41 | INFO | trading.strategy2_signal_filter:check:872 | S2: SL moved below grid_bottom (was inside grid) | {'symbol': 'CLOUSDT', 'grid_bottom': 0.25424149, 'stop_loss': 0.25376971}
2026-07-11 21:38:46 | INFO | trading.strategy2_signal_filter:check:641 | S2 market phase | {'symbol': 'CLOUSDT', 'phase': 'flat', 'note': 'flat:range=3.7%,dir_eff=0.02'}
2026-07-11 21:38:46 | INFO | trading.strategy2_signal_filter:check:856 | S2: SL adjusted to minimum distance | {'symbol': 'CLOUSDT', 'min_dist_pct': 0.296, 'stop_loss': 0.25431514}
2026-07-11 21:38:46 | INFO | trading.strategy2_signal_filter:check:872 | S2: SL moved below grid_bottom (was inside grid) | {'symbol': 'CLOUSDT', 'grid_bottom': 0.25424149, 'stop_loss': 0.25376971}
2026-07-11 21:38:51 | INFO | trading.strategy2_signal_filter:check:641 | S2 market phase | {'symbol': 'CLOUSDT', 'phase': 'flat', 'note': 'flat:range=3.7%,dir_eff=0.02'}
2026-07-11 21:38:51 | INFO | trading.strategy2_signal_filter:check:856 | S2: SL adjusted to minimum distance | {'symbol': 'CLOUSDT', 'min_dist_pct': 0.296, 'stop_loss': 0.25431514}
2026-07-11 21:38:51 | INFO | trading.strategy2_signal_filter:check:872 | S2: SL moved below grid_bottom (was inside grid) | {'symbol': 'CLOUSDT', 'grid_bottom': 0.25424149, 'stop_loss': 0.25376971}
2026-07-11 21:38:51 | INFO | trading.strategy2_signal_filter:check:493 | S2 skip: approach>=block (G3, level exhausted) | {'symbol': 'VELVETUSDT', 'level': 0.43755, 'approach_count': 5, 'block_threshold': 4}
2026-07-11 21:38:51 | INFO | trading.strategy2_signal_filter:check:641 | S2 market phase | {'symbol': 'CLOUSDT', 'phase': 'flat', 'note': 'flat:range=3.7%,dir_eff=0.02'}
2026-07-11 21:38:51 | INFO | trading.strategy2_signal_filter:check:856 | S2: SL adjusted to minimum distance | {'symbol': 'CLOUSDT', 'min_dist_pct': 0.324, 'stop_loss': 0.25424314}
2026-07-11 21:38:51 | INFO | trading.strategy2_signal_filter:check:872 | S2: SL moved below grid_bottom (was inside grid) | {'symbol': 'CLOUSDT', 'grid_bottom': 0.25401649, 'stop_loss': 0.25349971}
2026-07-11 21:38:57 | INFO | trading.strategy2_signal_filter:check:641 | S2 market phase | {'symbol': 'CLOUSDT', 'phase': 'flat', 'note': 'flat:range=3.7%,dir_eff=0.02'}
2026-07-11 21:38:57 | INFO | trading.strategy2_signal_filter:check:856 | S2: SL adjusted to minimum distance | {'symbol': 'CLOUSDT', 'min_dist_pct': 0.296, 'stop_loss': 0.25431514}
2026-07-11 21:38:57 | INFO | trading.strategy2_signal_filter:check:872 | S2: SL moved below grid_bottom (was inside grid) | {'symbol': 'CLOUSDT', 'grid_bottom': 0.25424149, 'stop_loss': 0.25376971}
2026-07-11 21:39:02 | INFO | trading.strategy2_signal_filter:check:641 | S2 market phase | {'symbol': 'CLOUSDT', 'phase': 'flat', 'note': 'flat:range=3.7%,dir_eff=0.02'}
2026-07-11 21:39:02 | INFO | trading.strategy2_signal_filter:check:856 | S2: SL adjusted to minimum distance | {'symbol': 'CLOUSDT', 'min_dist_pct': 0.296, 'stop_loss': 0.25431514}
2026-07-11 21:39:02 | INFO | trading.strategy2_signal_filter:check:872 | S2: SL moved below grid_bottom (was inside grid) | {'symbol': 'CLOUSDT', 'grid_bottom': 0.25424149, 'stop_loss': 0.25376971}
2026-07-11 21:39:07 | INFO | trading.strategy2_signal_filter:check:493 | S2 skip: approach>=block (G3, level exhausted) | {'symbol': 'VELVETUSDT', 'level': 0.43755, 'approach_count': 5, 'block_threshold': 4}
2026-07-11 21:39:22 | INFO | trading.strategy2_signal_filter:check:493 | S2 skip: approach>=block (G3, level exhausted) | {'symbol': 'VELVETUSDT', 'level': 0.43755, 'approach_count': 5, 'block_threshold': 4}
2026-07-11 21:39:37 | INFO | __main__:_proximity_loop:1381 | Weak level touch resolved | {'symbol': 'VELVETUSDT', 'level': 0.44237, 'event': 'bounce', 'fill_depth': 0.0}
2026-07-11 21:39:37 | INFO | trading.strategy2_signal_filter:check:493 | S2 skip: approach>=block (G3, level exhausted) | {'symbol': 'VELVETUSDT', 'level': 0.43755, 'approach_count': 5, 'block_threshold': 4}
2026-07-11 21:39:53 | INFO | trading.strategy2_signal_filter:check:493 | S2 skip: approach>=block (G3, level exhausted) | {'symbol': 'VELVETUSDT', 'level': 0.43755, 'approach_count': 5, 'block_threshold': 4}
2026-07-11 21:39:58 | INFO | __main__:_proximity_arm_loop:1948 | proximity-arm activated | {'symbol': 'BEATUSDT', 'level': 2.271, 'type': 'pump_base', 'strength': 5, 'dist_atr': 2.49}
2026-07-11 21:39:58 | INFO | __main__:_run_phase1:414 | Pump degraded, skipping monitoring | {'symbol': 'BEATUSDT', 'health': 40, 'broken': 0, 'correction': '162%'}
2026-07-11 21:40:08 | INFO | trading.strategy2_signal_filter:check:493 | S2 skip: approach>=block (G3, level exhausted) | {'symbol': 'VELVETUSDT', 'level': 0.43755, 'approach_count': 5, 'block_threshold': 4}
2026-07-11 21:40:23 | INFO | trading.strategy2_signal_filter:check:493 | S2 skip: approach>=block (G3, level exhausted) | {'symbol': 'VELVETUSDT', 'level': 0.43755, 'approach_count': 5, 'block_threshold': 4}
2026-07-11 21:40:38 | INFO | trading.strategy2_signal_filter:check:493 | S2 skip: approach>=block (G3, level exhausted) | {'symbol': 'VELVETUSDT', 'level': 0.43755, 'approach_count': 5, 'block_threshold': 4}
2026-07-11 21:40:54 | INFO | trading.strategy2_signal_filter:check:493 | S2 skip: approach>=block (G3, level exhausted) | {'symbol': 'VELVETUSDT', 'level': 0.43755, 'approach_count': 4, 'block_threshold': 4}
2026-07-11 21:41:09 | INFO | trading.strategy2_signal_filter:check:493 | S2 skip: approach>=block (G3, level exhausted) | {'symbol': 'VELVETUSDT', 'level': 0.43755, 'approach_count': 4, 'block_threshold': 4}
2026-07-11 21:41:24 | INFO | trading.strategy2_signal_filter:check:493 | S2 skip: approach>=block (G3, level exhausted) | {'symbol': 'VELVETUSDT', 'level': 0.43755, 'approach_count': 4, 'block_threshold': 4}
2026-07-11 21:41:40 | INFO | trading.strategy2_signal_filter:check:493 | S2 skip: approach>=block (G3, level exhausted) | {'symbol': 'VELVETUSDT', 'level': 0.43755, 'approach_count': 4, 'block_threshold': 4}
2026-07-11 21:41:55 | INFO | trading.strategy2_signal_filter:check:493 | S2 skip: approach>=block (G3, level exhausted) | {'symbol': 'VELVETUSDT', 'level': 0.43755, 'approach_count': 4, 'block_threshold': 4}
2026-07-11 21:42:10 | INFO | trading.strategy2_signal_filter:check:493 | S2 skip: approach>=block (G3, level exhausted) | {'symbol': 'VELVETUSDT', 'level': 0.43755, 'approach_count': 4, 'block_threshold': 4}
2026-07-11 21:42:26 | INFO | trading.strategy2_signal_filter:check:493 | S2 skip: approach>=block (G3, level exhausted) | {'symbol': 'VELVETUSDT', 'level': 0.43755, 'approach_count': 4, 'block_threshold': 4}
2026-07-11 21:42:41 | INFO | trading.strategy2_signal_filter:check:493 | S2 skip: approach>=block (G3, level exhausted) | {'symbol': 'VELVETUSDT', 'level': 0.43755, 'approach_count': 4, 'block_threshold': 4}
2026-07-11 21:42:56 | INFO | trading.strategy2_signal_filter:check:493 | S2 skip: approach>=block (G3, level exhausted) | {'symbol': 'VELVETUSDT', 'level': 0.43755, 'approach_count': 4, 'block_threshold': 4}
2026-07-11 21:43:11 | INFO | trading.strategy2_signal_filter:check:493 | S2 skip: approach>=block (G3, level exhausted) | {'symbol': 'VELVETUSDT', 'level': 0.43755, 'approach_count': 4, 'block_threshold': 4}
2026-07-11 21:43:27 | INFO | trading.strategy2_signal_filter:check:493 | S2 skip: approach>=block (G3, level exhausted) | {'symbol': 'VELVETUSDT', 'level': 0.43755, 'approach_count': 4, 'block_threshold': 4}
2026-07-11 21:43:42 | INFO | trading.strategy2_signal_filter:check:493 | S2 skip: approach>=block (G3, level exhausted) | {'symbol': 'VELVETUSDT', 'level': 0.43755, 'approach_count': 4, 'block_threshold': 4}
2026-07-11 21:43:57 | INFO | trading.strategy2_signal_filter:check:493 | S2 skip: approach>=block (G3, level exhausted) | {'symbol': 'VELVETUSDT', 'level': 0.43755, 'approach_count': 4, 'block_threshold': 4}
2026-07-11 21:44:13 | INFO | trading.strategy2_signal_filter:check:493 | S2 skip: approach>=block (G3, level exhausted) | {'symbol': 'VELVETUSDT', 'level': 0.43755, 'approach_count': 4, 'block_threshold': 4}
2026-07-11 21:44:28 | INFO | trading.strategy2_signal_filter:check:493 | S2 skip: approach>=block (G3, level exhausted) | {'symbol': 'VELVETUSDT', 'level': 0.43755, 'approach_count': 4, 'block_threshold': 4}
2026-07-11 21:44:43 | INFO | trading.strategy2_signal_filter:check:493 | S2 skip: approach>=block (G3, level exhausted) | {'symbol': 'VELVETUSDT', 'level': 0.43755, 'approach_count': 4, 'block_threshold': 4}
2026-07-11 21:44:58 | INFO | trading.strategy2_signal_filter:check:493 | S2 skip: approach>=block (G3, level exhausted) | {'symbol': 'VELVETUSDT', 'level': 0.43755, 'approach_count': 4, 'block_threshold': 4}
2026-07-11 21:45:14 | INFO | trading.strategy2_signal_filter:check:493 | S2 skip: approach>=block (G3, level exhausted) | {'symbol': 'VELVETUSDT', 'level': 0.43755, 'approach_count': 4, 'block_threshold': 4}
2026-07-11 21:45:29 | INFO | trading.strategy2_signal_filter:check:493 | S2 skip: approach>=block (G3, level exhausted) | {'symbol': 'VELVETUSDT', 'level': 0.43755, 'approach_count': 4, 'block_threshold': 4}
2026-07-11 21:45:44 | INFO | trading.strategy2_signal_filter:check:493 | S2 skip: approach>=block (G3, level exhausted) | {'symbol': 'VELVETUSDT', 'level': 0.43755, 'approach_count': 4, 'block_threshold': 4}
2026-07-11 21:46:00 | INFO | trading.strategy2_signal_filter:check:493 | S2 skip: approach>=block (G3, level exhausted) | {'symbol': 'VELVETUSDT', 'level': 0.43755, 'approach_count': 4, 'block_threshold': 4}
2026-07-11 21:46:15 | INFO | __main__:_trigger_loop:357 | Trigger activated | {'symbol': 'TUSDT'}
2026-07-11 21:46:15 | INFO | __main__:_run_phase1:535 | No strong levels found | {'symbol': 'TUSDT', 'total_levels': 4}
2026-07-11 21:46:15 | INFO | trading.strategy2_signal_filter:check:493 | S2 skip: approach>=block (G3, level exhausted) | {'symbol': 'VELVETUSDT', 'level': 0.43755, 'approach_count': 5, 'block_threshold': 4}
2026-07-11 21:46:30 | INFO | trading.strategy2_signal_filter:check:493 | S2 skip: approach>=block (G3, level exhausted) | {'symbol': 'VELVETUSDT', 'level': 0.43755, 'approach_count': 5, 'block_threshold': 4}
2026-07-11 21:46:45 | INFO | trading.strategy2_signal_filter:check:493 | S2 skip: approach>=block (G3, level exhausted) | {'symbol': 'VELVETUSDT', 'level': 0.43755, 'approach_count': 5, 'block_threshold': 4}
2026-07-11 21:47:01 | INFO | trading.strategy2_signal_filter:check:493 | S2 skip: approach>=block (G3, level exhausted) | {'symbol': 'VELVETUSDT', 'level': 0.43755, 'approach_count': 4, 'block_threshold': 4}
2026-07-11 21:47:06 | INFO | __main__:_proximity_loop:1381 | Weak level touch resolved | {'symbol': 'VELVETUSDT', 'level': 0.44237, 'event': 'bounce', 'fill_depth': 0.0836403915274502}
2026-07-11 21:47:26 | INFO | trading.strategy2_signal_filter:check:493 | S2 skip: approach>=block (G3, level exhausted) | {'symbol': 'VELVETUSDT', 'level': 0.43755, 'approach_count': 4, 'block_threshold': 4}
2026-07-11 21:47:41 | INFO | trading.strategy2_signal_filter:check:493 | S2 skip: approach>=block (G3, level exhausted) | {'symbol': 'VELVETUSDT', 'level': 0.43755, 'approach_count': 4, 'block_threshold': 4}
2026-07-11 21:47:57 | INFO | trading.strategy2_signal_filter:check:493 | S2 skip: approach>=block (G3, level exhausted) | {'symbol': 'VELVETUSDT', 'level': 0.43755, 'approach_count': 4, 'block_threshold': 4}
2026-07-11 21:48:12 | INFO | trading.strategy2_signal_filter:check:493 | S2 skip: approach>=block (G3, level exhausted) | {'symbol': 'VELVETUSDT', 'level': 0.43755, 'approach_count': 4, 'block_threshold': 4}
2026-07-11 21:48:27 | INFO | trading.strategy2_signal_filter:check:493 | S2 skip: approach>=block (G3, level exhausted) | {'symbol': 'VELVETUSDT', 'level': 0.43755, 'approach_count': 5, 'block_threshold': 4}
2026-07-11 21:59:59 | INFO | __main__:_proximity_arm_loop:1948 | proximity-arm activated | {'symbol': 'SXTUSDT', 'level': 0.00923, 'type': 'pump_base', 'strength': 5, 'dist_atr': 2.85}
2026-07-11 22:01:17 | INFO | __main__:_trigger_loop:357 | Trigger activated | {'symbol': 'EVAAUSDT'}
2026-07-11 22:13:00 | INFO | __main__:_proximity_arm_loop:1948 | proximity-arm activated | {'symbol': 'BEATUSDT', 'level': 2.352, 'type': 'pump_base', 'strength': 5, 'dist_atr': 1.06}
2026-07-11 22:13:00 | INFO | __main__:_run_phase1:414 | Pump degraded, skipping monitoring | {'symbol': 'BEATUSDT', 'health': 40, 'broken': 0, 'correction': '178%'}
2026-07-11 22:30:32 | INFO | __main__:_trigger_loop:357 | Trigger activated | {'symbol': 'VELVETUSDT'}
2026-07-11 22:36:34 | WARNING | data.collector:_update:77 | Failed to update candles for %s | {}
2026-07-11 22:36:55 | WARNING | data.collector:_update:77 | Failed to update candles for %s | {}
2026-07-11 22:37:11 | WARNING | data.collector:_update:77 | Failed to update candles for %s | {}
2026-07-11 22:37:31 | WARNING | data.collector:_update:77 | Failed to update candles for %s | {}
2026-07-11 22:37:46 | WARNING | data.collector:_update:77 | Failed to update candles for %s | {}
2026-07-11 22:37:56 | ERROR | __main__:_auto_screener_loop:309 | Error in auto screener loop | {'error': ''}
Traceback (most recent call last):

  File "/root/crypto_bot/venv/lib/python3.12/site-packages/aiohttp/client.py", line 779, in _request
    resp = await handler(req)
                 │       └ <aiohttp.client_reqrep.ClientRequest object at 0x70bf6555e450>
                 └ <function ClientSession._request.<locals>._connect_and_send_request at 0x70bf65043560>
  File "/root/crypto_bot/venv/lib/python3.12/site-packages/aiohttp/client.py", line 734, in _connect_and_send_request
    conn = await self._connector.connect(
                 │    └ None
                 └ <aiohttp.client.ClientSession object at 0x70bf6502b2f0>
  File "/root/crypto_bot/venv/lib/python3.12/site-packages/aiohttp/connector.py", line 672, in connect
    proto = await self._create_connection(req, traces, timeout)
                  │    │                  │    │       └ ClientTimeout(total=10, connect=None, sock_read=None, sock_connect=None, ceil_threshold=5)
                  │    │                  │    └ []
                  │    │                  └ <aiohttp.client_reqrep.ClientRequest object at 0x70bf6555e450>
                  │    └ <function TCPConnector._create_connection at 0x70bf9ef52020>
                  └ <aiohttp.connector.TCPConnector object at 0x70bf6502b3b0>
  File "/root/crypto_bot/venv/lib/python3.12/site-packages/aiohttp/connector.py", line 1239, in _create_connection
    _, proto = await self._create_direct_connection(req, traces, timeout)
                     │    │                         │    │       └ ClientTimeout(total=10, connect=None, sock_read=None, sock_connect=None, ceil_threshold=5)
                     │    │                         │    └ []
                     │    │                         └ <aiohttp.client_reqrep.ClientRequest object at 0x70bf6555e450>
                     │    └ <function TCPConnector._create_direct_connection at 0x70bf9ef527a0>
                     └ <aiohttp.connector.TCPConnector object at 0x70bf6502b3b0>
  File "/root/crypto_bot/venv/lib/python3.12/site-packages/aiohttp/connector.py", line 1580, in _create_direct_connection
    transp, proto = await self._wrap_create_connection(
                          │    └ <function TCPConnector._wrap_create_connection at 0x70bf9ef52200>
                          └ <aiohttp.connector.TCPConnector object at 0x70bf6502b3b0>
  File "/root/crypto_bot/venv/lib/python3.12/site-packages/aiohttp/connector.py", line 1313, in _wrap_create_connection
    return await self._loop.create_connection(*args, **kwargs, sock=sock)
                 │    │     │                  │       │            └ <socket.socket [closed] fd=-1, family=2, type=1, proto=6>
                 │    │     │                  │       └ {'ssl': <ssl.SSLContext object at 0x70bf9f1e4a50>, 'server_hostname': 'api.binance.com'}
                 │    │     │                  └ (functools.partial(<class 'aiohttp.client_proto.ResponseHandler'>, loop=<_UnixSelectorEventLoop running=True closed=False deb...
                 │    │     └ <function BaseEventLoop.create_connection at 0x70bf9f856840>
                 │    └ <_UnixSelectorEventLoop running=True closed=False debug=False>
                 └ <aiohttp.connector.TCPConnector object at 0x70bf6502b3b0>
  File "/usr/lib/python3.12/asyncio/base_events.py", line 1149, in create_connection
    transport, protocol = await self._create_connection_transport(
                                │    └ <function BaseEventLoop._create_connection_transport at 0x70bf9f8568e0>
                                └ <_UnixSelectorEventLoop running=True closed=False debug=False>
  File "/usr/lib/python3.12/asyncio/base_events.py", line 1182, in _create_connection_transport
    await waiter
          └ <Future cancelled>

asyncio.exceptions.CancelledError


The above exception was the direct cause of the following exception:


Traceback (most recent call last):

  File "/root/crypto_bot/main.py", line 2007, in <module>
    asyncio.run(main())
    │       │   └ <function main at 0x70bf9ce6ed40>
    │       └ <function run at 0x70bfa075c680>
    └ <module 'asyncio' from '/usr/lib/python3.12/asyncio/__init__.py'>

  File "/usr/lib/python3.12/asyncio/runners.py", line 194, in run
    return runner.run(main)
           │      │   └ <coroutine object main at 0x70bf9c24de40>
           │      └ <function Runner.run at 0x70bf9f857ce0>
           └ <asyncio.runners.Runner object at 0x70bf9c2e8650>
  File "/usr/lib/python3.12/asyncio/runners.py", line 118, in run
    return self._loop.run_until_complete(task)
           │    │     │                  └ <Task pending name='Task-1' coro=<main() running at /root/crypto_bot/main.py:1988> wait_for=<_GatheringFuture pending cb=[Tas...
           │    │     └ <function BaseEventLoop.run_until_complete at 0x70bf9f855940>
           │    └ <_UnixSelectorEventLoop running=True closed=False debug=False>
           └ <asyncio.runners.Runner object at 0x70bf9c2e8650>
  File "/usr/lib/python3.12/asyncio/base_events.py", line 674, in run_until_complete
    self.run_forever()
    │    └ <function BaseEventLoop.run_forever at 0x70bf9f8558a0>
    └ <_UnixSelectorEventLoop running=True closed=False debug=False>
  File "/usr/lib/python3.12/asyncio/base_events.py", line 641, in run_forever
    self._run_once()
    │    └ <function BaseEventLoop._run_once at 0x70bf9f8576a0>
    └ <_UnixSelectorEventLoop running=True closed=False debug=False>
  File "/usr/lib/python3.12/asyncio/base_events.py", line 1987, in _run_once
    handle._run()
    │      └ <function Handle._run at 0x70bf9f9a1bc0>
    └ <Handle <_asyncio.TaskStepMethWrapper object at 0x70bf6502ac50>()>
  File "/usr/lib/python3.12/asyncio/events.py", line 88, in _run
    self._context.run(self._callback, *self._args)
    │    │            │    │           │    └ <member '_args' of 'Handle' objects>
    │    │            │    │           └ <Handle <_asyncio.TaskStepMethWrapper object at 0x70bf6502ac50>()>
    │    │            │    └ <member '_callback' of 'Handle' objects>
    │    │            └ <Handle <_asyncio.TaskStepMethWrapper object at 0x70bf6502ac50>()>
    │    └ <member '_context' of 'Handle' objects>
    └ <Handle <_asyncio.TaskStepMethWrapper object at 0x70bf6502ac50>()>

> File "/root/crypto_bot/main.py", line 177, in _auto_screener_loop
    rows = await _run_screener()
                 └ <function run_screener at 0x70bf9d3fb920>

  File "/root/crypto_bot/analysis/screener.py", line 31, in run_screener
    client = await AsyncClient.create()
                   │           └ <classmethod(<function AsyncClient.create at 0x70bf9de105e0>)>
                   └ <class 'binance.async_client.AsyncClient'>

  File "/root/crypto_bot/venv/lib/python3.12/site-packages/binance/async_client.py", line 107, in create
    await self.ping()
          │    └ <function AsyncClient.ping at 0x70bf9de11300>
          └ <binance.async_client.AsyncClient object at 0x70bf6555de50>
  File "/root/crypto_bot/venv/lib/python3.12/site-packages/binance/async_client.py", line 341, in ping
    return await self._get("ping")
                 │    └ <function AsyncClient._get at 0x70bf9de10ea0>
                 └ <binance.async_client.AsyncClient object at 0x70bf6555de50>
  File "/root/crypto_bot/venv/lib/python3.12/site-packages/binance/async_client.py", line 294, in _get
    return await self._request_api("get", path, signed, version, **kwargs)
                 │    │                   │     │       │          └ {}
                 │    │                   │     │       └ 'v3'
                 │    │                   │     └ False
                 │    │                   └ 'ping'
                 │    └ <function AsyncClient._request_api at 0x70bf9de10900>
                 └ <binance.async_client.AsyncClient object at 0x70bf6555de50>
  File "/root/crypto_bot/venv/lib/python3.12/site-packages/binance/async_client.py", line 229, in _request_api
    return await self._request(method, uri, signed, force_params, **kwargs)
                 │    │        │       │    │       │               └ {}
                 │    │        │       │    │       └ False
                 │    │        │       │    └ False
                 │    │        │       └ 'https://api.binance.com/api/v3/ping'
                 │    │        └ 'get'
                 │    └ <function AsyncClient._request at 0x70bf9de107c0>
                 └ <binance.async_client.AsyncClient object at 0x70bf6555de50>
  File "/root/crypto_bot/venv/lib/python3.12/site-packages/binance/async_client.py", line 177, in _request
    async with getattr(self.session, method)(
                       │    │        └ 'get'
                       │    └ <aiohttp.client.ClientSession object at 0x70bf6502b2f0>
                       └ <binance.async_client.AsyncClient object at 0x70bf6555de50>
  File "/root/crypto_bot/venv/lib/python3.12/site-packages/aiohttp/client.py", line 1510, in __aenter__
    self._resp: _RetType = await self._coro
    │    │                       │    └ <member '_coro' of '_BaseRequestContextManager' objects>
    │    │                       └ <aiohttp.client._BaseRequestContextManager object at 0x70bf6555dcf0>
    │    └ <member '_resp' of '_BaseRequestContextManager' objects>
    └ <aiohttp.client._BaseRequestContextManager object at 0x70bf6555dcf0>
  File "/root/crypto_bot/venv/lib/python3.12/site-packages/aiohttp/client.py", line 624, in _request
    with timer:
         └ <aiohttp.helpers.TimerContext object at 0x70bf64623de0>
  File "/root/crypto_bot/venv/lib/python3.12/site-packages/aiohttp/helpers.py", line 713, in __exit__
    raise asyncio.TimeoutError from exc_val
          │       │                 └ CancelledError()
          │       └ <class 'TimeoutError'>
          └ <module 'asyncio' from '/usr/lib/python3.12/asyncio/__init__.py'>

TimeoutError
2026-07-11 22:38:15 | WARNING | data.collector:_update:77 | Failed to update candles for %s | {}
2026-07-11 22:38:38 | WARNING | data.collector:_update:77 | Failed to update candles for %s | {}
2026-07-11 22:39:03 | WARNING | data.collector:_update:77 | Failed to update candles for %s | {}
2026-07-11 22:39:38 | WARNING | data.collector:_update:77 | Failed to update candles for %s | {}
2026-07-11 22:40:13 | WARNING | data.collector:_update:77 | Failed to update candles for %s | {}
2026-07-11 22:40:26 | WARNING | data.collector:_update:77 | Failed to update candles for %s | {}
2026-07-11 22:40:47 | WARNING | data.collector:_update:77 | Failed to update candles for %s | {}
2026-07-11 22:41:00 | WARNING | data.collector:_update:77 | Failed to update candles for %s | {}
2026-07-11 22:41:54 | WARNING | data.collector:_update:77 | Failed to update candles for %s | {}
2026-07-11 22:42:42 | WARNING | data.collector:_update:77 | Failed to update candles for %s | {}
2026-07-11 22:43:02 | WARNING | data.collector:_update:77 | Failed to update candles for %s | {}
2026-07-11 22:43:23 | WARNING | data.collector:_update:77 | Failed to update candles for %s | {}
2026-07-11 22:44:08 | WARNING | data.collector:_update:77 | Failed to update candles for %s | {}
2026-07-11 22:45:56 | WARNING | data.collector:_update:77 | Failed to update candles for %s | {}
2026-07-11 22:46:39 | INFO | __main__:_trigger_loop:357 | Trigger activated | {'symbol': 'TUSDT'}
2026-07-11 23:05:14 | INFO | __main__:_run_phase1:575 | Replaced old monitor with closer level | {'symbol': 'TUSDT', 'old': 0.004262, 'new': 0.004434}
2026-07-11 23:05:20 | INFO | __main__:_monitored:798 | Monitor cancelled | {'symbol': 'TUSDT', 'level': 0.004262}
2026-07-11 23:05:27 | WARNING | data.collector:_update:77 | Failed to update candles for %s | {}
2026-07-11 23:06:20 | INFO | config:remove:75 | Token removed | {'symbol': 'XPINUSDT'}
2026-07-11 23:07:28 | WARNING | data.collector:_update:77 | Failed to update candles for %s | {}
2026-07-11 23:07:32 | ERROR | bot.telegram:send_message:1453 | Failed to send Telegram message | {}
Traceback (most recent call last):

  File "/root/crypto_bot/venv/lib/python3.12/site-packages/aiohttp/client.py", line 779, in _request
    resp = await handler(req)
                 │       └ <aiohttp.client_reqrep.ClientRequest object at 0x70bf64668140>
                 └ <function ClientSession._request.<locals>._connect_and_send_request at 0x70bf650bb600>
  File "/root/crypto_bot/venv/lib/python3.12/site-packages/aiohttp/client.py", line 734, in _connect_and_send_request
    conn = await self._connector.connect(
                 │    │          └ <function BaseConnector.connect at 0x70bf9ef51260>
                 │    └ <aiohttp.connector.TCPConnector object at 0x70bf9b781220>
                 └ <aiohttp.client.ClientSession object at 0x70bf9b780fe0>
  File "/root/crypto_bot/venv/lib/python3.12/site-packages/aiohttp/connector.py", line 672, in connect
    proto = await self._create_connection(req, traces, timeout)
                  │    │                  │    │       └ ClientTimeout(total=60.0, connect=None, sock_read=None, sock_connect=None, ceil_threshold=5)
                  │    │                  │    └ []
                  │    │                  └ <aiohttp.client_reqrep.ClientRequest object at 0x70bf64668140>
                  │    └ <function TCPConnector._create_connection at 0x70bf9ef52020>
                  └ <aiohttp.connector.TCPConnector object at 0x70bf9b781220>
  File "/root/crypto_bot/venv/lib/python3.12/site-packages/aiohttp/connector.py", line 1239, in _create_connection
    _, proto = await self._create_direct_connection(req, traces, timeout)
                     │    │                         │    │       └ ClientTimeout(total=60.0, connect=None, sock_read=None, sock_connect=None, ceil_threshold=5)
                     │    │                         │    └ []
                     │    │                         └ <aiohttp.client_reqrep.ClientRequest object at 0x70bf64668140>
                     │    └ <function TCPConnector._create_direct_connection at 0x70bf9ef527a0>
                     └ <aiohttp.connector.TCPConnector object at 0x70bf9b781220>
  File "/root/crypto_bot/venv/lib/python3.12/site-packages/aiohttp/connector.py", line 1580, in _create_direct_connection
    transp, proto = await self._wrap_create_connection(
                          │    └ <function TCPConnector._wrap_create_connection at 0x70bf9ef52200>
                          └ <aiohttp.connector.TCPConnector object at 0x70bf9b781220>
  File "/root/crypto_bot/venv/lib/python3.12/site-packages/aiohttp/connector.py", line 1298, in _wrap_create_connection
    sock = await aiohappyeyeballs.start_connection(
                 │                └ <function start_connection at 0x70bf9f1cdbc0>
                 └ <module 'aiohappyeyeballs' from '/root/crypto_bot/venv/lib/python3.12/site-packages/aiohappyeyeballs/__init__.py'>
  File "/root/crypto_bot/venv/lib/python3.12/site-packages/aiohappyeyeballs/impl.py", line 89, in start_connection
    sock, _, _ = await _staggered.staggered_race(
    │                  │          └ <function staggered_race at 0x70bf9f1cde40>
    │                  └ <module 'aiohappyeyeballs._staggered' from '/root/crypto_bot/venv/lib/python3.12/site-packages/aiohappyeyeballs/_staggered.py'>
    └ None
  File "/root/crypto_bot/venv/lib/python3.12/site-packages/aiohappyeyeballs/_staggered.py", line 155, in staggered_race
    done = await _wait_one(
                 └ <function _wait_one at 0x70bf9f1cdda0>
  File "/root/crypto_bot/venv/lib/python3.12/site-packages/aiohappyeyeballs/_staggered.py", line 36, in _wait_one
    return await wait_next
                 └ <Future cancelled>

asyncio.exceptions.CancelledError


The above exception was the direct cause of the following exception:


Traceback (most recent call last):

  File "/root/crypto_bot/venv/lib/python3.12/site-packages/aiogram/client/session/aiohttp.py", line 167, in make_request
    async with session.post(
               │       └ <function ClientSession.post at 0x70bf9efce660>
               └ <aiohttp.client.ClientSession object at 0x70bf9b780fe0>
  File "/root/crypto_bot/venv/lib/python3.12/site-packages/aiohttp/client.py", line 1510, in __aenter__
    self._resp: _RetType = await self._coro
    │    │                       │    └ <member '_coro' of '_BaseRequestContextManager' objects>
    │    │                       └ <aiohttp.client._BaseRequestContextManager object at 0x70bf64aa85e0>
    │    └ <member '_resp' of '_BaseRequestContextManager' objects>
    └ <aiohttp.client._BaseRequestContextManager object at 0x70bf64aa85e0>
  File "/root/crypto_bot/venv/lib/python3.12/site-packages/aiohttp/client.py", line 624, in _request
    with timer:
         └ <aiohttp.helpers.TimerContext object at 0x70bf65978f00>
  File "/root/crypto_bot/venv/lib/python3.12/site-packages/aiohttp/helpers.py", line 713, in __exit__
    raise asyncio.TimeoutError from exc_val
          │       │                 └ CancelledError()
          │       └ <class 'TimeoutError'>
          └ <module 'asyncio' from '/usr/lib/python3.12/asyncio/__init__.py'>

TimeoutError


The above exception was the direct cause of the following exception:


Traceback (most recent call last):

  File "/root/crypto_bot/main.py", line 2007, in <module>
    asyncio.run(main())
    │       │   └ <function main at 0x70bf9ce6ed40>
    │       └ <function run at 0x70bfa075c680>
    └ <module 'asyncio' from '/usr/lib/python3.12/asyncio/__init__.py'>

  File "/usr/lib/python3.12/asyncio/runners.py", line 194, in run
    return runner.run(main)
           │      │   └ <coroutine object main at 0x70bf9c24de40>
           │      └ <function Runner.run at 0x70bf9f857ce0>
           └ <asyncio.runners.Runner object at 0x70bf9c2e8650>
  File "/usr/lib/python3.12/asyncio/runners.py", line 118, in run
    return self._loop.run_until_complete(task)
           │    │     │                  └ <Task pending name='Task-1' coro=<main() running at /root/crypto_bot/main.py:1988> wait_for=<_GatheringFuture pending cb=[Tas...
           │    │     └ <function BaseEventLoop.run_until_complete at 0x70bf9f855940>
           │    └ <_UnixSelectorEventLoop running=True closed=False debug=False>
           └ <asyncio.runners.Runner object at 0x70bf9c2e8650>
  File "/usr/lib/python3.12/asyncio/base_events.py", line 674, in run_until_complete
    self.run_forever()
    │    └ <function BaseEventLoop.run_forever at 0x70bf9f8558a0>
    └ <_UnixSelectorEventLoop running=True closed=False debug=False>
  File "/usr/lib/python3.12/asyncio/base_events.py", line 641, in run_forever
    self._run_once()
    │    └ <function BaseEventLoop._run_once at 0x70bf9f8576a0>
    └ <_UnixSelectorEventLoop running=True closed=False debug=False>
  File "/usr/lib/python3.12/asyncio/base_events.py", line 1987, in _run_once
    handle._run()
    │      └ <function Handle._run at 0x70bf9f9a1bc0>
    └ <Handle Task.task_wakeup(<Task finishe...> result=None>)>
  File "/usr/lib/python3.12/asyncio/events.py", line 88, in _run
    self._context.run(self._callback, *self._args)
    │    │            │    │           │    └ <member '_args' of 'Handle' objects>
    │    │            │    │           └ <Handle Task.task_wakeup(<Task finishe...> result=None>)>
    │    │            │    └ <member '_callback' of 'Handle' objects>
    │    │            └ <Handle Task.task_wakeup(<Task finishe...> result=None>)>
    │    └ <member '_context' of 'Handle' objects>
    └ <Handle Task.task_wakeup(<Task finishe...> result=None>)>

  File "/root/crypto_bot/main.py", line 358, in _trigger_loop
    await _run_phase1(symbol)
          │           └ 'TUSDT'
          └ <function _run_phase1 at 0x70bf9d3fb7e0>

  File "/root/crypto_bot/main.py", line 577, in _run_phase1
    await send_message(
          └ <function send_message at 0x70bf9d22ade0>

> File "/root/crypto_bot/bot/telegram.py", line 1451, in send_message
    await bot.send_message(TELEGRAM_CHAT_ID, text, reply_markup=get_main_keyboard())
          │   │            │                 │                  └ <function get_main_keyboard at 0x70bf9d2ac7c0>
          │   │            │                 └ '🔄 TUSDT найден уровень ближе к цене\n   Старый: 0.004262 → Новый: 0.004434\n   Старый будет следующим после пробоя'
          │   │            └ 1093360044
          │   └ <function Bot.send_message at 0x70bf9d0e3920>
          └ <aiogram.client.bot.Bot object at 0x70bf9b7802c0>

  File "/root/crypto_bot/venv/lib/python3.12/site-packages/aiogram/client/bot.py", line 2928, in send_message
    return await self(call, request_timeout=request_timeout)
                 │    │                     └ None
                 │    └ SendMessage(chat_id=1093360044, text='🔄 TUSDT найден уровень ближе к цене\n   Старый: 0.004262 → Новый: 0.004434\n   Старый б...
                 └ <aiogram.client.bot.Bot object at 0x70bf9b7802c0>
  File "/root/crypto_bot/venv/lib/python3.12/site-packages/aiogram/client/bot.py", line 493, in __call__
    return await self.session(self, method, timeout=request_timeout)
                 │    │       │     │               └ None
                 │    │       │     └ SendMessage(chat_id=1093360044, text='🔄 TUSDT найден уровень ближе к цене\n   Старый: 0.004262 → Новый: 0.004434\n   Старый б...
                 │    │       └ <aiogram.client.bot.Bot object at 0x70bf9b7802c0>
                 │    └ <aiogram.client.session.aiohttp.AiohttpSession object at 0x70bf9b781400>
                 └ <aiogram.client.bot.Bot object at 0x70bf9b7802c0>
  File "/root/crypto_bot/venv/lib/python3.12/site-packages/aiogram/client/session/base.py", line 259, in __call__
    return cast(TelegramType, await middleware(bot, method))
           │    │                   │          │    └ SendMessage(chat_id=1093360044, text='🔄 TUSDT найден уровень ближе к цене\n   Старый: 0.004262 → Новый: 0.004434\n   Старый б...
           │    │                   │          └ <aiogram.client.bot.Bot object at 0x70bf9b7802c0>
           │    │                   └ functools.partial(<bound method AiohttpSession.make_request of <aiogram.client.session.aiohttp.AiohttpSession object at 0x70b...
           │    └ ~TelegramType
           └ <function cast at 0x70bf9f82f380>
  File "/root/crypto_bot/venv/lib/python3.12/site-packages/aiogram/client/session/aiohttp.py", line 174, in make_request
    raise TelegramNetworkError(method=method, message="Request timeout error") from e
          │                           └ SendMessage(chat_id=1093360044, text='🔄 TUSDT найден уровень ближе к цене\n   Старый: 0.004262 → Новый: 0.004434\n   Старый б...
          └ <class 'aiogram.exceptions.TelegramNetworkError'>

aiogram.exceptions.TelegramNetworkError: HTTP Client says - Request timeout error
2026-07-11 23:22:33 | ERROR | __main__:_auto_screener_loop:309 | Error in auto screener loop | {'error': ''}
Traceback (most recent call last):

  File "/root/crypto_bot/venv/lib/python3.12/site-packages/aiohttp/client.py", line 779, in _request
    resp = await handler(req)
                 │       └ <aiohttp.client_reqrep.ClientRequest object at 0x70bf6555c890>
                 └ <function ClientSession._request.<locals>._connect_and_send_request at 0x70bf648237e0>
  File "/root/crypto_bot/venv/lib/python3.12/site-packages/aiohttp/client.py", line 734, in _connect_and_send_request
    conn = await self._connector.connect(
                 │    └ None
                 └ <aiohttp.client.ClientSession object at 0x70bf6555e630>
  File "/root/crypto_bot/venv/lib/python3.12/site-packages/aiohttp/connector.py", line 672, in connect
    proto = await self._create_connection(req, traces, timeout)
                  │    │                  │    │       └ ClientTimeout(total=10, connect=None, sock_read=None, sock_connect=None, ceil_threshold=5)
                  │    │                  │    └ []
                  │    │                  └ <aiohttp.client_reqrep.ClientRequest object at 0x70bf6555c890>
                  │    └ <function TCPConnector._create_connection at 0x70bf9ef52020>
                  └ <aiohttp.connector.TCPConnector object at 0x70bf6555cb30>
  File "/root/crypto_bot/venv/lib/python3.12/site-packages/aiohttp/connector.py", line 1239, in _create_connection
    _, proto = await self._create_direct_connection(req, traces, timeout)
                     │    │                         │    │       └ ClientTimeout(total=10, connect=None, sock_read=None, sock_connect=None, ceil_threshold=5)
                     │    │                         │    └ []
                     │    │                         └ <aiohttp.client_reqrep.ClientRequest object at 0x70bf6555c890>
                     │    └ <function TCPConnector._create_direct_connection at 0x70bf9ef527a0>
                     └ <aiohttp.connector.TCPConnector object at 0x70bf6555cb30>
  File "/root/crypto_bot/venv/lib/python3.12/site-packages/aiohttp/connector.py", line 1562, in _create_direct_connection
    hosts = await self._resolve_host(host, port, traces=traces)
                  │    │             │     │            └ []
                  │    │             │     └ 443
                  │    │             └ 'api.binance.com'
                  │    └ <function TCPConnector._resolve_host at 0x70bf9ef51f80>
                  └ <aiohttp.connector.TCPConnector object at 0x70bf6555cb30>
  File "/root/crypto_bot/venv/lib/python3.12/site-packages/aiohttp/connector.py", line 1178, in _resolve_host
    return await asyncio.shield(resolved_host_task)
                 │       │      └ <Task finished name='Task-785982' coro=<TCPConnector._resolve_host_with_throttle() done, defined at /root/crypto_bot/venv/lib...
                 │       └ <function shield at 0x70bf9f84a520>
                 └ <module 'asyncio' from '/usr/lib/python3.12/asyncio/__init__.py'>

asyncio.exceptions.CancelledError


The above exception was the direct cause of the following exception:


Traceback (most recent call last):

  File "/root/crypto_bot/main.py", line 2007, in <module>
    asyncio.run(main())
    │       │   └ <function main at 0x70bf9ce6ed40>
    │       └ <function run at 0x70bfa075c680>
    └ <module 'asyncio' from '/usr/lib/python3.12/asyncio/__init__.py'>

  File "/usr/lib/python3.12/asyncio/runners.py", line 194, in run
    return runner.run(main)
           │      │   └ <coroutine object main at 0x70bf9c24de40>
           │      └ <function Runner.run at 0x70bf9f857ce0>
           └ <asyncio.runners.Runner object at 0x70bf9c2e8650>
  File "/usr/lib/python3.12/asyncio/runners.py", line 118, in run
    return self._loop.run_until_complete(task)
           │    │     │                  └ <Task pending name='Task-1' coro=<main() running at /root/crypto_bot/main.py:1988> wait_for=<_GatheringFuture pending cb=[Tas...
           │    │     └ <function BaseEventLoop.run_until_complete at 0x70bf9f855940>
           │    └ <_UnixSelectorEventLoop running=True closed=False debug=False>
           └ <asyncio.runners.Runner object at 0x70bf9c2e8650>
  File "/usr/lib/python3.12/asyncio/base_events.py", line 674, in run_until_complete
    self.run_forever()
    │    └ <function BaseEventLoop.run_forever at 0x70bf9f8558a0>
    └ <_UnixSelectorEventLoop running=True closed=False debug=False>
  File "/usr/lib/python3.12/asyncio/base_events.py", line 641, in run_forever
    self._run_once()
    │    └ <function BaseEventLoop._run_once at 0x70bf9f8576a0>
    └ <_UnixSelectorEventLoop running=True closed=False debug=False>
  File "/usr/lib/python3.12/asyncio/base_events.py", line 1987, in _run_once
    handle._run()
    │      └ <function Handle._run at 0x70bf9f9a1bc0>
    └ <Handle <_asyncio.TaskStepMethWrapper object at 0x70bf65acffa0>()>
  File "/usr/lib/python3.12/asyncio/events.py", line 88, in _run
    self._context.run(self._callback, *self._args)
    │    │            │    │           │    └ <member '_args' of 'Handle' objects>
    │    │            │    │           └ <Handle <_asyncio.TaskStepMethWrapper object at 0x70bf65acffa0>()>
    │    │            │    └ <member '_callback' of 'Handle' objects>
    │    │            └ <Handle <_asyncio.TaskStepMethWrapper object at 0x70bf65acffa0>()>
    │    └ <member '_context' of 'Handle' objects>
    └ <Handle <_asyncio.TaskStepMethWrapper object at 0x70bf65acffa0>()>

> File "/root/crypto_bot/main.py", line 177, in _auto_screener_loop
    rows = await _run_screener()
                 └ <function run_screener at 0x70bf9d3fb920>

  File "/root/crypto_bot/analysis/screener.py", line 31, in run_screener
    client = await AsyncClient.create()
                   │           └ <classmethod(<function AsyncClient.create at 0x70bf9de105e0>)>
                   └ <class 'binance.async_client.AsyncClient'>

  File "/root/crypto_bot/venv/lib/python3.12/site-packages/binance/async_client.py", line 107, in create
    await self.ping()
          │    └ <function AsyncClient.ping at 0x70bf9de11300>
          └ <binance.async_client.AsyncClient object at 0x70bf6555f950>
  File "/root/crypto_bot/venv/lib/python3.12/site-packages/binance/async_client.py", line 341, in ping
    return await self._get("ping")
                 │    └ <function AsyncClient._get at 0x70bf9de10ea0>
                 └ <binance.async_client.AsyncClient object at 0x70bf6555f950>
  File "/root/crypto_bot/venv/lib/python3.12/site-packages/binance/async_client.py", line 294, in _get
    return await self._request_api("get", path, signed, version, **kwargs)
                 │    │                   │     │       │          └ {}
                 │    │                   │     │       └ 'v3'
                 │    │                   │     └ False
                 │    │                   └ 'ping'
                 │    └ <function AsyncClient._request_api at 0x70bf9de10900>
                 └ <binance.async_client.AsyncClient object at 0x70bf6555f950>
  File "/root/crypto_bot/venv/lib/python3.12/site-packages/binance/async_client.py", line 229, in _request_api
    return await self._request(method, uri, signed, force_params, **kwargs)
                 │    │        │       │    │       │               └ {}
                 │    │        │       │    │       └ False
                 │    │        │       │    └ False
                 │    │        │       └ 'https://api.binance.com/api/v3/ping'
                 │    │        └ 'get'
                 │    └ <function AsyncClient._request at 0x70bf9de107c0>
                 └ <binance.async_client.AsyncClient object at 0x70bf6555f950>
  File "/root/crypto_bot/venv/lib/python3.12/site-packages/binance/async_client.py", line 177, in _request
    async with getattr(self.session, method)(
                       │    │        └ 'get'
                       │    └ <aiohttp.client.ClientSession object at 0x70bf6555e630>
                       └ <binance.async_client.AsyncClient object at 0x70bf6555f950>
  File "/root/crypto_bot/venv/lib/python3.12/site-packages/aiohttp/client.py", line 1510, in __aenter__
    self._resp: _RetType = await self._coro
    │    │                       │    └ <member '_coro' of '_BaseRequestContextManager' objects>
    │    │                       └ <aiohttp.client._BaseRequestContextManager object at 0x70bf6555c760>
    │    └ <member '_resp' of '_BaseRequestContextManager' objects>
    └ <aiohttp.client._BaseRequestContextManager object at 0x70bf6555c760>
  File "/root/crypto_bot/venv/lib/python3.12/site-packages/aiohttp/client.py", line 624, in _request
    with timer:
         └ <aiohttp.helpers.TimerContext object at 0x70bf659795e0>
  File "/root/crypto_bot/venv/lib/python3.12/site-packages/aiohttp/helpers.py", line 713, in __exit__
    raise asyncio.TimeoutError from exc_val
          │       │                 └ CancelledError()
          │       └ <class 'TimeoutError'>
          └ <module 'asyncio' from '/usr/lib/python3.12/asyncio/__init__.py'>

TimeoutError
2026-07-11 23:23:52 | WARNING | data.collector:_update:77 | Failed to update candles for %s | {}
2026-07-11 23:24:06 | ERROR | bot.telegram:send_message:1453 | Failed to send Telegram message | {}
Traceback (most recent call last):

  File "/root/crypto_bot/venv/lib/python3.12/site-packages/aiohttp/client.py", line 779, in _request
    resp = await handler(req)
                 │       └ <aiohttp.client_reqrep.ClientRequest object at 0x70bf650288c0>
                 └ <function ClientSession._request.<locals>._connect_and_send_request at 0x70bf658ce840>
  File "/root/crypto_bot/venv/lib/python3.12/site-packages/aiohttp/client.py", line 734, in _connect_and_send_request
    conn = await self._connector.connect(
                 │    │          └ <function BaseConnector.connect at 0x70bf9ef51260>
                 │    └ <aiohttp.connector.TCPConnector object at 0x70bf9b781220>
                 └ <aiohttp.client.ClientSession object at 0x70bf9b780fe0>
  File "/root/crypto_bot/venv/lib/python3.12/site-packages/aiohttp/connector.py", line 672, in connect
    proto = await self._create_connection(req, traces, timeout)
                  │    │                  │    │       └ ClientTimeout(total=60.0, connect=None, sock_read=None, sock_connect=None, ceil_threshold=5)
                  │    │                  │    └ []
                  │    │                  └ <aiohttp.client_reqrep.ClientRequest object at 0x70bf650288c0>
                  │    └ <function TCPConnector._create_connection at 0x70bf9ef52020>
                  └ <aiohttp.connector.TCPConnector object at 0x70bf9b781220>
  File "/root/crypto_bot/venv/lib/python3.12/site-packages/aiohttp/connector.py", line 1239, in _create_connection
    _, proto = await self._create_direct_connection(req, traces, timeout)
                     │    │                         │    │       └ ClientTimeout(total=60.0, connect=None, sock_read=None, sock_connect=None, ceil_threshold=5)
                     │    │                         │    └ []
                     │    │                         └ <aiohttp.client_reqrep.ClientRequest object at 0x70bf650288c0>
                     │    └ <function TCPConnector._create_direct_connection at 0x70bf9ef527a0>
                     └ <aiohttp.connector.TCPConnector object at 0x70bf9b781220>
  File "/root/crypto_bot/venv/lib/python3.12/site-packages/aiohttp/connector.py", line 1562, in _create_direct_connection
    hosts = await self._resolve_host(host, port, traces=traces)
                  │    │             │     │            └ []
                  │    │             │     └ 443
                  │    │             └ 'api.telegram.org'
                  │    └ <function TCPConnector._resolve_host at 0x70bf9ef51f80>
                  └ <aiohttp.connector.TCPConnector object at 0x70bf9b781220>
  File "/root/crypto_bot/venv/lib/python3.12/site-packages/aiohttp/connector.py", line 1178, in _resolve_host
    return await asyncio.shield(resolved_host_task)
                 │       │      └ <Task finished name='Task-785987' coro=<TCPConnector._resolve_host_with_throttle() done, defined at /root/crypto_bot/venv/lib...
                 │       └ <function shield at 0x70bf9f84a520>
                 └ <module 'asyncio' from '/usr/lib/python3.12/asyncio/__init__.py'>

asyncio.exceptions.CancelledError


The above exception was the direct cause of the following exception:


Traceback (most recent call last):

  File "/root/crypto_bot/venv/lib/python3.12/site-packages/aiogram/client/session/aiohttp.py", line 167, in make_request
    async with session.post(
               │       └ <function ClientSession.post at 0x70bf9efce660>
               └ <aiohttp.client.ClientSession object at 0x70bf9b780fe0>
  File "/root/crypto_bot/venv/lib/python3.12/site-packages/aiohttp/client.py", line 1510, in __aenter__
    self._resp: _RetType = await self._coro
    │    │                       │    └ <member '_coro' of '_BaseRequestContextManager' objects>
    │    │                       └ <aiohttp.client._BaseRequestContextManager object at 0x70bf64aa8f10>
    │    └ <member '_resp' of '_BaseRequestContextManager' objects>
    └ <aiohttp.client._BaseRequestContextManager object at 0x70bf64aa8f10>
  File "/root/crypto_bot/venv/lib/python3.12/site-packages/aiohttp/client.py", line 624, in _request
    with timer:
         └ <aiohttp.helpers.TimerContext object at 0x70bf65981bd0>
  File "/root/crypto_bot/venv/lib/python3.12/site-packages/aiohttp/helpers.py", line 713, in __exit__
    raise asyncio.TimeoutError from exc_val
          │       │                 └ CancelledError()
          │       └ <class 'TimeoutError'>
          └ <module 'asyncio' from '/usr/lib/python3.12/asyncio/__init__.py'>

TimeoutError


The above exception was the direct cause of the following exception:


Traceback (most recent call last):

  File "/root/crypto_bot/main.py", line 2007, in <module>
    asyncio.run(main())
    │       │   └ <function main at 0x70bf9ce6ed40>
    │       └ <function run at 0x70bfa075c680>
    └ <module 'asyncio' from '/usr/lib/python3.12/asyncio/__init__.py'>

  File "/usr/lib/python3.12/asyncio/runners.py", line 194, in run
    return runner.run(main)
           │      │   └ <coroutine object main at 0x70bf9c24de40>
           │      └ <function Runner.run at 0x70bf9f857ce0>
           └ <asyncio.runners.Runner object at 0x70bf9c2e8650>
  File "/usr/lib/python3.12/asyncio/runners.py", line 118, in run
    return self._loop.run_until_complete(task)
           │    │     │                  └ <Task pending name='Task-1' coro=<main() running at /root/crypto_bot/main.py:1988> wait_for=<_GatheringFuture pending cb=[Tas...
           │    │     └ <function BaseEventLoop.run_until_complete at 0x70bf9f855940>
           │    └ <_UnixSelectorEventLoop running=True closed=False debug=False>
           └ <asyncio.runners.Runner object at 0x70bf9c2e8650>
  File "/usr/lib/python3.12/asyncio/base_events.py", line 674, in run_until_complete
    self.run_forever()
    │    └ <function BaseEventLoop.run_forever at 0x70bf9f8558a0>
    └ <_UnixSelectorEventLoop running=True closed=False debug=False>
  File "/usr/lib/python3.12/asyncio/base_events.py", line 641, in run_forever
    self._run_once()
    │    └ <function BaseEventLoop._run_once at 0x70bf9f8576a0>
    └ <_UnixSelectorEventLoop running=True closed=False debug=False>
  File "/usr/lib/python3.12/asyncio/base_events.py", line 1987, in _run_once
    handle._run()
    │      └ <function Handle._run at 0x70bf9f9a1bc0>
    └ <Handle Task.task_wakeup(<Future finis...m.org', ...}]>)>
  File "/usr/lib/python3.12/asyncio/events.py", line 88, in _run
    self._context.run(self._callback, *self._args)
    │    │            │    │           │    └ <member '_args' of 'Handle' objects>
    │    │            │    │           └ <Handle Task.task_wakeup(<Future finis...m.org', ...}]>)>
    │    │            │    └ <member '_callback' of 'Handle' objects>
    │    │            └ <Handle Task.task_wakeup(<Future finis...m.org', ...}]>)>
    │    └ <member '_context' of 'Handle' objects>
    └ <Handle Task.task_wakeup(<Future finis...m.org', ...}]>)>

  File "/root/crypto_bot/main.py", line 358, in _trigger_loop
    await _run_phase1(symbol)
          │           └ 'TUSDT'
          └ <function _run_phase1 at 0x70bf9d3fb7e0>

  File "/root/crypto_bot/main.py", line 651, in _run_phase1
    await send_message(text)
          │            └ '📋 TUSDT новый уровень после пампа\n   ⭐️⭐️⭐️⭐️ 0.004434 — pump_base (1.6%)\n   🤖 P(отбой): 94% | прокол ~1.7%\n   💊 Pump hea...
          └ <function send_message at 0x70bf9d22ade0>

> File "/root/crypto_bot/bot/telegram.py", line 1451, in send_message
    await bot.send_message(TELEGRAM_CHAT_ID, text, reply_markup=get_main_keyboard())
          │   │            │                 │                  └ <function get_main_keyboard at 0x70bf9d2ac7c0>
          │   │            │                 └ '📋 TUSDT новый уровень после пампа\n   ⭐️⭐️⭐️⭐️ 0.004434 — pump_base (1.6%)\n   🤖 P(отбой): 94% | прокол ~1.7%\n   💊 Pump hea...
          │   │            └ 1093360044
          │   └ <function Bot.send_message at 0x70bf9d0e3920>
          └ <aiogram.client.bot.Bot object at 0x70bf9b7802c0>

  File "/root/crypto_bot/venv/lib/python3.12/site-packages/aiogram/client/bot.py", line 2928, in send_message
    return await self(call, request_timeout=request_timeout)
                 │    │                     └ None
                 │    └ SendMessage(chat_id=1093360044, text='📋 TUSDT новый уровень после пампа\n   ⭐️⭐️⭐️⭐️ 0.004434 — pump_base (1.6%)\n   🤖 P(отбо...
                 └ <aiogram.client.bot.Bot object at 0x70bf9b7802c0>
  File "/root/crypto_bot/venv/lib/python3.12/site-packages/aiogram/client/bot.py", line 493, in __call__
    return await self.session(self, method, timeout=request_timeout)
                 │    │       │     │               └ None
                 │    │       │     └ SendMessage(chat_id=1093360044, text='📋 TUSDT новый уровень после пампа\n   ⭐️⭐️⭐️⭐️ 0.004434 — pump_base (1.6%)\n   🤖 P(отбо...
                 │    │       └ <aiogram.client.bot.Bot object at 0x70bf9b7802c0>
                 │    └ <aiogram.client.session.aiohttp.AiohttpSession object at 0x70bf9b781400>
                 └ <aiogram.client.bot.Bot object at 0x70bf9b7802c0>
  File "/root/crypto_bot/venv/lib/python3.12/site-packages/aiogram/client/session/base.py", line 259, in __call__
    return cast(TelegramType, await middleware(bot, method))
           │    │                   │          │    └ SendMessage(chat_id=1093360044, text='📋 TUSDT новый уровень после пампа\n   ⭐️⭐️⭐️⭐️ 0.004434 — pump_base (1.6%)\n   🤖 P(отбо...
           │    │                   │          └ <aiogram.client.bot.Bot object at 0x70bf9b7802c0>
           │    │                   └ functools.partial(<bound method AiohttpSession.make_request of <aiogram.client.session.aiohttp.AiohttpSession object at 0x70b...
           │    └ ~TelegramType
           └ <function cast at 0x70bf9f82f380>
  File "/root/crypto_bot/venv/lib/python3.12/site-packages/aiogram/client/session/aiohttp.py", line 174, in make_request
    raise TelegramNetworkError(method=method, message="Request timeout error") from e
          │                           └ SendMessage(chat_id=1093360044, text='📋 TUSDT новый уровень после пампа\n   ⭐️⭐️⭐️⭐️ 0.004434 — pump_base (1.6%)\n   🤖 P(отбо...
          └ <class 'aiogram.exceptions.TelegramNetworkError'>

aiogram.exceptions.TelegramNetworkError: HTTP Client says - Request timeout error
2026-07-11 23:24:51 | INFO | __main__:_run_phase1:652 | Level monitoring started | {'symbol': 'TUSDT', 'level': 0.004434, 'strength': 4}
2026-07-11 23:25:49 | WARNING | data.collector:_update:77 | Failed to update candles for %s | {}
2026-07-11 23:25:54 | INFO | __main__:_monitor_health_loop:1767 | Symbol removed by monitor health check | {'symbol': 'XPINUSDT', 'natr_5m': 1.0, 'trades_1m': 180}
2026-07-11 23:26:42 | WARNING | data.collector:_update:77 | Failed to update candles for %s | {}
2026-07-11 23:27:58 | WARNING | data.collector:_update:77 | Failed to update candles for %s | {}
2026-07-11 23:28:58 | ERROR | bot.telegram:send_message:1453 | Failed to send Telegram message | {}
Traceback (most recent call last):

  File "/root/crypto_bot/venv/lib/python3.12/site-packages/aiohttp/connector.py", line 1313, in _wrap_create_connection
    return await self._loop.create_connection(*args, **kwargs, sock=sock)
                 │    │     │                  │       │            └ <socket.socket [closed] fd=-1, family=10, type=1, proto=6>
                 │    │     │                  │       └ {'ssl': <ssl.SSLContext object at 0x70bf9b7842d0>, 'server_hostname': 'api.telegram.org'}
                 │    │     │                  └ (functools.partial(<class 'aiohttp.client_proto.ResponseHandler'>, loop=<_UnixSelectorEventLoop running=True closed=False deb...
                 │    │     └ <function BaseEventLoop.create_connection at 0x70bf9f856840>
                 │    └ <_UnixSelectorEventLoop running=True closed=False debug=False>
                 └ <aiohttp.connector.TCPConnector object at 0x70bf9b781220>
  File "/usr/lib/python3.12/asyncio/base_events.py", line 1149, in create_connection
    transport, protocol = await self._create_connection_transport(
                                │    └ <function BaseEventLoop._create_connection_transport at 0x70bf9f8568e0>
                                └ <_UnixSelectorEventLoop running=True closed=False debug=False>
  File "/usr/lib/python3.12/asyncio/base_events.py", line 1182, in _create_connection_transport
    await waiter
          └ <Future finished exception=ConnectionResetError()>
  File "/usr/lib/python3.12/asyncio/sslproto.py", line 578, in _on_handshake_complete
    raise handshake_exc
          └ None

ConnectionResetError


The above exception was the direct cause of the following exception:


Traceback (most recent call last):

  File "/root/crypto_bot/venv/lib/python3.12/site-packages/aiogram/client/session/aiohttp.py", line 167, in make_request
    async with session.post(
               │       └ <function ClientSession.post at 0x70bf9efce660>
               └ <aiohttp.client.ClientSession object at 0x70bf9b780fe0>
  File "/root/crypto_bot/venv/lib/python3.12/site-packages/aiohttp/client.py", line 1510, in __aenter__
    self._resp: _RetType = await self._coro
    │    │                       │    └ <member '_coro' of '_BaseRequestContextManager' objects>
    │    │                       └ <aiohttp.client._BaseRequestContextManager object at 0x70bf65977d90>
    │    └ <member '_resp' of '_BaseRequestContextManager' objects>
    └ <aiohttp.client._BaseRequestContextManager object at 0x70bf65977d90>
  File "/root/crypto_bot/venv/lib/python3.12/site-packages/aiohttp/client.py", line 779, in _request
    resp = await handler(req)
                 │       └ <aiohttp.client_reqrep.ClientRequest object at 0x70bf65976060>
                 └ <function ClientSession._request.<locals>._connect_and_send_request at 0x70bf6501f600>
  File "/root/crypto_bot/venv/lib/python3.12/site-packages/aiohttp/client.py", line 734, in _connect_and_send_request
    conn = await self._connector.connect(
                 │    │          └ <function BaseConnector.connect at 0x70bf9ef51260>
                 │    └ <aiohttp.connector.TCPConnector object at 0x70bf9b781220>
                 └ <aiohttp.client.ClientSession object at 0x70bf9b780fe0>
  File "/root/crypto_bot/venv/lib/python3.12/site-packages/aiohttp/connector.py", line 672, in connect
    proto = await self._create_connection(req, traces, timeout)
                  │    │                  │    │       └ ClientTimeout(total=60.0, connect=None, sock_read=None, sock_connect=None, ceil_threshold=5)
                  │    │                  │    └ []
                  │    │                  └ <aiohttp.client_reqrep.ClientRequest object at 0x70bf65976060>
                  │    └ <function TCPConnector._create_connection at 0x70bf9ef52020>
                  └ <aiohttp.connector.TCPConnector object at 0x70bf9b781220>
  File "/root/crypto_bot/venv/lib/python3.12/site-packages/aiohttp/connector.py", line 1239, in _create_connection
    _, proto = await self._create_direct_connection(req, traces, timeout)
                     │    │                         │    │       └ ClientTimeout(total=60.0, connect=None, sock_read=None, sock_connect=None, ceil_threshold=5)
                     │    │                         │    └ []
                     │    │                         └ <aiohttp.client_reqrep.ClientRequest object at 0x70bf65976060>
                     │    └ <function TCPConnector._create_direct_connection at 0x70bf9ef527a0>
                     └ <aiohttp.connector.TCPConnector object at 0x70bf9b781220>
  File "/root/crypto_bot/venv/lib/python3.12/site-packages/aiohttp/connector.py", line 1611, in _create_direct_connection
    raise last_exc
          └ ClientConnectorError(ConnectionKey(host='api.telegram.org', port=443, is_ssl=True, ssl=True, proxy=None, proxy_auth=None, pro...
  File "/root/crypto_bot/venv/lib/python3.12/site-packages/aiohttp/connector.py", line 1580, in _create_direct_connection
    transp, proto = await self._wrap_create_connection(
                          │    └ <function TCPConnector._wrap_create_connection at 0x70bf9ef52200>
                          └ <aiohttp.connector.TCPConnector object at 0x70bf9b781220>
  File "/root/crypto_bot/venv/lib/python3.12/site-packages/aiohttp/connector.py", line 1321, in _wrap_create_connection
    raise client_error(req.connection_key, exc) from exc
          │            │   └ <property object at 0x70bf9f1ba700>
          │            └ <aiohttp.client_reqrep.ClientRequest object at 0x70bf65976060>
          └ <class 'aiohttp.client_exceptions.ClientConnectorError'>

aiohttp.client_exceptions.ClientConnectorError: Cannot connect to host api.telegram.org:443 ssl:default [None]


The above exception was the direct cause of the following exception:


Traceback (most recent call last):

  File "/root/crypto_bot/main.py", line 2007, in <module>
    asyncio.run(main())
    │       │   └ <function main at 0x70bf9ce6ed40>
    │       └ <function run at 0x70bfa075c680>
    └ <module 'asyncio' from '/usr/lib/python3.12/asyncio/__init__.py'>

  File "/usr/lib/python3.12/asyncio/runners.py", line 194, in run
    return runner.run(main)
           │      │   └ <coroutine object main at 0x70bf9c24de40>
           │      └ <function Runner.run at 0x70bf9f857ce0>
           └ <asyncio.runners.Runner object at 0x70bf9c2e8650>
  File "/usr/lib/python3.12/asyncio/runners.py", line 118, in run
    return self._loop.run_until_complete(task)
           │    │     │                  └ <Task pending name='Task-1' coro=<main() running at /root/crypto_bot/main.py:1988> wait_for=<_GatheringFuture pending cb=[Tas...
           │    │     └ <function BaseEventLoop.run_until_complete at 0x70bf9f855940>
           │    └ <_UnixSelectorEventLoop running=True closed=False debug=False>
           └ <asyncio.runners.Runner object at 0x70bf9c2e8650>
  File "/usr/lib/python3.12/asyncio/base_events.py", line 674, in run_until_complete
    self.run_forever()
    │    └ <function BaseEventLoop.run_forever at 0x70bf9f8558a0>
    └ <_UnixSelectorEventLoop running=True closed=False debug=False>
  File "/usr/lib/python3.12/asyncio/base_events.py", line 641, in run_forever
    self._run_once()
    │    └ <function BaseEventLoop._run_once at 0x70bf9f8576a0>
    └ <_UnixSelectorEventLoop running=True closed=False debug=False>
  File "/usr/lib/python3.12/asyncio/base_events.py", line 1987, in _run_once
    handle._run()
    │      └ <function Handle._run at 0x70bf9f9a1bc0>
    └ <Handle Task.task_wakeup(<Future finis...nResetError()>)>
  File "/usr/lib/python3.12/asyncio/events.py", line 88, in _run
    self._context.run(self._callback, *self._args)
    │    │            │    │           │    └ <member '_args' of 'Handle' objects>
    │    │            │    │           └ <Handle Task.task_wakeup(<Future finis...nResetError()>)>
    │    │            │    └ <member '_callback' of 'Handle' objects>
    │    │            └ <Handle Task.task_wakeup(<Future finis...nResetError()>)>
    │    └ <member '_context' of 'Handle' objects>
    └ <Handle Task.task_wakeup(<Future finis...nResetError()>)>

  File "/root/crypto_bot/main.py", line 1254, in _proximity_loop
    await send_message(
          └ <function send_message at 0x70bf9d22ade0>

> File "/root/crypto_bot/bot/telegram.py", line 1451, in send_message
    await bot.send_message(TELEGRAM_CHAT_ID, text, reply_markup=get_main_keyboard())
          │   │            │                 │                  └ <function get_main_keyboard at 0x70bf9d2ac7c0>
          │   │            │                 └ '🎯 TUSDT цена в 1.58% от уровня 0.004434 — готовь ордер'
          │   │            └ 1093360044
          │   └ <function Bot.send_message at 0x70bf9d0e3920>
          └ <aiogram.client.bot.Bot object at 0x70bf9b7802c0>

  File "/root/crypto_bot/venv/lib/python3.12/site-packages/aiogram/client/bot.py", line 2928, in send_message
    return await self(call, request_timeout=request_timeout)
                 │    │                     └ None
                 │    └ SendMessage(chat_id=1093360044, text='🎯 TUSDT цена в 1.58% от уровня 0.004434 — готовь ордер', business_connection_id=None, m...
                 └ <aiogram.client.bot.Bot object at 0x70bf9b7802c0>
  File "/root/crypto_bot/venv/lib/python3.12/site-packages/aiogram/client/bot.py", line 493, in __call__
    return await self.session(self, method, timeout=request_timeout)
                 │    │       │     │               └ None
                 │    │       │     └ SendMessage(chat_id=1093360044, text='🎯 TUSDT цена в 1.58% от уровня 0.004434 — готовь ордер', business_connection_id=None, m...
                 │    │       └ <aiogram.client.bot.Bot object at 0x70bf9b7802c0>
                 │    └ <aiogram.client.session.aiohttp.AiohttpSession object at 0x70bf9b781400>
                 └ <aiogram.client.bot.Bot object at 0x70bf9b7802c0>
  File "/root/crypto_bot/venv/lib/python3.12/site-packages/aiogram/client/session/base.py", line 259, in __call__
    return cast(TelegramType, await middleware(bot, method))
           │    │                   │          │    └ SendMessage(chat_id=1093360044, text='🎯 TUSDT цена в 1.58% от уровня 0.004434 — готовь ордер', business_connection_id=None, m...
           │    │                   │          └ <aiogram.client.bot.Bot object at 0x70bf9b7802c0>
           │    │                   └ functools.partial(<bound method AiohttpSession.make_request of <aiogram.client.session.aiohttp.AiohttpSession object at 0x70b...
           │    └ ~TelegramType
           └ <function cast at 0x70bf9f82f380>
  File "/root/crypto_bot/venv/lib/python3.12/site-packages/aiogram/client/session/aiohttp.py", line 176, in make_request
    raise TelegramNetworkError(method=method, message=f"{type(e).__name__}: {e}") from e
          │                           └ SendMessage(chat_id=1093360044, text='🎯 TUSDT цена в 1.58% от уровня 0.004434 — готовь ордер', business_connection_id=None, m...
          └ <class 'aiogram.exceptions.TelegramNetworkError'>

aiogram.exceptions.TelegramNetworkError: HTTP Client says - ClientConnectorError: Cannot connect to host api.telegram.org:443 ssl:default [None]
2026-07-11 23:29:59 | INFO | __main__:_proximity_loop:1258 | Proximity alert sent | {'symbol': 'TUSDT', 'level': 0.004434, 'distance_pct': 1.576026637069939}
2026-07-11 23:30:05 | WARNING | data.collector:_update:77 | Failed to update candles for %s | {}
2026-07-11 23:30:38 | WARNING | data.collector:_update:77 | Failed to update candles for %s | {}
2026-07-11 23:31:23 | WARNING | data.collector:_update:77 | Failed to update candles for %s | {}
2026-07-11 23:33:12 | WARNING | data.collector:_update:77 | Failed to update candles for %s | {}
2026-07-11 23:34:34 | WARNING | data.collector:_update:77 | Failed to update candles for %s | {}
2026-07-11 23:34:46 | ERROR | __main__:_auto_screener_loop:309 | Error in auto screener loop | {'error': ''}
Traceback (most recent call last):

  File "/root/crypto_bot/venv/lib/python3.12/site-packages/aiohttp/client.py", line 779, in _request
    resp = await handler(req)
                 │       └ <aiohttp.client_reqrep.ClientRequest object at 0x70bf64669610>
                 └ <function ClientSession._request.<locals>._connect_and_send_request at 0x70bf65043380>
  File "/root/crypto_bot/venv/lib/python3.12/site-packages/aiohttp/client.py", line 734, in _connect_and_send_request
    conn = await self._connector.connect(
                 │    └ None
                 └ <aiohttp.client.ClientSession object at 0x70bf6502b2f0>
  File "/root/crypto_bot/venv/lib/python3.12/site-packages/aiohttp/connector.py", line 672, in connect
    proto = await self._create_connection(req, traces, timeout)
                  │    │                  │    │       └ ClientTimeout(total=10, connect=None, sock_read=None, sock_connect=None, ceil_threshold=5)
                  │    │                  │    └ []
                  │    │                  └ <aiohttp.client_reqrep.ClientRequest object at 0x70bf64669610>
                  │    └ <function TCPConnector._create_connection at 0x70bf9ef52020>
                  └ <aiohttp.connector.TCPConnector object at 0x70bf65029190>
  File "/root/crypto_bot/venv/lib/python3.12/site-packages/aiohttp/connector.py", line 1239, in _create_connection
    _, proto = await self._create_direct_connection(req, traces, timeout)
                     │    │                         │    │       └ ClientTimeout(total=10, connect=None, sock_read=None, sock_connect=None, ceil_threshold=5)
                     │    │                         │    └ []
                     │    │                         └ <aiohttp.client_reqrep.ClientRequest object at 0x70bf64669610>
                     │    └ <function TCPConnector._create_direct_connection at 0x70bf9ef527a0>
                     └ <aiohttp.connector.TCPConnector object at 0x70bf65029190>
  File "/root/crypto_bot/venv/lib/python3.12/site-packages/aiohttp/connector.py", line 1562, in _create_direct_connection
    hosts = await self._resolve_host(host, port, traces=traces)
                  │    │             │     │            └ []
                  │    │             │     └ 443
                  │    │             └ 'api.binance.com'
                  │    └ <function TCPConnector._resolve_host at 0x70bf9ef51f80>
                  └ <aiohttp.connector.TCPConnector object at 0x70bf65029190>
  File "/root/crypto_bot/venv/lib/python3.12/site-packages/aiohttp/connector.py", line 1178, in _resolve_host
    return await asyncio.shield(resolved_host_task)
                 │       │      └ <Task finished name='Task-786012' coro=<TCPConnector._resolve_host_with_throttle() done, defined at /root/crypto_bot/venv/lib...
                 │       └ <function shield at 0x70bf9f84a520>
                 └ <module 'asyncio' from '/usr/lib/python3.12/asyncio/__init__.py'>

asyncio.exceptions.CancelledError


The above exception was the direct cause of the following exception:


Traceback (most recent call last):

  File "/root/crypto_bot/main.py", line 2007, in <module>
    asyncio.run(main())
    │       │   └ <function main at 0x70bf9ce6ed40>
    │       └ <function run at 0x70bfa075c680>
    └ <module 'asyncio' from '/usr/lib/python3.12/asyncio/__init__.py'>

  File "/usr/lib/python3.12/asyncio/runners.py", line 194, in run
    return runner.run(main)
           │      │   └ <coroutine object main at 0x70bf9c24de40>
           │      └ <function Runner.run at 0x70bf9f857ce0>
           └ <asyncio.runners.Runner object at 0x70bf9c2e8650>
  File "/usr/lib/python3.12/asyncio/runners.py", line 118, in run
    return self._loop.run_until_complete(task)
           │    │     │                  └ <Task pending name='Task-1' coro=<main() running at /root/crypto_bot/main.py:1988> wait_for=<_GatheringFuture pending cb=[Tas...
           │    │     └ <function BaseEventLoop.run_until_complete at 0x70bf9f855940>
           │    └ <_UnixSelectorEventLoop running=True closed=False debug=False>
           └ <asyncio.runners.Runner object at 0x70bf9c2e8650>
  File "/usr/lib/python3.12/asyncio/base_events.py", line 674, in run_until_complete
    self.run_forever()
    │    └ <function BaseEventLoop.run_forever at 0x70bf9f8558a0>
    └ <_UnixSelectorEventLoop running=True closed=False debug=False>
  File "/usr/lib/python3.12/asyncio/base_events.py", line 641, in run_forever
    self._run_once()
    │    └ <function BaseEventLoop._run_once at 0x70bf9f8576a0>
    └ <_UnixSelectorEventLoop running=True closed=False debug=False>
  File "/usr/lib/python3.12/asyncio/base_events.py", line 1987, in _run_once
    handle._run()
    │      └ <function Handle._run at 0x70bf9f9a1bc0>
    └ <Handle <_asyncio.TaskStepMethWrapper object at 0x70bf6555e290>()>
  File "/usr/lib/python3.12/asyncio/events.py", line 88, in _run
    self._context.run(self._callback, *self._args)
    │    │            │    │           │    └ <member '_args' of 'Handle' objects>
    │    │            │    │           └ <Handle <_asyncio.TaskStepMethWrapper object at 0x70bf6555e290>()>
    │    │            │    └ <member '_callback' of 'Handle' objects>
    │    │            └ <Handle <_asyncio.TaskStepMethWrapper object at 0x70bf6555e290>()>
    │    └ <member '_context' of 'Handle' objects>
    └ <Handle <_asyncio.TaskStepMethWrapper object at 0x70bf6555e290>()>

> File "/root/crypto_bot/main.py", line 177, in _auto_screener_loop
    rows = await _run_screener()
                 └ <function run_screener at 0x70bf9d3fb920>

  File "/root/crypto_bot/analysis/screener.py", line 31, in run_screener
    client = await AsyncClient.create()
                   │           └ <classmethod(<function AsyncClient.create at 0x70bf9de105e0>)>
                   └ <class 'binance.async_client.AsyncClient'>

  File "/root/crypto_bot/venv/lib/python3.12/site-packages/binance/async_client.py", line 107, in create
    await self.ping()
          │    └ <function AsyncClient.ping at 0x70bf9de11300>
          └ <binance.async_client.AsyncClient object at 0x70bf6502ab70>
  File "/root/crypto_bot/venv/lib/python3.12/site-packages/binance/async_client.py", line 341, in ping
    return await self._get("ping")
                 │    └ <function AsyncClient._get at 0x70bf9de10ea0>
                 └ <binance.async_client.AsyncClient object at 0x70bf6502ab70>
  File "/root/crypto_bot/venv/lib/python3.12/site-packages/binance/async_client.py", line 294, in _get
    return await self._request_api("get", path, signed, version, **kwargs)
                 │    │                   │     │       │          └ {}
                 │    │                   │     │       └ 'v3'
                 │    │                   │     └ False
                 │    │                   └ 'ping'
                 │    └ <function AsyncClient._request_api at 0x70bf9de10900>
                 └ <binance.async_client.AsyncClient object at 0x70bf6502ab70>
  File "/root/crypto_bot/venv/lib/python3.12/site-packages/binance/async_client.py", line 229, in _request_api
    return await self._request(method, uri, signed, force_params, **kwargs)
                 │    │        │       │    │       │               └ {}
                 │    │        │       │    │       └ False
                 │    │        │       │    └ False
                 │    │        │       └ 'https://api.binance.com/api/v3/ping'
                 │    │        └ 'get'
                 │    └ <function AsyncClient._request at 0x70bf9de107c0>
                 └ <binance.async_client.AsyncClient object at 0x70bf6502ab70>
  File "/root/crypto_bot/venv/lib/python3.12/site-packages/binance/async_client.py", line 177, in _request
    async with getattr(self.session, method)(
                       │    │        └ 'get'
                       │    └ <aiohttp.client.ClientSession object at 0x70bf6502b2f0>
                       └ <binance.async_client.AsyncClient object at 0x70bf6502ab70>
  File "/root/crypto_bot/venv/lib/python3.12/site-packages/aiohttp/client.py", line 1510, in __aenter__
    self._resp: _RetType = await self._coro
    │    │                       │    └ <member '_coro' of '_BaseRequestContextManager' objects>
    │    │                       └ <aiohttp.client._BaseRequestContextManager object at 0x70bf6555fc10>
    │    └ <member '_resp' of '_BaseRequestContextManager' objects>
    └ <aiohttp.client._BaseRequestContextManager object at 0x70bf6555fc10>
  File "/root/crypto_bot/venv/lib/python3.12/site-packages/aiohttp/client.py", line 624, in _request
    with timer:
         └ <aiohttp.helpers.TimerContext object at 0x70bf6597b520>
  File "/root/crypto_bot/venv/lib/python3.12/site-packages/aiohttp/helpers.py", line 713, in __exit__
    raise asyncio.TimeoutError from exc_val
          │       │                 └ CancelledError()
          │       └ <class 'TimeoutError'>
          └ <module 'asyncio' from '/usr/lib/python3.12/asyncio/__init__.py'>

TimeoutError
2026-07-11 23:35:33 | WARNING | data.collector:_update:77 | Failed to update candles for %s | {}
2026-07-11 23:35:42 | INFO | trading.strategy2_signal_filter:check:493 | S2 skip: approach>=block (G3, level exhausted) | {'symbol': 'TUSDT', 'level': 0.004434, 'approach_count': 16, 'block_threshold': 4}
2026-07-11 23:35:43 | INFO | trading.strategy2_signal_filter:check:505 | S2: level marked dead, monitor will stop sending proximity | {'symbol': 'TUSDT', 'level': 0.004434, 'approach_count': 16}
2026-07-11 23:37:06 | WARNING | data.collector:_update:77 | Failed to update candles for %s | {}
2026-07-11 23:38:03 | WARNING | data.collector:_update:77 | Failed to update candles for %s | {}
2026-07-11 23:39:09 | WARNING | data.collector:_update:77 | Failed to update candles for %s | {}
2026-07-11 23:39:56 | WARNING | data.collector:_update:77 | Failed to update candles for %s | {}
2026-07-11 23:40:47 | WARNING | data.collector:_update:77 | Failed to update candles for %s | {}
2026-07-11 23:41:16 | WARNING | data.collector:_update:77 | Failed to update candles for %s | {}
2026-07-11 23:43:19 | WARNING | data.collector:_update:77 | Failed to update candles for %s | {}
2026-07-11 23:44:42 | WARNING | data.collector:_update:77 | Failed to update candles for %s | {}
2026-07-11 23:45:45 | WARNING | data.collector:_update:77 | Failed to update candles for %s | {}
2026-07-11 23:46:48 | INFO | __main__:_trigger_loop:357 | Trigger activated | {'symbol': 'TUSDT'}
2026-07-12 00:12:21 | WARNING | data.collector:_update:77 | Failed to update candles for %s | {}
2026-07-12 00:12:22 | ERROR | __main__:_auto_screener_loop:309 | Error in auto screener loop | {'error': ''}
Traceback (most recent call last):

  File "/root/crypto_bot/venv/lib/python3.12/site-packages/aiohttp/client.py", line 779, in _request
    resp = await handler(req)
                 │       └ <aiohttp.client_reqrep.ClientRequest object at 0x70bf901d4110>
                 └ <function ClientSession._request.<locals>._connect_and_send_request at 0x70bf6501f600>
  File "/root/crypto_bot/venv/lib/python3.12/site-packages/aiohttp/client.py", line 734, in _connect_and_send_request
    conn = await self._connector.connect(
                 │    └ None
                 └ <aiohttp.client.ClientSession object at 0x70bf646688c0>
  File "/root/crypto_bot/venv/lib/python3.12/site-packages/aiohttp/connector.py", line 672, in connect
    proto = await self._create_connection(req, traces, timeout)
                  │    │                  │    │       └ ClientTimeout(total=10, connect=None, sock_read=None, sock_connect=None, ceil_threshold=5)
                  │    │                  │    └ []
                  │    │                  └ <aiohttp.client_reqrep.ClientRequest object at 0x70bf901d4110>
                  │    └ <function TCPConnector._create_connection at 0x70bf9ef52020>
                  └ <aiohttp.connector.TCPConnector object at 0x70bf6466aea0>
  File "/root/crypto_bot/venv/lib/python3.12/site-packages/aiohttp/connector.py", line 1239, in _create_connection
    _, proto = await self._create_direct_connection(req, traces, timeout)
                     │    │                         │    │       └ ClientTimeout(total=10, connect=None, sock_read=None, sock_connect=None, ceil_threshold=5)
                     │    │                         │    └ []
                     │    │                         └ <aiohttp.client_reqrep.ClientRequest object at 0x70bf901d4110>
                     │    └ <function TCPConnector._create_direct_connection at 0x70bf9ef527a0>
                     └ <aiohttp.connector.TCPConnector object at 0x70bf6466aea0>
  File "/root/crypto_bot/venv/lib/python3.12/site-packages/aiohttp/connector.py", line 1562, in _create_direct_connection
    hosts = await self._resolve_host(host, port, traces=traces)
                  │    │             │     │            └ []
                  │    │             │     └ 443
                  │    │             └ 'api.binance.com'
                  │    └ <function TCPConnector._resolve_host at 0x70bf9ef51f80>
                  └ <aiohttp.connector.TCPConnector object at 0x70bf6466aea0>
  File "/root/crypto_bot/venv/lib/python3.12/site-packages/aiohttp/connector.py", line 1178, in _resolve_host
    return await asyncio.shield(resolved_host_task)
                 │       │      └ <Task finished name='Task-786045' coro=<TCPConnector._resolve_host_with_throttle() done, defined at /root/crypto_bot/venv/lib...
                 │       └ <function shield at 0x70bf9f84a520>
                 └ <module 'asyncio' from '/usr/lib/python3.12/asyncio/__init__.py'>

asyncio.exceptions.CancelledError


The above exception was the direct cause of the following exception:


Traceback (most recent call last):

  File "/root/crypto_bot/main.py", line 2007, in <module>
    asyncio.run(main())
    │       │   └ <function main at 0x70bf9ce6ed40>
    │       └ <function run at 0x70bfa075c680>
    └ <module 'asyncio' from '/usr/lib/python3.12/asyncio/__init__.py'>

  File "/usr/lib/python3.12/asyncio/runners.py", line 194, in run
    return runner.run(main)
           │      │   └ <coroutine object main at 0x70bf9c24de40>
           │      └ <function Runner.run at 0x70bf9f857ce0>
           └ <asyncio.runners.Runner object at 0x70bf9c2e8650>
  File "/usr/lib/python3.12/asyncio/runners.py", line 118, in run
    return self._loop.run_until_complete(task)
           │    │     │                  └ <Task pending name='Task-1' coro=<main() running at /root/crypto_bot/main.py:1988> wait_for=<_GatheringFuture pending cb=[Tas...
           │    │     └ <function BaseEventLoop.run_until_complete at 0x70bf9f855940>
           │    └ <_UnixSelectorEventLoop running=True closed=False debug=False>
           └ <asyncio.runners.Runner object at 0x70bf9c2e8650>
  File "/usr/lib/python3.12/asyncio/base_events.py", line 674, in run_until_complete
    self.run_forever()
    │    └ <function BaseEventLoop.run_forever at 0x70bf9f8558a0>
    └ <_UnixSelectorEventLoop running=True closed=False debug=False>
  File "/usr/lib/python3.12/asyncio/base_events.py", line 641, in run_forever
    self._run_once()
    │    └ <function BaseEventLoop._run_once at 0x70bf9f8576a0>
    └ <_UnixSelectorEventLoop running=True closed=False debug=False>
  File "/usr/lib/python3.12/asyncio/base_events.py", line 1987, in _run_once
    handle._run()
    │      └ <function Handle._run at 0x70bf9f9a1bc0>
    └ <Handle <_asyncio.TaskStepMethWrapper object at 0x70bf6555f1c0>()>
  File "/usr/lib/python3.12/asyncio/events.py", line 88, in _run
    self._context.run(self._callback, *self._args)
    │    │            │    │           │    └ <member '_args' of 'Handle' objects>
    │    │            │    │           └ <Handle <_asyncio.TaskStepMethWrapper object at 0x70bf6555f1c0>()>
    │    │            │    └ <member '_callback' of 'Handle' objects>
    │    │            └ <Handle <_asyncio.TaskStepMethWrapper object at 0x70bf6555f1c0>()>
    │    └ <member '_context' of 'Handle' objects>
    └ <Handle <_asyncio.TaskStepMethWrapper object at 0x70bf6555f1c0>()>

> File "/root/crypto_bot/main.py", line 177, in _auto_screener_loop
    rows = await _run_screener()
                 └ <function run_screener at 0x70bf9d3fb920>

  File "/root/crypto_bot/analysis/screener.py", line 31, in run_screener
    client = await AsyncClient.create()
                   │           └ <classmethod(<function AsyncClient.create at 0x70bf9de105e0>)>
                   └ <class 'binance.async_client.AsyncClient'>

  File "/root/crypto_bot/venv/lib/python3.12/site-packages/binance/async_client.py", line 107, in create
    await self.ping()
          │    └ <function AsyncClient.ping at 0x70bf9de11300>
          └ <binance.async_client.AsyncClient object at 0x70bf65acf5c0>
  File "/root/crypto_bot/venv/lib/python3.12/site-packages/binance/async_client.py", line 341, in ping
    return await self._get("ping")
                 │    └ <function AsyncClient._get at 0x70bf9de10ea0>
                 └ <binance.async_client.AsyncClient object at 0x70bf65acf5c0>
  File "/root/crypto_bot/venv/lib/python3.12/site-packages/binance/async_client.py", line 294, in _get
    return await self._request_api("get", path, signed, version, **kwargs)
                 │    │                   │     │       │          └ {}
                 │    │                   │     │       └ 'v3'
                 │    │                   │     └ False
                 │    │                   └ 'ping'
                 │    └ <function AsyncClient._request_api at 0x70bf9de10900>
                 └ <binance.async_client.AsyncClient object at 0x70bf65acf5c0>
  File "/root/crypto_bot/venv/lib/python3.12/site-packages/binance/async_client.py", line 229, in _request_api
    return await self._request(method, uri, signed, force_params, **kwargs)
                 │    │        │       │    │       │               └ {}
                 │    │        │       │    │       └ False
                 │    │        │       │    └ False
                 │    │        │       └ 'https://api.binance.com/api/v3/ping'
                 │    │        └ 'get'
                 │    └ <function AsyncClient._request at 0x70bf9de107c0>
                 └ <binance.async_client.AsyncClient object at 0x70bf65acf5c0>
  File "/root/crypto_bot/venv/lib/python3.12/site-packages/binance/async_client.py", line 177, in _request
    async with getattr(self.session, method)(
                       │    │        └ 'get'
                       │    └ <aiohttp.client.ClientSession object at 0x70bf646688c0>
                       └ <binance.async_client.AsyncClient object at 0x70bf65acf5c0>
  File "/root/crypto_bot/venv/lib/python3.12/site-packages/aiohttp/client.py", line 1510, in __aenter__
    self._resp: _RetType = await self._coro
    │    │                       │    └ <member '_coro' of '_BaseRequestContextManager' objects>
    │    │                       └ <aiohttp.client._BaseRequestContextManager object at 0x70bf901d7550>
    │    └ <member '_resp' of '_BaseRequestContextManager' objects>
    └ <aiohttp.client._BaseRequestContextManager object at 0x70bf901d7550>
  File "/root/crypto_bot/venv/lib/python3.12/site-packages/aiohttp/client.py", line 624, in _request
    with timer:
         └ <aiohttp.helpers.TimerContext object at 0x70bf659799a0>
  File "/root/crypto_bot/venv/lib/python3.12/site-packages/aiohttp/helpers.py", line 713, in __exit__
    raise asyncio.TimeoutError from exc_val
          │       │                 └ CancelledError()
          │       └ <class 'TimeoutError'>
          └ <module 'asyncio' from '/usr/lib/python3.12/asyncio/__init__.py'>

TimeoutError
2026-07-12 00:13:08 | WARNING | data.collector:_update:77 | Failed to update candles for %s | {}
2026-07-12 00:13:46 | WARNING | data.collector:_update:77 | Failed to update candles for %s | {}
2026-07-12 00:14:08 | WARNING | data.collector:_update:77 | Failed to update candles for %s | {}
2026-07-12 00:14:30 | WARNING | data.collector:_update:77 | Failed to update candles for %s | {}
2026-07-12 00:14:31 | INFO | trading.strategy2_signal_filter:check:493 | S2 skip: approach>=block (G3, level exhausted) | {'symbol': 'TUSDT', 'level': 0.004434, 'approach_count': 16, 'block_threshold': 4}
2026-07-12 00:14:33 | INFO | trading.strategy2_signal_filter:check:493 | S2 skip: approach>=block (G3, level exhausted) | {'symbol': 'TUSDT', 'level': 0.004434, 'approach_count': 16, 'block_threshold': 4}
2026-07-12 00:14:33 | INFO | trading.strategy2_signal_filter:check:493 | S2 skip: approach>=block (G3, level exhausted) | {'symbol': 'TUSDT', 'level': 0.004434, 'approach_count': 16, 'block_threshold': 4}
2026-07-12 00:14:34 | INFO | trading.strategy2_signal_filter:check:493 | S2 skip: approach>=block (G3, level exhausted) | {'symbol': 'TUSDT', 'level': 0.004434, 'approach_count': 16, 'block_threshold': 4}
2026-07-12 00:14:34 | INFO | trading.strategy2_signal_filter:check:493 | S2 skip: approach>=block (G3, level exhausted) | {'symbol': 'TUSDT', 'level': 0.004434, 'approach_count': 16, 'block_threshold': 4}
2026-07-12 00:14:35 | INFO | trading.strategy2_signal_filter:check:493 | S2 skip: approach>=block (G3, level exhausted) | {'symbol': 'TUSDT', 'level': 0.004434, 'approach_count': 16, 'block_threshold': 4}
2026-07-12 00:14:36 | INFO | trading.strategy2_signal_filter:check:493 | S2 skip: approach>=block (G3, level exhausted) | {'symbol': 'TUSDT', 'level': 0.004434, 'approach_count': 16, 'block_threshold': 4}
2026-07-12 00:14:36 | INFO | trading.strategy2_signal_filter:check:493 | S2 skip: approach>=block (G3, level exhausted) | {'symbol': 'TUSDT', 'level': 0.004434, 'approach_count': 16, 'block_threshold': 4}
2026-07-12 00:14:37 | INFO | trading.strategy2_signal_filter:check:493 | S2 skip: approach>=block (G3, level exhausted) | {'symbol': 'TUSDT', 'level': 0.004434, 'approach_count': 16, 'block_threshold': 4}
2026-07-12 00:14:37 | INFO | trading.strategy2_signal_filter:check:493 | S2 skip: approach>=block (G3, level exhausted) | {'symbol': 'TUSDT', 'level': 0.004434, 'approach_count': 16, 'block_threshold': 4}
2026-07-12 00:14:40 | INFO | trading.strategy2_signal_filter:check:493 | S2 skip: approach>=block (G3, level exhausted) | {'symbol': 'TUSDT', 'level': 0.004434, 'approach_count': 16, 'block_threshold': 4}
2026-07-12 00:14:51 | INFO | __main__:_trigger_loop:357 | Trigger activated | {'symbol': 'EVAAUSDT'}
2026-07-12 00:22:24 | INFO | __main__:_run_phase1:575 | Replaced old monitor with closer level | {'symbol': 'EVAAUSDT', 'old': 1.6609, 'new': 1.6998}
2026-07-12 00:22:24 | INFO | __main__:_monitored:798 | Monitor cancelled | {'symbol': 'EVAAUSDT', 'level': 1.6609}
2026-07-12 00:22:25 | WARNING | data.collector:_update:77 | Failed to update candles for %s | {}
2026-07-12 00:22:26 | INFO | __main__:_run_phase1:652 | Level monitoring started | {'symbol': 'EVAAUSDT', 'level': 1.6998, 'strength': 5}
2026-07-12 00:22:26 | INFO | trading.strategy2_signal_filter:check:493 | S2 skip: approach>=block (G3, level exhausted) | {'symbol': 'TUSDT', 'level': 0.004434, 'approach_count': 16, 'block_threshold': 4}
2026-07-12 00:22:26 | INFO | trading.strategy2_signal_filter:check:493 | S2 skip: approach>=block (G3, level exhausted) | {'symbol': 'TUSDT', 'level': 0.004434, 'approach_count': 16, 'block_threshold': 4}
2026-07-12 00:22:26 | INFO | trading.strategy2_signal_filter:check:493 | S2 skip: approach>=block (G3, level exhausted) | {'symbol': 'TUSDT', 'level': 0.004434, 'approach_count': 16, 'block_threshold': 4}
2026-07-12 00:22:26 | INFO | trading.strategy2_signal_filter:check:493 | S2 skip: approach>=block (G3, level exhausted) | {'symbol': 'TUSDT', 'level': 0.004434, 'approach_count': 16, 'block_threshold': 4}
2026-07-12 00:22:26 | INFO | trading.strategy2_signal_filter:check:493 | S2 skip: approach>=block (G3, level exhausted) | {'symbol': 'TUSDT', 'level': 0.004434, 'approach_count': 16, 'block_threshold': 4}
2026-07-12 00:22:27 | INFO | trading.strategy2_signal_filter:check:493 | S2 skip: approach>=block (G3, level exhausted) | {'symbol': 'TUSDT', 'level': 0.004434, 'approach_count': 16, 'block_threshold': 4}
2026-07-12 00:22:27 | INFO | trading.strategy2_signal_filter:check:493 | S2 skip: approach>=block (G3, level exhausted) | {'symbol': 'TUSDT', 'level': 0.004434, 'approach_count': 16, 'block_threshold': 4}
2026-07-12 00:22:27 | INFO | trading.strategy2_signal_filter:check:493 | S2 skip: approach>=block (G3, level exhausted) | {'symbol': 'TUSDT', 'level': 0.004434, 'approach_count': 16, 'block_threshold': 4}
2026-07-12 00:22:27 | INFO | trading.strategy2_signal_filter:check:493 | S2 skip: approach>=block (G3, level exhausted) | {'symbol': 'TUSDT', 'level': 0.004434, 'approach_count': 16, 'block_threshold': 4}
2026-07-12 00:22:27 | INFO | trading.strategy2_signal_filter:check:493 | S2 skip: approach>=block (G3, level exhausted) | {'symbol': 'TUSDT', 'level': 0.004434, 'approach_count': 16, 'block_threshold': 4}
2026-07-12 00:22:27 | INFO | trading.strategy2_signal_filter:check:493 | S2 skip: approach>=block (G3, level exhausted) | {'symbol': 'TUSDT', 'level': 0.004434, 'approach_count': 16, 'block_threshold': 4}
2026-07-12 00:22:27 | INFO | trading.strategy2_signal_filter:check:493 | S2 skip: approach>=block (G3, level exhausted) | {'symbol': 'TUSDT', 'level': 0.004434, 'approach_count': 16, 'block_threshold': 4}
2026-07-12 00:22:27 | INFO | trading.strategy2_signal_filter:check:493 | S2 skip: approach>=block (G3, level exhausted) | {'symbol': 'TUSDT', 'level': 0.004434, 'approach_count': 16, 'block_threshold': 4}
2026-07-12 00:22:27 | INFO | trading.strategy2_signal_filter:check:493 | S2 skip: approach>=block (G3, level exhausted) | {'symbol': 'TUSDT', 'level': 0.004434, 'approach_count': 16, 'block_threshold': 4}
2026-07-12 00:22:27 | INFO | trading.strategy2_signal_filter:check:493 | S2 skip: approach>=block (G3, level exhausted) | {'symbol': 'TUSDT', 'level': 0.004434, 'approach_count': 16, 'block_threshold': 4}
2026-07-12 00:22:27 | INFO | trading.strategy2_signal_filter:check:493 | S2 skip: approach>=block (G3, level exhausted) | {'symbol': 'TUSDT', 'level': 0.004434, 'approach_count': 16, 'block_threshold': 4}
2026-07-12 00:22:27 | INFO | trading.strategy2_signal_filter:check:493 | S2 skip: approach>=block (G3, level exhausted) | {'symbol': 'TUSDT', 'level': 0.004434, 'approach_count': 16, 'block_threshold': 4}
2026-07-12 00:22:27 | INFO | trading.strategy2_signal_filter:check:493 | S2 skip: approach>=block (G3, level exhausted) | {'symbol': 'TUSDT', 'level': 0.004434, 'approach_count': 16, 'block_threshold': 4}
2026-07-12 00:22:27 | INFO | trading.strategy2_signal_filter:check:493 | S2 skip: approach>=block (G3, level exhausted) | {'symbol': 'TUSDT', 'level': 0.004434, 'approach_count': 16, 'block_threshold': 4}
2026-07-12 00:22:27 | INFO | trading.strategy2_signal_filter:check:493 | S2 skip: approach>=block (G3, level exhausted) | {'symbol': 'TUSDT', 'level': 0.004434, 'approach_count': 16, 'block_threshold': 4}
2026-07-12 00:22:27 | INFO | trading.strategy2_signal_filter:check:493 | S2 skip: approach>=block (G3, level exhausted) | {'symbol': 'TUSDT', 'level': 0.004434, 'approach_count': 16, 'block_threshold': 4}
2026-07-12 00:22:27 | INFO | trading.strategy2_signal_filter:check:493 | S2 skip: approach>=block (G3, level exhausted) | {'symbol': 'TUSDT', 'level': 0.004434, 'approach_count': 16, 'block_threshold': 4}
2026-07-12 00:22:27 | INFO | trading.strategy2_signal_filter:check:493 | S2 skip: approach>=block (G3, level exhausted) | {'symbol': 'TUSDT', 'level': 0.004434, 'approach_count': 16, 'block_threshold': 4}
2026-07-12 00:22:27 | INFO | trading.strategy2_signal_filter:check:493 | S2 skip: approach>=block (G3, level exhausted) | {'symbol': 'VELVETUSDT', 'level': 0.43755, 'approach_count': 4, 'block_threshold': 4}
2026-07-12 00:22:27 | INFO | trading.strategy2_signal_filter:check:493 | S2 skip: approach>=block (G3, level exhausted) | {'symbol': 'TUSDT', 'level': 0.004434, 'approach_count': 16, 'block_threshold': 4}
2026-07-12 00:22:36 | INFO | __main__:_monitored:787 | Level outcome saved | {'symbol': 'EVAAUSDT', 'level': 1.6998, 'result': 'пробой', 'outcome': 'breakout', 'duration': 10.1}
2026-07-12 00:22:36 | INFO | __main__:_start_next_level_after_breakout:998 | No next level started but cache has candidates, keeping symbol | {'symbol': 'EVAAUSDT'}
2026-07-12 00:22:40 | INFO | trading.strategy2_signal_filter:check:493 | S2 skip: approach>=block (G3, level exhausted) | {'symbol': 'VELVETUSDT', 'level': 0.43755, 'approach_count': 4, 'block_threshold': 4}
2026-07-12 00:22:49 | INFO | __main__:_auto_screener_loop:306 | Auto screener completed | {'total': 2, 'new': 0}
2026-07-12 00:22:51 | INFO | __main__:_trigger_loop:357 | Trigger activated | {'symbol': 'BUSDT'}
2026-07-12 00:22:51 | INFO | __main__:_run_phase1:414 | Pump degraded, skipping monitoring | {'symbol': 'BUSDT', 'health': 45, 'broken': 0, 'correction': '56%'}
2026-07-12 00:22:55 | INFO | trading.strategy2_signal_filter:check:493 | S2 skip: approach>=block (G3, level exhausted) | {'symbol': 'VELVETUSDT', 'level': 0.43755, 'approach_count': 4, 'block_threshold': 4}
2026-07-12 00:22:55 | INFO | __main__:_proximity_arm_loop:1948 | proximity-arm activated | {'symbol': 'BEATUSDT', 'level': 2.271, 'type': 'pump_base', 'strength': 5, 'dist_atr': 2.36}
2026-07-12 00:22:55 | INFO | __main__:_run_phase1:414 | Pump degraded, skipping monitoring | {'symbol': 'BEATUSDT', 'health': 20, 'broken': 0, 'correction': '199%'}
2026-07-12 00:23:10 | INFO | trading.strategy2_signal_filter:check:493 | S2 skip: approach>=block (G3, level exhausted) | {'symbol': 'VELVETUSDT', 'level': 0.43755, 'approach_count': 4, 'block_threshold': 4}
2026-07-12 00:23:25 | INFO | trading.strategy2_signal_filter:check:493 | S2 skip: approach>=block (G3, level exhausted) | {'symbol': 'VELVETUSDT', 'level': 0.43755, 'approach_count': 4, 'block_threshold': 4}
2026-07-12 00:23:40 | INFO | trading.strategy2_signal_filter:check:493 | S2 skip: approach>=block (G3, level exhausted) | {'symbol': 'VELVETUSDT', 'level': 0.43755, 'approach_count': 4, 'block_threshold': 4}
2026-07-12 00:23:55 | INFO | trading.strategy2_signal_filter:check:493 | S2 skip: approach>=block (G3, level exhausted) | {'symbol': 'VELVETUSDT', 'level': 0.43755, 'approach_count': 4, 'block_threshold': 4}
2026-07-12 00:23:55 | INFO | __main__:_proximity_arm_loop:1948 | proximity-arm activated | {'symbol': 'SXTUSDT', 'level': 0.00923, 'type': 'pump_base', 'strength': 5, 'dist_atr': 1.13}
2026-07-12 00:23:55 | INFO | __main__:_run_phase1:652 | Level monitoring started | {'symbol': 'SXTUSDT', 'level': 0.007473, 'strength': 5}
2026-07-12 00:24:10 | INFO | trading.strategy2_signal_filter:check:493 | S2 skip: approach>=block (G3, level exhausted) | {'symbol': 'VELVETUSDT', 'level': 0.43755, 'approach_count': 4, 'block_threshold': 4}
2026-07-12 00:24:25 | INFO | trading.strategy2_signal_filter:check:493 | S2 skip: approach>=block (G3, level exhausted) | {'symbol': 'VELVETUSDT', 'level': 0.43755, 'approach_count': 4, 'block_threshold': 4}
2026-07-12 00:24:40 | INFO | trading.strategy2_signal_filter:check:493 | S2 skip: approach>=block (G3, level exhausted) | {'symbol': 'VELVETUSDT', 'level': 0.43755, 'approach_count': 4, 'block_threshold': 4}
2026-07-12 00:24:53 | INFO | trading.strategy2_signal_filter:check:641 | S2 market phase | {'symbol': 'CLOUSDT', 'phase': 'drop_tradeable', 'note': 'drop_tradeable:bq=0.67'}
2026-07-12 00:24:55 | INFO | trading.strategy2_signal_filter:check:493 | S2 skip: approach>=block (G3, level exhausted) | {'symbol': 'VELVETUSDT', 'level': 0.43755, 'approach_count': 4, 'block_threshold': 4}
2026-07-12 00:24:58 | INFO | trading.strategy2_signal_filter:check:641 | S2 market phase | {'symbol': 'CLOUSDT', 'phase': 'drop_tradeable', 'note': 'drop_tradeable:bq=0.67'}
2026-07-12 00:25:03 | INFO | trading.strategy2_signal_filter:check:641 | S2 market phase | {'symbol': 'CLOUSDT', 'phase': 'drop_tradeable', 'note': 'drop_tradeable:bq=0.67'}
2026-07-12 00:25:08 | INFO | trading.strategy2_signal_filter:check:641 | S2 market phase | {'symbol': 'CLOUSDT', 'phase': 'drop_tradeable', 'note': 'drop_tradeable:bq=0.67'}
2026-07-12 00:25:10 | INFO | trading.strategy2_signal_filter:check:493 | S2 skip: approach>=block (G3, level exhausted) | {'symbol': 'VELVETUSDT', 'level': 0.43755, 'approach_count': 4, 'block_threshold': 4}
2026-07-12 00:25:13 | INFO | trading.strategy2_signal_filter:check:641 | S2 market phase | {'symbol': 'CLOUSDT', 'phase': 'drop_tradeable', 'note': 'drop_tradeable:bq=0.67'}
2026-07-12 00:25:18 | INFO | trading.strategy2_signal_filter:check:641 | S2 market phase | {'symbol': 'CLOUSDT', 'phase': 'drop_tradeable', 'note': 'drop_tradeable:bq=0.67'}
2026-07-12 00:25:23 | INFO | trading.strategy2_signal_filter:check:641 | S2 market phase | {'symbol': 'CLOUSDT', 'phase': 'drop_tradeable', 'note': 'drop_tradeable:bq=0.67'}
2026-07-12 00:25:25 | INFO | trading.strategy2_signal_filter:check:493 | S2 skip: approach>=block (G3, level exhausted) | {'symbol': 'VELVETUSDT', 'level': 0.43755, 'approach_count': 4, 'block_threshold': 4}
2026-07-12 00:25:28 | INFO | trading.strategy2_signal_filter:check:641 | S2 market phase | {'symbol': 'CLOUSDT', 'phase': 'drop_tradeable', 'note': 'drop_tradeable:bq=0.67'}
2026-07-12 00:25:28 | INFO | trading.strategy2_signal_filter:check:948 | S2 signal passed all filters | {'symbol': 'CLOUSDT', 'level': 0.25507, 'level_type': 'pump_base', 'strength': 5, 'p_bounce': 0.948, 'sl': 0.25153821, 'tp1': 0.2577, 'tp2': 0.26408786, 'rr': 0.74, 'phase': 'drop_tradeable', 'pos_struct_pct': 77.7, 'pos_local_pct': 16.0, 'struct_range': [0.1961, 0.272], 'approach_speed_pct': -4.1763, 'red_candles_streak': 6, 'phase_streak_checks': 8, 'phase_streak_seconds': 35.6, 'bleed_in_last_12': 0, 'seconds_since_bleed': 11067.6, 'phase_seq': 'ffffdddddddd', 'hours_since_pump_peak': 4.7, 'vol_decay': 1.05, 'natr_now_pct': 2.43}
2026-07-12 00:25:29 | INFO | trading.strategy2_live:_open_grid:784 | S2Live: SL order placed | {'trade_id': '6319e8fb-e78a-4e7a-8c2d-20de3be299b0', 'symbol': 'CLOUSDT', 'sl_order_id': '03d0a788-5f7c-4423-8422-9eb08f8dabbf', 'trigger': 0.25154, 'qty': 788.0}
2026-07-12 00:25:29 | INFO | bot.telegram:send_close_with_chart:1480 | chart candles available: CLOUSDT 300 | {}
2026-07-12 00:25:30 | INFO | trading.strategy2_live:_open_grid:817 | S2Live grid opened | {'trade_id': '6319e8fb-e78a-4e7a-8c2d-20de3be299b0', 'symbol': 'CLOUSDT', 'orders': 2}
2026-07-12 00:25:40 | INFO | trading.strategy2_signal_filter:check:493 | S2 skip: approach>=block (G3, level exhausted) | {'symbol': 'VELVETUSDT', 'level': 0.43755, 'approach_count': 4, 'block_threshold': 4}
2026-07-12 00:25:55 | INFO | trading.strategy2_signal_filter:check:493 | S2 skip: approach>=block (G3, level exhausted) | {'symbol': 'VELVETUSDT', 'level': 0.43755, 'approach_count': 4, 'block_threshold': 4}
2026-07-12 00:26:10 | INFO | trading.strategy2_signal_filter:check:493 | S2 skip: approach>=block (G3, level exhausted) | {'symbol': 'VELVETUSDT', 'level': 0.43755, 'approach_count': 4, 'block_threshold': 4}
2026-07-12 00:26:25 | INFO | trading.strategy2_signal_filter:check:493 | S2 skip: approach>=block (G3, level exhausted) | {'symbol': 'VELVETUSDT', 'level': 0.43755, 'approach_count': 4, 'block_threshold': 4}
2026-07-12 00:26:40 | INFO | trading.strategy2_signal_filter:check:493 | S2 skip: approach>=block (G3, level exhausted) | {'symbol': 'VELVETUSDT', 'level': 0.43755, 'approach_count': 4, 'block_threshold': 4}
2026-07-12 00:26:55 | INFO | trading.strategy2_signal_filter:check:493 | S2 skip: approach>=block (G3, level exhausted) | {'symbol': 'VELVETUSDT', 'level': 0.43755, 'approach_count': 4, 'block_threshold': 4}
2026-07-12 00:27:10 | INFO | trading.strategy2_signal_filter:check:493 | S2 skip: approach>=block (G3, level exhausted) | {'symbol': 'VELVETUSDT', 'level': 0.43755, 'approach_count': 4, 'block_threshold': 4}
2026-07-12 00:27:25 | INFO | __main__:_stale_monitor_loop:1179 | Stale monitor cancelled — rebuilding | {'symbol': 'SXTUSDT', 'level': 0.007473, 'current': 0.009277, 'distance_pct': 19.4}
2026-07-12 00:27:25 | INFO | __main__:_monitored:798 | Monitor cancelled | {'symbol': 'SXTUSDT', 'level': 0.007473}
2026-07-12 00:27:26 | INFO | __main__:_run_phase1:535 | No strong levels found | {'symbol': 'SXTUSDT', 'total_levels': 1}
2026-07-12 00:27:26 | INFO | trading.strategy2_signal_filter:check:493 | S2 skip: approach>=block (G3, level exhausted) | {'symbol': 'VELVETUSDT', 'level': 0.43755, 'approach_count': 4, 'block_threshold': 4}
2026-07-12 00:27:36 | INFO | analysis.monitor:start_monitor:126 | monitor: skip level with non-positive p_bounce (won't pass entry filter) | {'symbol': 'CLOUSDT', 'level': 0.25745305555555553, 'level_type': 'wick_level', 'p_bounce': 0.0, 'expected_depth': 0.0}
2026-07-12 00:27:36 | INFO | __main__:_monitored:798 | Monitor cancelled | {'symbol': 'CLOUSDT', 'level': 0.25507}
2026-07-12 00:27:36 | INFO | __main__:_start_resistance_after_bounce:1116 | Resistance monitor started | {'symbol': 'CLOUSDT', 'resistance': 0.25745305555555553, 'from_support': 0.25507}
2026-07-12 00:27:36 | INFO | __main__:_monitored:787 | Level outcome saved | {'symbol': 'CLOUSDT', 'level': 0.25745305555555553, 'result': 'отбой', 'outcome': None, 'duration': 0.0}
2026-07-12 00:27:41 | INFO | trading.strategy2_signal_filter:check:493 | S2 skip: approach>=block (G3, level exhausted) | {'symbol': 'VELVETUSDT', 'level': 0.43755, 'approach_count': 4, 'block_threshold': 4}
2026-07-12 00:27:56 | INFO | trading.strategy2_signal_filter:check:493 | S2 skip: approach>=block (G3, level exhausted) | {'symbol': 'VELVETUSDT', 'level': 0.43755, 'approach_count': 4, 'block_threshold': 4}
2026-07-12 00:28:11 | INFO | trading.strategy2_signal_filter:check:493 | S2 skip: approach>=block (G3, level exhausted) | {'symbol': 'VELVETUSDT', 'level': 0.43755, 'approach_count': 4, 'block_threshold': 4}
2026-07-12 00:28:26 | INFO | trading.strategy2_signal_filter:check:493 | S2 skip: approach>=block (G3, level exhausted) | {'symbol': 'VELVETUSDT', 'level': 0.43755, 'approach_count': 4, 'block_threshold': 4}
2026-07-12 00:28:42 | INFO | trading.strategy2_signal_filter:check:493 | S2 skip: approach>=block (G3, level exhausted) | {'symbol': 'VELVETUSDT', 'level': 0.43755, 'approach_count': 4, 'block_threshold': 4}
2026-07-12 00:28:57 | INFO | trading.strategy2_signal_filter:check:493 | S2 skip: approach>=block (G3, level exhausted) | {'symbol': 'VELVETUSDT', 'level': 0.43755, 'approach_count': 4, 'block_threshold': 4}
2026-07-12 00:29:12 | INFO | trading.strategy2_signal_filter:check:493 | S2 skip: approach>=block (G3, level exhausted) | {'symbol': 'VELVETUSDT', 'level': 0.43755, 'approach_count': 4, 'block_threshold': 4}
2026-07-12 00:29:28 | INFO | trading.strategy2_signal_filter:check:493 | S2 skip: approach>=block (G3, level exhausted) | {'symbol': 'VELVETUSDT', 'level': 0.43755, 'approach_count': 4, 'block_threshold': 4}
2026-07-12 00:29:43 | INFO | trading.strategy2_signal_filter:check:493 | S2 skip: approach>=block (G3, level exhausted) | {'symbol': 'VELVETUSDT', 'level': 0.43755, 'approach_count': 4, 'block_threshold': 4}
2026-07-12 00:29:58 | INFO | trading.strategy2_signal_filter:check:493 | S2 skip: approach>=block (G3, level exhausted) | {'symbol': 'VELVETUSDT', 'level': 0.43755, 'approach_count': 4, 'block_threshold': 4}
2026-07-12 00:30:08 | INFO | __main__:_trigger_loop:357 | Trigger activated | {'symbol': 'SXTUSDT'}
2026-07-12 00:30:13 | INFO | trading.strategy2_signal_filter:check:493 | S2 skip: approach>=block (G3, level exhausted) | {'symbol': 'VELVETUSDT', 'level': 0.43755, 'approach_count': 4, 'block_threshold': 4}
2026-07-12 00:30:29 | INFO | trading.strategy2_signal_filter:check:493 | S2 skip: approach>=block (G3, level exhausted) | {'symbol': 'VELVETUSDT', 'level': 0.43755, 'approach_count': 4, 'block_threshold': 4}
2026-07-12 00:30:44 | INFO | trading.strategy2_signal_filter:check:493 | S2 skip: approach>=block (G3, level exhausted) | {'symbol': 'VELVETUSDT', 'level': 0.43755, 'approach_count': 4, 'block_threshold': 4}
2026-07-12 00:30:59 | INFO | trading.strategy2_signal_filter:check:493 | S2 skip: approach>=block (G3, level exhausted) | {'symbol': 'VELVETUSDT', 'level': 0.43755, 'approach_count': 4, 'block_threshold': 4}
2026-07-12 00:31:14 | INFO | trading.strategy2_signal_filter:check:493 | S2 skip: approach>=block (G3, level exhausted) | {'symbol': 'VELVETUSDT', 'level': 0.43755, 'approach_count': 4, 'block_threshold': 4}
2026-07-12 00:31:30 | INFO | trading.strategy2_signal_filter:check:493 | S2 skip: approach>=block (G3, level exhausted) | {'symbol': 'VELVETUSDT', 'level': 0.43755, 'approach_count': 4, 'block_threshold': 4}
2026-07-12 00:31:50 | INFO | trading.strategy2_signal_filter:check:493 | S2 skip: approach>=block (G3, level exhausted) | {'symbol': 'VELVETUSDT', 'level': 0.43755, 'approach_count': 5, 'block_threshold': 4}
2026-07-12 00:32:05 | INFO | trading.strategy2_signal_filter:check:493 | S2 skip: approach>=block (G3, level exhausted) | {'symbol': 'VELVETUSDT', 'level': 0.43755, 'approach_count': 5, 'block_threshold': 4}
2026-07-12 00:32:16 | INFO | analysis.monitor:start_monitor:126 | monitor: skip level with non-positive p_bounce (won't pass entry filter) | {'symbol': 'VELVETUSDT', 'level': 0.4421274509803922, 'level_type': 'wick_level', 'p_bounce': 0.0, 'expected_depth': 0.0}
2026-07-12 00:32:16 | INFO | __main__:_monitored:798 | Monitor cancelled | {'symbol': 'VELVETUSDT', 'level': 0.43755}
2026-07-12 00:32:16 | INFO | __main__:_start_resistance_after_bounce:1116 | Resistance monitor started | {'symbol': 'VELVETUSDT', 'resistance': 0.4421274509803922, 'from_support': 0.43755}
2026-07-12 00:32:16 | INFO | __main__:_monitored:787 | Level outcome saved | {'symbol': 'VELVETUSDT', 'level': 0.4421274509803922, 'result': 'отбой', 'outcome': None, 'duration': 0.0}
2026-07-12 00:32:25 | INFO | __main__:_proximity_arm_loop:1948 | proximity-arm activated | {'symbol': 'VELVETUSDT', 'level': 0.4348, 'type': 'pump_base', 'strength': 5, 'dist_atr': 1.86}
2026-07-12 00:32:26 | INFO | __main__:_run_phase1:652 | Level monitoring started | {'symbol': 'VELVETUSDT', 'level': 0.4348, 'strength': 4}
2026-07-12 00:32:26 | INFO | trading.strategy2_signal_filter:check:641 | S2 market phase | {'symbol': 'VELVETUSDT', 'phase': 'bleed', 'note': 'bleed:bq=0.29,dir_eff=0.11'}
2026-07-12 00:32:31 | INFO | trading.strategy2_signal_filter:check:641 | S2 market phase | {'symbol': 'VELVETUSDT', 'phase': 'bleed', 'note': 'bleed:bq=0.29,dir_eff=0.11'}
2026-07-12 00:32:31 | INFO | __main__:_proximity_loop:1258 | Proximity alert sent | {'symbol': 'VELVETUSDT', 'level': 0.4348, 'distance_pct': 0.9567198177676496}
2026-07-12 00:32:31 | INFO | trading.strategy2_signal_filter:check:641 | S2 market phase | {'symbol': 'VELVETUSDT', 'phase': 'bleed', 'note': 'bleed:bq=0.29,dir_eff=0.11'}
2026-07-12 00:32:36 | INFO | trading.strategy2_signal_filter:check:641 | S2 market phase | {'symbol': 'VELVETUSDT', 'phase': 'bleed', 'note': 'bleed:bq=0.29,dir_eff=0.12'}
2026-07-12 00:32:41 | INFO | trading.strategy2_signal_filter:check:641 | S2 market phase | {'symbol': 'VELVETUSDT', 'phase': 'bleed', 'note': 'bleed:bq=0.29,dir_eff=0.12'}
2026-07-12 00:32:46 | INFO | trading.strategy2_signal_filter:check:641 | S2 market phase | {'symbol': 'VELVETUSDT', 'phase': 'bleed', 'note': 'bleed:bq=0.29,dir_eff=0.12'}
2026-07-12 00:32:46 | INFO | trading.strategy2_signal_filter:check:641 | S2 market phase | {'symbol': 'VELVETUSDT', 'phase': 'bleed', 'note': 'bleed:bq=0.29,dir_eff=0.12'}
2026-07-12 00:32:51 | INFO | trading.strategy2_signal_filter:check:641 | S2 market phase | {'symbol': 'VELVETUSDT', 'phase': 'bleed', 'note': 'bleed:bq=0.29,dir_eff=0.12'}
2026-07-12 00:32:51 | INFO | __main__:_auto_screener_loop:306 | Auto screener completed | {'total': 2, 'new': 0}
2026-07-12 00:32:56 | INFO | trading.strategy2_signal_filter:check:641 | S2 market phase | {'symbol': 'VELVETUSDT', 'phase': 'bleed', 'note': 'bleed:bq=0.29,dir_eff=0.12'}
2026-07-12 00:33:01 | INFO | trading.strategy2_signal_filter:check:641 | S2 market phase | {'symbol': 'VELVETUSDT', 'phase': 'bleed', 'note': 'bleed:bq=0.29,dir_eff=0.13'}
2026-07-12 00:33:01 | INFO | trading.strategy2_signal_filter:check:641 | S2 market phase | {'symbol': 'VELVETUSDT', 'phase': 'bleed', 'note': 'bleed:bq=0.29,dir_eff=0.13'}
2026-07-12 00:33:07 | INFO | trading.strategy2_signal_filter:check:641 | S2 market phase | {'symbol': 'VELVETUSDT', 'phase': 'bleed', 'note': 'bleed:bq=0.29,dir_eff=0.13'}
2026-07-12 00:33:12 | INFO | trading.strategy2_signal_filter:check:641 | S2 market phase | {'symbol': 'VELVETUSDT', 'phase': 'bleed', 'note': 'bleed:bq=0.29,dir_eff=0.15'}
2026-07-12 00:33:17 | INFO | trading.strategy2_signal_filter:check:641 | S2 market phase | {'symbol': 'VELVETUSDT', 'phase': 'bleed', 'note': 'bleed:bq=0.29,dir_eff=0.15'}
2026-07-12 00:33:17 | INFO | trading.strategy2_signal_filter:check:641 | S2 market phase | {'symbol': 'VELVETUSDT', 'phase': 'bleed', 'note': 'bleed:bq=0.29,dir_eff=0.15'}
2026-07-12 00:33:22 | INFO | trading.strategy2_signal_filter:check:641 | S2 market phase | {'symbol': 'VELVETUSDT', 'phase': 'bleed', 'note': 'bleed:bq=0.29,dir_eff=0.15'}
2026-07-12 00:33:27 | INFO | trading.strategy2_signal_filter:check:641 | S2 market phase | {'symbol': 'VELVETUSDT', 'phase': 'bleed', 'note': 'bleed:bq=0.29,dir_eff=0.15'}
2026-07-12 00:33:32 | INFO | trading.strategy2_signal_filter:check:641 | S2 market phase | {'symbol': 'VELVETUSDT', 'phase': 'bleed', 'note': 'bleed:bq=0.29,dir_eff=0.15'}
2026-07-12 00:33:32 | INFO | trading.strategy2_signal_filter:check:641 | S2 market phase | {'symbol': 'VELVETUSDT', 'phase': 'bleed', 'note': 'bleed:bq=0.29,dir_eff=0.15'}
2026-07-12 00:33:37 | INFO | trading.strategy2_signal_filter:check:641 | S2 market phase | {'symbol': 'VELVETUSDT', 'phase': 'bleed', 'note': 'bleed:bq=0.29,dir_eff=0.15'}
2026-07-12 00:33:42 | INFO | trading.strategy2_signal_filter:check:641 | S2 market phase | {'symbol': 'VELVETUSDT', 'phase': 'bleed', 'note': 'bleed:bq=0.29,dir_eff=0.15'}
2026-07-12 00:33:47 | INFO | trading.strategy2_signal_filter:check:641 | S2 market phase | {'symbol': 'VELVETUSDT', 'phase': 'bleed', 'note': 'bleed:bq=0.29,dir_eff=0.15'}
2026-07-12 00:33:47 | INFO | trading.strategy2_signal_filter:check:641 | S2 market phase | {'symbol': 'VELVETUSDT', 'phase': 'bleed', 'note': 'bleed:bq=0.29,dir_eff=0.15'}
2026-07-12 00:33:52 | INFO | trading.strategy2_signal_filter:check:641 | S2 market phase | {'symbol': 'VELVETUSDT', 'phase': 'bleed', 'note': 'bleed:bq=0.29,dir_eff=0.15'}
2026-07-12 00:33:57 | INFO | trading.strategy2_signal_filter:check:641 | S2 market phase | {'symbol': 'VELVETUSDT', 'phase': 'bleed', 'note': 'bleed:bq=0.29,dir_eff=0.16'}
2026-07-12 00:34:03 | INFO | trading.strategy2_signal_filter:check:641 | S2 market phase | {'symbol': 'VELVETUSDT', 'phase': 'bleed', 'note': 'bleed:bq=0.29,dir_eff=0.16'}
2026-07-12 00:34:03 | INFO | trading.strategy2_signal_filter:check:641 | S2 market phase | {'symbol': 'VELVETUSDT', 'phase': 'bleed', 'note': 'bleed:bq=0.29,dir_eff=0.16'}
2026-07-12 00:34:08 | INFO | trading.strategy2_signal_filter:check:641 | S2 market phase | {'symbol': 'VELVETUSDT', 'phase': 'bleed', 'note': 'bleed:bq=0.29,dir_eff=0.16'}
2026-07-12 00:34:13 | INFO | trading.strategy2_signal_filter:check:641 | S2 market phase | {'symbol': 'VELVETUSDT', 'phase': 'bleed', 'note': 'bleed:bq=0.29,dir_eff=0.16'}
2026-07-12 00:34:18 | INFO | trading.strategy2_signal_filter:check:641 | S2 market phase | {'symbol': 'VELVETUSDT', 'phase': 'bleed', 'note': 'bleed:bq=0.29,dir_eff=0.16'}
2026-07-12 00:34:18 | INFO | trading.strategy2_signal_filter:check:641 | S2 market phase | {'symbol': 'VELVETUSDT', 'phase': 'bleed', 'note': 'bleed:bq=0.29,dir_eff=0.16'}
2026-07-12 00:34:23 | INFO | trading.strategy2_signal_filter:check:641 | S2 market phase | {'symbol': 'VELVETUSDT', 'phase': 'bleed', 'note': 'bleed:bq=0.29,dir_eff=0.17'}
2026-07-12 00:34:28 | INFO | trading.strategy2_signal_filter:check:641 | S2 market phase | {'symbol': 'VELVETUSDT', 'phase': 'bleed', 'note': 'bleed:bq=0.29,dir_eff=0.17'}
2026-07-12 00:34:33 | INFO | trading.strategy2_signal_filter:check:641 | S2 market phase | {'symbol': 'VELVETUSDT', 'phase': 'bleed', 'note': 'bleed:bq=0.29,dir_eff=0.17'}
2026-07-12 00:34:33 | INFO | trading.strategy2_signal_filter:check:641 | S2 market phase | {'symbol': 'VELVETUSDT', 'phase': 'bleed', 'note': 'bleed:bq=0.29,dir_eff=0.17'}
2026-07-12 00:34:38 | INFO | trading.strategy2_signal_filter:check:641 | S2 market phase | {'symbol': 'VELVETUSDT', 'phase': 'bleed', 'note': 'bleed:bq=0.29,dir_eff=0.17'}
2026-07-12 00:34:43 | INFO | trading.strategy2_signal_filter:check:641 | S2 market phase | {'symbol': 'VELVETUSDT', 'phase': 'bleed', 'note': 'bleed:bq=0.29,dir_eff=0.17'}
2026-07-12 00:34:48 | INFO | trading.strategy2_signal_filter:check:641 | S2 market phase | {'symbol': 'VELVETUSDT', 'phase': 'bleed', 'note': 'bleed:bq=0.29,dir_eff=0.17'}
2026-07-12 00:34:48 | INFO | trading.strategy2_signal_filter:check:641 | S2 market phase | {'symbol': 'VELVETUSDT', 'phase': 'bleed', 'note': 'bleed:bq=0.29,dir_eff=0.17'}
2026-07-12 00:34:53 | INFO | trading.strategy2_signal_filter:check:641 | S2 market phase | {'symbol': 'VELVETUSDT', 'phase': 'bleed', 'note': 'bleed:bq=0.29,dir_eff=0.17'}
2026-07-12 00:34:59 | INFO | trading.strategy2_signal_filter:check:641 | S2 market phase | {'symbol': 'VELVETUSDT', 'phase': 'bleed', 'note': 'bleed:bq=0.29,dir_eff=0.17'}
2026-07-12 00:35:04 | INFO | trading.strategy2_signal_filter:check:641 | S2 market phase | {'symbol': 'VELVETUSDT', 'phase': 'bleed', 'note': 'bleed:bq=0.29,dir_eff=0.17'}
2026-07-12 00:35:04 | INFO | trading.strategy2_signal_filter:check:641 | S2 market phase | {'symbol': 'VELVETUSDT', 'phase': 'bleed', 'note': 'bleed:bq=0.29,dir_eff=0.17'}
2026-07-12 00:35:09 | INFO | trading.strategy2_signal_filter:check:641 | S2 market phase | {'symbol': 'VELVETUSDT', 'phase': 'bleed', 'note': 'bleed:bq=0.29,dir_eff=0.21'}
2026-07-12 00:35:14 | INFO | trading.strategy2_signal_filter:check:641 | S2 market phase | {'symbol': 'VELVETUSDT', 'phase': 'bleed', 'note': 'bleed:bq=0.29,dir_eff=0.21'}
2026-07-12 00:35:19 | INFO | trading.strategy2_signal_filter:check:641 | S2 market phase | {'symbol': 'VELVETUSDT', 'phase': 'bleed', 'note': 'bleed:bq=0.29,dir_eff=0.21'}
2026-07-12 00:35:19 | INFO | trading.strategy2_signal_filter:check:641 | S2 market phase | {'symbol': 'VELVETUSDT', 'phase': 'bleed', 'note': 'bleed:bq=0.29,dir_eff=0.21'}
2026-07-12 00:35:24 | INFO | trading.strategy2_signal_filter:check:641 | S2 market phase | {'symbol': 'VELVETUSDT', 'phase': 'bleed', 'note': 'bleed:bq=0.29,dir_eff=0.21'}
2026-07-12 00:35:29 | INFO | trading.strategy2_signal_filter:check:641 | S2 market phase | {'symbol': 'VELVETUSDT', 'phase': 'bleed', 'note': 'bleed:bq=0.29,dir_eff=0.19'}
2026-07-12 00:35:34 | INFO | trading.strategy2_signal_filter:check:641 | S2 market phase | {'symbol': 'VELVETUSDT', 'phase': 'bleed', 'note': 'bleed:bq=0.29,dir_eff=0.19'}
2026-07-12 00:35:34 | INFO | trading.strategy2_signal_filter:check:641 | S2 market phase | {'symbol': 'VELVETUSDT', 'phase': 'bleed', 'note': 'bleed:bq=0.29,dir_eff=0.19'}
2026-07-12 00:35:39 | INFO | trading.strategy2_signal_filter:check:641 | S2 market phase | {'symbol': 'VELVETUSDT', 'phase': 'bleed', 'note': 'bleed:bq=0.29,dir_eff=0.19'}
2026-07-12 00:35:44 | INFO | trading.strategy2_signal_filter:check:641 | S2 market phase | {'symbol': 'VELVETUSDT', 'phase': 'bleed', 'note': 'bleed:bq=0.29,dir_eff=0.19'}
2026-07-12 00:35:49 | INFO | trading.strategy2_signal_filter:check:641 | S2 market phase | {'symbol': 'VELVETUSDT', 'phase': 'bleed', 'note': 'bleed:bq=0.29,dir_eff=0.19'}
2026-07-12 00:35:49 | INFO | trading.strategy2_signal_filter:check:641 | S2 market phase | {'symbol': 'VELVETUSDT', 'phase': 'bleed', 'note': 'bleed:bq=0.29,dir_eff=0.19'}
2026-07-12 00:35:55 | INFO | trading.strategy2_signal_filter:check:641 | S2 market phase | {'symbol': 'VELVETUSDT', 'phase': 'bleed', 'note': 'bleed:bq=0.29,dir_eff=0.19'}
2026-07-12 00:36:00 | INFO | trading.strategy2_signal_filter:check:641 | S2 market phase | {'symbol': 'VELVETUSDT', 'phase': 'bleed', 'note': 'bleed:bq=0.29,dir_eff=0.19'}
2026-07-12 00:36:05 | INFO | trading.strategy2_signal_filter:check:641 | S2 market phase | {'symbol': 'VELVETUSDT', 'phase': 'bleed', 'note': 'bleed:bq=0.29,dir_eff=0.20'}
2026-07-12 00:36:05 | INFO | trading.strategy2_signal_filter:check:641 | S2 market phase | {'symbol': 'VELVETUSDT', 'phase': 'bleed', 'note': 'bleed:bq=0.29,dir_eff=0.20'}
2026-07-12 00:36:10 | INFO | trading.strategy2_signal_filter:check:641 | S2 market phase | {'symbol': 'VELVETUSDT', 'phase': 'bleed', 'note': 'bleed:bq=0.29,dir_eff=0.20'}
2026-07-12 00:36:15 | INFO | trading.strategy2_signal_filter:check:641 | S2 market phase | {'symbol': 'VELVETUSDT', 'phase': 'bleed', 'note': 'bleed:bq=0.29,dir_eff=0.20'}
2026-07-12 00:36:20 | INFO | trading.strategy2_signal_filter:check:641 | S2 market phase | {'symbol': 'VELVETUSDT', 'phase': 'bleed', 'note': 'bleed:bq=0.29,dir_eff=0.17'}
2026-07-12 00:36:20 | INFO | trading.strategy2_signal_filter:check:641 | S2 market phase | {'symbol': 'VELVETUSDT', 'phase': 'bleed', 'note': 'bleed:bq=0.29,dir_eff=0.17'}
2026-07-12 00:36:25 | INFO | trading.strategy2_signal_filter:check:641 | S2 market phase | {'symbol': 'VELVETUSDT', 'phase': 'bleed', 'note': 'bleed:bq=0.29,dir_eff=0.17'}
2026-07-12 00:36:27 | INFO | trading.strategy2_live:_sync_grid_fills:1629 | S2Live: grid order filled | {'trade_id': '6319e8fb-e78a-4e7a-8c2d-20de3be299b0', 'symbol': 'CLOUSDT', 'index': 1, 'fill_price': 0.25272}
2026-07-12 00:36:27 | INFO | trading.strategy2_live:_sync_grid_fills:1629 | S2Live: grid order filled | {'trade_id': '6319e8fb-e78a-4e7a-8c2d-20de3be299b0', 'symbol': 'CLOUSDT', 'index': 2, 'fill_price': 0.25244}
2026-07-12 00:36:30 | INFO | trading.strategy2_live:_reconcile_one:1390 | S2Live: stop cooldown 2h set (reconcile) | {'symbol': 'CLOUSDT', 'reason': 'reconcile_exchange_sl_filled'}
2026-07-12 00:36:30 | INFO | bot.telegram:send_close_with_chart:1480 | chart candles available: CLOUSDT 300 | {}
2026-07-12 00:36:30 | INFO | trading.strategy2_live:_reconcile_one:1413 | S2Live reconcile: position closed on exchange | {'trade_id': '6319e8fb-e78a-4e7a-8c2d-20de3be299b0', 'symbol': 'CLOUSDT', 'exit_reason': 'reconcile_exchange_sl_filled', 'real_exit_price': 0.2515, 'pnl_usdt': -1.21744}
2026-07-12 00:36:30 | INFO | trading.strategy2_signal_filter:check:641 | S2 market phase | {'symbol': 'VELVETUSDT', 'phase': 'bleed', 'note': 'bleed:bq=0.29,dir_eff=0.18'}
2026-07-12 00:36:35 | INFO | trading.strategy2_signal_filter:check:641 | S2 market phase | {'symbol': 'VELVETUSDT', 'phase': 'bleed', 'note': 'bleed:bq=0.29,dir_eff=0.18'}
2026-07-12 00:36:35 | INFO | trading.strategy2_signal_filter:check:641 | S2 market phase | {'symbol': 'VELVETUSDT', 'phase': 'bleed', 'note': 'bleed:bq=0.29,dir_eff=0.18'}
2026-07-12 00:36:40 | INFO | trading.strategy2_signal_filter:check:641 | S2 market phase | {'symbol': 'VELVETUSDT', 'phase': 'bleed', 'note': 'bleed:bq=0.29,dir_eff=0.18'}
2026-07-12 00:36:45 | INFO | trading.strategy2_signal_filter:check:641 | S2 market phase | {'symbol': 'VELVETUSDT', 'phase': 'bleed', 'note': 'bleed:bq=0.29,dir_eff=0.18'}
2026-07-12 00:36:50 | INFO | trading.strategy2_signal_filter:check:641 | S2 market phase | {'symbol': 'VELVETUSDT', 'phase': 'bleed', 'note': 'bleed:bq=0.29,dir_eff=0.18'}
2026-07-12 00:36:50 | INFO | trading.strategy2_signal_filter:check:641 | S2 market phase | {'symbol': 'VELVETUSDT', 'phase': 'bleed', 'note': 'bleed:bq=0.29,dir_eff=0.18'}
2026-07-12 00:36:56 | INFO | trading.strategy2_signal_filter:check:641 | S2 market phase | {'symbol': 'VELVETUSDT', 'phase': 'bleed', 'note': 'bleed:bq=0.29,dir_eff=0.18'}
2026-07-12 00:37:01 | INFO | trading.strategy2_signal_filter:check:641 | S2 market phase | {'symbol': 'VELVETUSDT', 'phase': 'bleed', 'note': 'bleed:bq=0.29,dir_eff=0.18'}
2026-07-12 00:37:06 | INFO | trading.strategy2_signal_filter:check:641 | S2 market phase | {'symbol': 'VELVETUSDT', 'phase': 'bleed', 'note': 'bleed:bq=0.29,dir_eff=0.17'}
2026-07-12 00:37:06 | INFO | trading.strategy2_signal_filter:check:641 | S2 market phase | {'symbol': 'VELVETUSDT', 'phase': 'bleed', 'note': 'bleed:bq=0.29,dir_eff=0.17'}
2026-07-12 00:37:11 | INFO | trading.strategy2_signal_filter:check:641 | S2 market phase | {'symbol': 'VELVETUSDT', 'phase': 'bleed', 'note': 'bleed:bq=0.29,dir_eff=0.17'}
2026-07-12 00:37:16 | INFO | trading.strategy2_signal_filter:check:641 | S2 market phase | {'symbol': 'VELVETUSDT', 'phase': 'bleed', 'note': 'bleed:bq=0.29,dir_eff=0.18'}
2026-07-12 00:37:21 | INFO | trading.strategy2_signal_filter:check:641 | S2 market phase | {'symbol': 'VELVETUSDT', 'phase': 'bleed', 'note': 'bleed:bq=0.29,dir_eff=0.18'}
2026-07-12 00:37:21 | INFO | trading.strategy2_signal_filter:check:641 | S2 market phase | {'symbol': 'VELVETUSDT', 'phase': 'bleed', 'note': 'bleed:bq=0.29,dir_eff=0.18'}
2026-07-12 00:37:26 | INFO | trading.strategy2_signal_filter:check:641 | S2 market phase | {'symbol': 'VELVETUSDT', 'phase': 'bleed', 'note': 'bleed:bq=0.29,dir_eff=0.18'}
2026-07-12 00:37:31 | INFO | trading.strategy2_signal_filter:check:641 | S2 market phase | {'symbol': 'VELVETUSDT', 'phase': 'bleed', 'note': 'bleed:bq=0.29,dir_eff=0.18'}
2026-07-12 00:37:36 | INFO | trading.strategy2_signal_filter:check:641 | S2 market phase | {'symbol': 'VELVETUSDT', 'phase': 'bleed', 'note': 'bleed:bq=0.29,dir_eff=0.18'}
2026-07-12 00:37:36 | INFO | trading.strategy2_signal_filter:check:641 | S2 market phase | {'symbol': 'VELVETUSDT', 'phase': 'bleed', 'note': 'bleed:bq=0.29,dir_eff=0.18'}
2026-07-12 00:37:41 | INFO | trading.strategy2_signal_filter:check:641 | S2 market phase | {'symbol': 'VELVETUSDT', 'phase': 'bleed', 'note': 'bleed:bq=0.29,dir_eff=0.19'}
2026-07-12 00:37:46 | INFO | trading.strategy2_signal_filter:check:641 | S2 market phase | {'symbol': 'VELVETUSDT', 'phase': 'bleed', 'note': 'bleed:bq=0.29,dir_eff=0.19'}
2026-07-12 00:37:52 | INFO | trading.strategy2_signal_filter:check:641 | S2 market phase | {'symbol': 'VELVETUSDT', 'phase': 'bleed', 'note': 'bleed:bq=0.29,dir_eff=0.20'}
2026-07-12 00:37:52 | INFO | trading.strategy2_signal_filter:check:641 | S2 market phase | {'symbol': 'VELVETUSDT', 'phase': 'bleed', 'note': 'bleed:bq=0.29,dir_eff=0.20'}
2026-07-12 00:37:57 | INFO | trading.strategy2_signal_filter:check:641 | S2 market phase | {'symbol': 'VELVETUSDT', 'phase': 'bleed', 'note': 'bleed:bq=0.29,dir_eff=0.20'}
2026-07-12 00:38:02 | INFO | trading.strategy2_signal_filter:check:641 | S2 market phase | {'symbol': 'VELVETUSDT', 'phase': 'bleed', 'note': 'bleed:bq=0.29,dir_eff=0.19'}
2026-07-12 00:38:07 | INFO | trading.strategy2_signal_filter:check:641 | S2 market phase | {'symbol': 'VELVETUSDT', 'phase': 'bleed', 'note': 'bleed:bq=0.29,dir_eff=0.19'}
2026-07-12 00:38:07 | INFO | trading.strategy2_signal_filter:check:641 | S2 market phase | {'symbol': 'VELVETUSDT', 'phase': 'bleed', 'note': 'bleed:bq=0.29,dir_eff=0.19'}
2026-07-12 00:38:12 | INFO | trading.strategy2_signal_filter:check:641 | S2 market phase | {'symbol': 'VELVETUSDT', 'phase': 'bleed', 'note': 'bleed:bq=0.29,dir_eff=0.24'}
2026-07-12 00:38:17 | INFO | trading.strategy2_signal_filter:check:641 | S2 market phase | {'symbol': 'VELVETUSDT', 'phase': 'bleed', 'note': 'bleed:bq=0.29,dir_eff=0.24'}
2026-07-12 00:38:22 | INFO | trading.strategy2_signal_filter:check:641 | S2 market phase | {'symbol': 'VELVETUSDT', 'phase': 'bleed', 'note': 'bleed:bq=0.29,dir_eff=0.24'}
2026-07-12 00:38:22 | INFO | trading.strategy2_signal_filter:check:641 | S2 market phase | {'symbol': 'VELVETUSDT', 'phase': 'bleed', 'note': 'bleed:bq=0.29,dir_eff=0.24'}
2026-07-12 00:38:27 | INFO | trading.strategy2_signal_filter:check:641 | S2 market phase | {'symbol': 'VELVETUSDT', 'phase': 'bleed', 'note': 'bleed:bq=0.29,dir_eff=0.25'}
2026-07-12 00:38:32 | INFO | trading.strategy2_signal_filter:check:641 | S2 market phase | {'symbol': 'VELVETUSDT', 'phase': 'bleed', 'note': 'bleed:bq=0.29,dir_eff=0.25'}
2026-07-12 00:38:37 | INFO | trading.strategy2_signal_filter:check:641 | S2 market phase | {'symbol': 'VELVETUSDT', 'phase': 'bleed', 'note': 'bleed:bq=0.29,dir_eff=0.25'}
2026-07-12 00:38:37 | INFO | trading.strategy2_signal_filter:check:641 | S2 market phase | {'symbol': 'VELVETUSDT', 'phase': 'bleed', 'note': 'bleed:bq=0.29,dir_eff=0.25'}
2026-07-12 00:38:42 | INFO | trading.strategy2_signal_filter:check:641 | S2 market phase | {'symbol': 'VELVETUSDT', 'phase': 'bleed', 'note': 'bleed:bq=0.29,dir_eff=0.25'}
2026-07-12 00:38:48 | INFO | trading.strategy2_signal_filter:check:641 | S2 market phase | {'symbol': 'VELVETUSDT', 'phase': 'bleed', 'note': 'bleed:bq=0.29,dir_eff=0.25'}
2026-07-12 00:38:53 | INFO | trading.strategy2_signal_filter:check:641 | S2 market phase | {'symbol': 'VELVETUSDT', 'phase': 'bleed', 'note': 'bleed:bq=0.29,dir_eff=0.25'}
2026-07-12 00:38:53 | INFO | trading.strategy2_signal_filter:check:641 | S2 market phase | {'symbol': 'VELVETUSDT', 'phase': 'bleed', 'note': 'bleed:bq=0.29,dir_eff=0.25'}
2026-07-12 00:38:58 | INFO | trading.strategy2_signal_filter:check:641 | S2 market phase | {'symbol': 'VELVETUSDT', 'phase': 'bleed', 'note': 'bleed:bq=0.29,dir_eff=0.25'}
2026-07-12 00:39:03 | INFO | trading.strategy2_signal_filter:check:641 | S2 market phase | {'symbol': 'VELVETUSDT', 'phase': 'bleed', 'note': 'bleed:bq=0.29,dir_eff=0.24'}
2026-07-12 00:39:08 | INFO | trading.strategy2_signal_filter:check:641 | S2 market phase | {'symbol': 'VELVETUSDT', 'phase': 'bleed', 'note': 'bleed:bq=0.29,dir_eff=0.24'}
2026-07-12 00:39:08 | INFO | trading.strategy2_signal_filter:check:641 | S2 market phase | {'symbol': 'VELVETUSDT', 'phase': 'bleed', 'note': 'bleed:bq=0.29,dir_eff=0.24'}
2026-07-12 00:39:13 | INFO | trading.strategy2_signal_filter:check:641 | S2 market phase | {'symbol': 'VELVETUSDT', 'phase': 'bleed', 'note': 'bleed:bq=0.29,dir_eff=0.23'}
2026-07-12 00:39:18 | INFO | trading.strategy2_signal_filter:check:641 | S2 market phase | {'symbol': 'VELVETUSDT', 'phase': 'bleed', 'note': 'bleed:bq=0.29,dir_eff=0.23'}
2026-07-12 00:39:23 | INFO | trading.strategy2_signal_filter:check:641 | S2 market phase | {'symbol': 'VELVETUSDT', 'phase': 'bleed', 'note': 'bleed:bq=0.29,dir_eff=0.22'}
2026-07-12 00:39:23 | INFO | trading.strategy2_signal_filter:check:641 | S2 market phase | {'symbol': 'VELVETUSDT', 'phase': 'bleed', 'note': 'bleed:bq=0.29,dir_eff=0.22'}
2026-07-12 00:39:28 | INFO | trading.strategy2_signal_filter:check:641 | S2 market phase | {'symbol': 'VELVETUSDT', 'phase': 'bleed', 'note': 'bleed:bq=0.29,dir_eff=0.22'}
2026-07-12 00:39:33 | INFO | trading.strategy2_signal_filter:check:641 | S2 market phase | {'symbol': 'VELVETUSDT', 'phase': 'bleed', 'note': 'bleed:bq=0.29,dir_eff=0.22'}
2026-07-12 00:39:39 | INFO | trading.strategy2_signal_filter:check:641 | S2 market phase | {'symbol': 'VELVETUSDT', 'phase': 'bleed', 'note': 'bleed:bq=0.29,dir_eff=0.23'}
2026-07-12 00:39:39 | INFO | trading.strategy2_signal_filter:check:641 | S2 market phase | {'symbol': 'VELVETUSDT', 'phase': 'bleed', 'note': 'bleed:bq=0.29,dir_eff=0.23'}
2026-07-12 00:39:44 | INFO | trading.strategy2_signal_filter:check:641 | S2 market phase | {'symbol': 'VELVETUSDT', 'phase': 'bleed', 'note': 'bleed:bq=0.29,dir_eff=0.23'}
2026-07-12 00:39:49 | INFO | trading.strategy2_signal_filter:check:641 | S2 market phase | {'symbol': 'VELVETUSDT', 'phase': 'bleed', 'note': 'bleed:bq=0.29,dir_eff=0.22'}
2026-07-12 00:39:54 | INFO | trading.strategy2_signal_filter:check:641 | S2 market phase | {'symbol': 'VELVETUSDT', 'phase': 'bleed', 'note': 'bleed:bq=0.29,dir_eff=0.22'}
2026-07-12 00:39:54 | INFO | trading.strategy2_signal_filter:check:641 | S2 market phase | {'symbol': 'VELVETUSDT', 'phase': 'bleed', 'note': 'bleed:bq=0.29,dir_eff=0.22'}
2026-07-12 00:39:59 | INFO | trading.strategy2_signal_filter:check:641 | S2 market phase | {'symbol': 'VELVETUSDT', 'phase': 'bleed', 'note': 'bleed:bq=0.29,dir_eff=0.23'}
2026-07-12 00:40:04 | INFO | trading.strategy2_signal_filter:check:641 | S2 market phase | {'symbol': 'VELVETUSDT', 'phase': 'bleed', 'note': 'bleed:bq=0.29,dir_eff=0.23'}
2026-07-12 00:40:09 | INFO | trading.strategy2_signal_filter:check:641 | S2 market phase | {'symbol': 'VELVETUSDT', 'phase': 'bleed', 'note': 'bleed:bq=0.29,dir_eff=0.23'}
2026-07-12 00:40:09 | INFO | trading.strategy2_signal_filter:check:641 | S2 market phase | {'symbol': 'VELVETUSDT', 'phase': 'bleed', 'note': 'bleed:bq=0.29,dir_eff=0.23'}
2026-07-12 00:40:14 | INFO | trading.strategy2_signal_filter:check:641 | S2 market phase | {'symbol': 'VELVETUSDT', 'phase': 'bleed', 'note': 'bleed:bq=0.29,dir_eff=0.23'}
2026-07-12 00:40:19 | INFO | trading.strategy2_signal_filter:check:641 | S2 market phase | {'symbol': 'VELVETUSDT', 'phase': 'bleed', 'note': 'bleed:bq=0.29,dir_eff=0.23'}
2026-07-12 00:40:24 | INFO | trading.strategy2_signal_filter:check:641 | S2 market phase | {'symbol': 'VELVETUSDT', 'phase': 'bleed', 'note': 'bleed:bq=0.29,dir_eff=0.23'}
2026-07-12 00:40:24 | INFO | trading.strategy2_signal_filter:check:641 | S2 market phase | {'symbol': 'VELVETUSDT', 'phase': 'bleed', 'note': 'bleed:bq=0.29,dir_eff=0.23'}
2026-07-12 00:40:26 | INFO | __main__:_proximity_arm_loop:1948 | proximity-arm activated | {'symbol': 'CLOUSDT', 'level': 0.25507, 'type': 'pump_base', 'strength': 5, 'dist_atr': 1.3}
2026-07-12 00:40:26 | INFO | __main__:_run_phase1:652 | Level monitoring started | {'symbol': 'CLOUSDT', 'level': 0.20798, 'strength': 5}
2026-07-12 00:40:29 | INFO | trading.strategy2_signal_filter:check:641 | S2 market phase | {'symbol': 'VELVETUSDT', 'phase': 'bleed', 'note': 'bleed:bq=0.29,dir_eff=0.23'}
2026-07-12 00:40:35 | INFO | trading.strategy2_signal_filter:check:641 | S2 market phase | {'symbol': 'VELVETUSDT', 'phase': 'bleed', 'note': 'bleed:bq=0.29,dir_eff=0.23'}
2026-07-12 00:40:40 | INFO | trading.strategy2_signal_filter:check:641 | S2 market phase | {'symbol': 'VELVETUSDT', 'phase': 'bleed', 'note': 'bleed:bq=0.29,dir_eff=0.23'}
2026-07-12 00:40:40 | INFO | trading.strategy2_signal_filter:check:641 | S2 market phase | {'symbol': 'VELVETUSDT', 'phase': 'bleed', 'note': 'bleed:bq=0.29,dir_eff=0.23'}
2026-07-12 00:40:45 | INFO | trading.strategy2_signal_filter:check:641 | S2 market phase | {'symbol': 'VELVETUSDT', 'phase': 'bleed', 'note': 'bleed:bq=0.29,dir_eff=0.23'}
2026-07-12 00:40:50 | INFO | trading.strategy2_signal_filter:check:641 | S2 market phase | {'symbol': 'VELVETUSDT', 'phase': 'bleed', 'note': 'bleed:bq=0.29,dir_eff=0.23'}
2026-07-12 00:40:55 | INFO | trading.strategy2_signal_filter:check:641 | S2 market phase | {'symbol': 'VELVETUSDT', 'phase': 'bleed', 'note': 'bleed:bq=0.29,dir_eff=0.23'}
2026-07-12 00:40:55 | INFO | trading.strategy2_signal_filter:check:641 | S2 market phase | {'symbol': 'VELVETUSDT', 'phase': 'bleed', 'note': 'bleed:bq=0.29,dir_eff=0.23'}
2026-07-12 00:41:00 | INFO | trading.strategy2_signal_filter:check:641 | S2 market phase | {'symbol': 'VELVETUSDT', 'phase': 'bleed', 'note': 'bleed:bq=0.29,dir_eff=0.24'}
2026-07-12 00:41:05 | INFO | trading.strategy2_signal_filter:check:641 | S2 market phase | {'symbol': 'VELVETUSDT', 'phase': 'bleed', 'note': 'bleed:bq=0.29,dir_eff=0.24'}
2026-07-12 00:41:10 | INFO | trading.strategy2_signal_filter:check:641 | S2 market phase | {'symbol': 'VELVETUSDT', 'phase': 'bleed', 'note': 'bleed:bq=0.29,dir_eff=0.25'}
2026-07-12 00:41:25 | INFO | trading.strategy2_signal_filter:check:641 | S2 market phase | {'symbol': 'VELVETUSDT', 'phase': 'bleed', 'note': 'bleed:bq=0.29,dir_eff=0.25'}
2026-07-12 00:41:41 | INFO | trading.strategy2_signal_filter:check:641 | S2 market phase | {'symbol': 'VELVETUSDT', 'phase': 'bleed', 'note': 'bleed:bq=0.29,dir_eff=0.26'}
2026-07-12 00:41:56 | INFO | trading.strategy2_signal_filter:check:641 | S2 market phase | {'symbol': 'VELVETUSDT', 'phase': 'bleed', 'note': 'bleed:bq=0.29,dir_eff=0.25'}
2026-07-12 00:42:11 | INFO | analysis.monitor:start_monitor:126 | monitor: skip level with non-positive p_bounce (won't pass entry filter) | {'symbol': 'VELVETUSDT', 'level': 0.43649999999999994, 'level_type': 'wick_level', 'p_bounce': 0.0, 'expected_depth': 0.0}
2026-07-12 00:42:11 | INFO | __main__:_monitored:798 | Monitor cancelled | {'symbol': 'VELVETUSDT', 'level': 0.4348}
2026-07-12 00:42:11 | INFO | trading.strategy2_signal_filter:check:641 | S2 market phase | {'symbol': 'VELVETUSDT', 'phase': 'bleed', 'note': 'bleed:bq=0.29,dir_eff=0.29'}
2026-07-12 00:42:11 | INFO | __main__:_start_resistance_after_bounce:1116 | Resistance monitor started | {'symbol': 'VELVETUSDT', 'resistance': 0.43649999999999994, 'from_support': 0.4348}
2026-07-12 00:42:12 | INFO | __main__:_monitored:787 | Level outcome saved | {'symbol': 'VELVETUSDT', 'level': 0.43649999999999994, 'result': 'отбой', 'outcome': None, 'duration': 0.0}
2026-07-12 00:42:26 | INFO | __main__:_stale_monitor_loop:1179 | Stale monitor cancelled — rebuilding | {'symbol': 'CLOUSDT', 'level': 0.20798, 'current': 0.25911, 'distance_pct': 19.7}
2026-07-12 00:42:26 | INFO | __main__:_monitored:798 | Monitor cancelled | {'symbol': 'CLOUSDT', 'level': 0.20798}
2026-07-12 00:42:26 | INFO | __main__:_run_phase1:535 | No strong levels found | {'symbol': 'CLOUSDT', 'total_levels': 1}
2026-07-12 00:42:53 | INFO | __main__:_auto_screener_loop:306 | Auto screener completed | {'total': 1, 'new': 0}
2026-07-12 00:45:45 | INFO | __main__:_proximity_loop:1258 | Proximity alert sent | {'symbol': 'TUSDT', 'level': 0.004434, 'distance_pct': 0.5829596412556244}
2026-07-12 00:45:45 | INFO | trading.strategy2_signal_filter:check:493 | S2 skip: approach>=block (G3, level exhausted) | {'symbol': 'TUSDT', 'level': 0.004434, 'approach_count': 21, 'block_threshold': 4}
2026-07-12 00:46:00 | INFO | trading.strategy2_signal_filter:check:493 | S2 skip: approach>=block (G3, level exhausted) | {'symbol': 'TUSDT', 'level': 0.004434, 'approach_count': 21, 'block_threshold': 4}
2026-07-12 00:46:16 | INFO | trading.strategy2_signal_filter:check:493 | S2 skip: approach>=block (G3, level exhausted) | {'symbol': 'TUSDT', 'level': 0.004434, 'approach_count': 18, 'block_threshold': 4}
2026-07-12 00:46:31 | INFO | trading.strategy2_signal_filter:check:493 | S2 skip: approach>=block (G3, level exhausted) | {'symbol': 'TUSDT', 'level': 0.004434, 'approach_count': 21, 'block_threshold': 4}
2026-07-12 00:46:51 | INFO | __main__:_trigger_loop:357 | Trigger activated | {'symbol': 'TUSDT'}
2026-07-12 00:46:51 | INFO | trading.strategy2_signal_filter:check:493 | S2 skip: approach>=block (G3, level exhausted) | {'symbol': 'TUSDT', 'level': 0.004434, 'approach_count': 19, 'block_threshold': 4}
2026-07-12 00:47:07 | INFO | trading.strategy2_signal_filter:check:493 | S2 skip: approach>=block (G3, level exhausted) | {'symbol': 'TUSDT', 'level': 0.004434, 'approach_count': 19, 'block_threshold': 4}
2026-07-12 00:47:17 | INFO | analysis.monitor:start_monitor:126 | monitor: skip level with non-positive p_bounce (won't pass entry filter) | {'symbol': 'TUSDT', 'level': 0.004500445652173913, 'level_type': 'wick_level', 'p_bounce': 0.0, 'expected_depth': 0.0}
2026-07-12 00:47:17 | INFO | __main__:_monitored:798 | Monitor cancelled | {'symbol': 'TUSDT', 'level': 0.004434}
2026-07-12 00:47:17 | INFO | __main__:_start_resistance_after_bounce:1116 | Resistance monitor started | {'symbol': 'TUSDT', 'resistance': 0.004500445652173913, 'from_support': 0.004434}
2026-07-12 00:47:17 | INFO | __main__:_monitored:787 | Level outcome saved | {'symbol': 'TUSDT', 'level': 0.004500445652173913, 'result': 'отбой', 'outcome': None, 'duration': 0.0}
2026-07-12 00:51:26 | INFO | __main__:_proximity_arm_loop:1948 | proximity-arm activated | {'symbol': 'TUSDT', 'level': 0.004434, 'type': 'pump_base', 'strength': 5, 'dist_atr': 1.22}
2026-07-12 00:51:26 | INFO | __main__:_run_phase1:652 | Level monitoring started | {'symbol': 'TUSDT', 'level': 0.00438673, 'strength': 3}
2026-07-12 00:52:56 | INFO | __main__:_auto_screener_loop:306 | Auto screener completed | {'total': 2, 'new': 0}
2026-07-12 01:02:58 | INFO | __main__:_auto_screener_loop:306 | Auto screener completed | {'total': 2, 'new': 0}
2026-07-12 01:04:27 | INFO | __main__:_proximity_arm_loop:1948 | proximity-arm activated | {'symbol': 'VELVETUSDT', 'level': 0.4309, 'type': 'pump_base', 'strength': 5, 'dist_atr': 1.21}
2026-07-12 01:04:27 | INFO | __main__:_run_phase1:652 | Level monitoring started | {'symbol': 'VELVETUSDT', 'level': 0.4274, 'strength': 5}
2026-07-12 01:04:27 | INFO | trading.strategy2_signal_filter:check:641 | S2 market phase | {'symbol': 'VELVETUSDT', 'phase': 'bleed', 'note': 'bleed:bq=0.29,dir_eff=0.38'}
2026-07-12 01:04:31 | INFO | __main__:_proximity_loop:1258 | Proximity alert sent | {'symbol': 'VELVETUSDT', 'level': 0.4274, 'distance_pct': 1.4071510957324094}
2026-07-12 01:04:31 | INFO | trading.strategy2_signal_filter:check:641 | S2 market phase | {'symbol': 'VELVETUSDT', 'phase': 'bleed', 'note': 'bleed:bq=0.29,dir_eff=0.38'}
2026-07-12 01:04:32 | INFO | trading.strategy2_signal_filter:check:641 | S2 market phase | {'symbol': 'VELVETUSDT', 'phase': 'bleed', 'note': 'bleed:bq=0.29,dir_eff=0.38'}
2026-07-12 01:04:37 | INFO | trading.strategy2_signal_filter:check:641 | S2 market phase | {'symbol': 'VELVETUSDT', 'phase': 'bleed', 'note': 'bleed:bq=0.29,dir_eff=0.40'}
2026-07-12 01:04:42 | INFO | trading.strategy2_signal_filter:check:641 | S2 market phase | {'symbol': 'VELVETUSDT', 'phase': 'bleed', 'note': 'bleed:bq=0.29,dir_eff=0.40'}
2026-07-12 01:04:46 | INFO | trading.strategy2_signal_filter:check:641 | S2 market phase | {'symbol': 'VELVETUSDT', 'phase': 'bleed', 'note': 'bleed:bq=0.29,dir_eff=0.39'}
2026-07-12 01:04:47 | INFO | trading.strategy2_signal_filter:check:641 | S2 market phase | {'symbol': 'VELVETUSDT', 'phase': 'bleed', 'note': 'bleed:bq=0.29,dir_eff=0.39'}
2026-07-12 01:04:52 | INFO | trading.strategy2_signal_filter:check:641 | S2 market phase | {'symbol': 'VELVETUSDT', 'phase': 'bleed', 'note': 'bleed:bq=0.29,dir_eff=0.39'}
2026-07-12 01:04:57 | INFO | trading.strategy2_signal_filter:check:641 | S2 market phase | {'symbol': 'VELVETUSDT', 'phase': 'bleed', 'note': 'bleed:bq=0.29,dir_eff=0.39'}
2026-07-12 01:05:01 | INFO | trading.strategy2_signal_filter:check:641 | S2 market phase | {'symbol': 'VELVETUSDT', 'phase': 'bleed', 'note': 'bleed:bq=0.29,dir_eff=0.39'}
2026-07-12 01:05:02 | INFO | trading.strategy2_signal_filter:check:641 | S2 market phase | {'symbol': 'VELVETUSDT', 'phase': 'bleed', 'note': 'bleed:bq=0.29,dir_eff=0.39'}
2026-07-12 01:05:07 | INFO | trading.strategy2_signal_filter:check:641 | S2 market phase | {'symbol': 'VELVETUSDT', 'phase': 'bleed', 'note': 'bleed:bq=0.29,dir_eff=0.38'}
2026-07-12 01:05:12 | INFO | trading.strategy2_signal_filter:check:641 | S2 market phase | {'symbol': 'VELVETUSDT', 'phase': 'bleed', 'note': 'bleed:bq=0.29,dir_eff=0.38'}
2026-07-12 01:05:16 | INFO | trading.strategy2_signal_filter:check:641 | S2 market phase | {'symbol': 'VELVETUSDT', 'phase': 'bleed', 'note': 'bleed:bq=0.29,dir_eff=0.38'}
2026-07-12 01:05:17 | INFO | trading.strategy2_signal_filter:check:641 | S2 market phase | {'symbol': 'VELVETUSDT', 'phase': 'bleed', 'note': 'bleed:bq=0.29,dir_eff=0.38'}
2026-07-12 01:05:22 | INFO | trading.strategy2_signal_filter:check:641 | S2 market phase | {'symbol': 'VELVETUSDT', 'phase': 'bleed', 'note': 'bleed:bq=0.29,dir_eff=0.38'}
2026-07-12 01:05:27 | INFO | trading.strategy2_signal_filter:check:641 | S2 market phase | {'symbol': 'VELVETUSDT', 'phase': 'bleed', 'note': 'bleed:bq=0.29,dir_eff=0.38'}
2026-07-12 01:05:32 | INFO | trading.strategy2_signal_filter:check:641 | S2 market phase | {'symbol': 'VELVETUSDT', 'phase': 'bleed', 'note': 'bleed:bq=0.29,dir_eff=0.37'}
2026-07-12 01:05:32 | INFO | trading.strategy2_signal_filter:check:641 | S2 market phase | {'symbol': 'VELVETUSDT', 'phase': 'bleed', 'note': 'bleed:bq=0.29,dir_eff=0.37'}
2026-07-12 01:05:37 | INFO | trading.strategy2_signal_filter:check:641 | S2 market phase | {'symbol': 'VELVETUSDT', 'phase': 'bleed', 'note': 'bleed:bq=0.29,dir_eff=0.37'}
2026-07-12 01:05:42 | INFO | trading.strategy2_signal_filter:check:641 | S2 market phase | {'symbol': 'VELVETUSDT', 'phase': 'bleed', 'note': 'bleed:bq=0.29,dir_eff=0.37'}
2026-07-12 01:05:47 | INFO | trading.strategy2_signal_filter:check:641 | S2 market phase | {'symbol': 'VELVETUSDT', 'phase': 'bleed', 'note': 'bleed:bq=0.29,dir_eff=0.36'}
2026-07-12 01:05:47 | INFO | trading.strategy2_signal_filter:check:641 | S2 market phase | {'symbol': 'VELVETUSDT', 'phase': 'bleed', 'note': 'bleed:bq=0.29,dir_eff=0.36'}
2026-07-12 01:05:52 | INFO | trading.strategy2_signal_filter:check:641 | S2 market phase | {'symbol': 'VELVETUSDT', 'phase': 'bleed', 'note': 'bleed:bq=0.29,dir_eff=0.36'}
2026-07-12 01:05:57 | INFO | trading.strategy2_signal_filter:check:641 | S2 market phase | {'symbol': 'VELVETUSDT', 'phase': 'bleed', 'note': 'bleed:bq=0.29,dir_eff=0.35'}
2026-07-12 01:06:02 | INFO | trading.strategy2_signal_filter:check:641 | S2 market phase | {'symbol': 'VELVETUSDT', 'phase': 'bleed', 'note': 'bleed:bq=0.29,dir_eff=0.35'}
2026-07-12 01:06:02 | INFO | trading.strategy2_signal_filter:check:641 | S2 market phase | {'symbol': 'VELVETUSDT', 'phase': 'bleed', 'note': 'bleed:bq=0.29,dir_eff=0.35'}
2026-07-12 01:06:07 | INFO | trading.strategy2_signal_filter:check:641 | S2 market phase | {'symbol': 'VELVETUSDT', 'phase': 'bleed', 'note': 'bleed:bq=0.29,dir_eff=0.38'}
2026-07-12 01:06:12 | INFO | trading.strategy2_signal_filter:check:641 | S2 market phase | {'symbol': 'VELVETUSDT', 'phase': 'bleed', 'note': 'bleed:bq=0.29,dir_eff=0.38'}
2026-07-12 01:06:18 | INFO | trading.strategy2_signal_filter:check:641 | S2 market phase | {'symbol': 'VELVETUSDT', 'phase': 'bleed', 'note': 'bleed:bq=0.29,dir_eff=0.38'}
2026-07-12 01:06:18 | INFO | trading.strategy2_signal_filter:check:641 | S2 market phase | {'symbol': 'VELVETUSDT', 'phase': 'bleed', 'note': 'bleed:bq=0.29,dir_eff=0.38'}
2026-07-12 01:06:23 | INFO | trading.strategy2_signal_filter:check:641 | S2 market phase | {'symbol': 'VELVETUSDT', 'phase': 'bleed', 'note': 'bleed:bq=0.29,dir_eff=0.39'}
2026-07-12 01:06:27 | INFO | __main__:_proximity_arm_loop:1948 | proximity-arm activated | {'symbol': 'SXTUSDT', 'level': 0.00852, 'type': 'pump_base', 'strength': 5, 'dist_atr': 3.88}
2026-07-12 01:06:27 | INFO | __main__:_run_phase1:652 | Level monitoring started | {'symbol': 'SXTUSDT', 'level': 0.00852, 'strength': 5}
2026-07-12 01:06:28 | INFO | trading.strategy2_signal_filter:check:641 | S2 market phase | {'symbol': 'VELVETUSDT', 'phase': 'bleed', 'note': 'bleed:bq=0.29,dir_eff=0.39'}
2026-07-12 01:06:30 | INFO | trading.live_price_tracker:_save_post_exit_range:226 | live_post_exit_tracker saved | {'trade_id': '6319e8fb-e78a-4e7a-8c2d-20de3be299b0', 'high': 0.26108, 'low': 0.2496}
2026-07-12 01:06:33 | INFO | trading.strategy2_signal_filter:check:641 | S2 market phase | {'symbol': 'VELVETUSDT', 'phase': 'bleed', 'note': 'bleed:bq=0.29,dir_eff=0.39'}
2026-07-12 01:06:33 | INFO | trading.strategy2_signal_filter:check:641 | S2 market phase | {'symbol': 'VELVETUSDT', 'phase': 'bleed', 'note': 'bleed:bq=0.29,dir_eff=0.39'}
2026-07-12 01:06:38 | INFO | trading.strategy2_signal_filter:check:641 | S2 market phase | {'symbol': 'VELVETUSDT', 'phase': 'bleed', 'note': 'bleed:bq=0.29,dir_eff=0.39'}
2026-07-12 01:06:43 | INFO | trading.strategy2_signal_filter:check:641 | S2 market phase | {'symbol': 'VELVETUSDT', 'phase': 'bleed', 'note': 'bleed:bq=0.29,dir_eff=0.40'}
2026-07-12 01:06:48 | INFO | trading.strategy2_signal_filter:check:641 | S2 market phase | {'symbol': 'VELVETUSDT', 'phase': 'bleed', 'note': 'bleed:bq=0.29,dir_eff=0.40'}
2026-07-12 01:06:48 | INFO | trading.strategy2_signal_filter:check:641 | S2 market phase | {'symbol': 'VELVETUSDT', 'phase': 'bleed', 'note': 'bleed:bq=0.29,dir_eff=0.40'}
2026-07-12 01:06:53 | INFO | trading.strategy2_signal_filter:check:641 | S2 market phase | {'symbol': 'VELVETUSDT', 'phase': 'bleed', 'note': 'bleed:bq=0.29,dir_eff=0.40'}
2026-07-12 01:06:58 | INFO | trading.strategy2_signal_filter:check:641 | S2 market phase | {'symbol': 'VELVETUSDT', 'phase': 'bleed', 'note': 'bleed:bq=0.29,dir_eff=0.40'}
2026-07-12 01:07:03 | INFO | trading.strategy2_signal_filter:check:641 | S2 market phase | {'symbol': 'VELVETUSDT', 'phase': 'bleed', 'note': 'bleed:bq=0.29,dir_eff=0.40'}
2026-07-12 01:07:03 | INFO | trading.strategy2_signal_filter:check:641 | S2 market phase | {'symbol': 'VELVETUSDT', 'phase': 'bleed', 'note': 'bleed:bq=0.29,dir_eff=0.40'}
2026-07-12 01:07:09 | INFO | trading.strategy2_signal_filter:check:641 | S2 market phase | {'symbol': 'VELVETUSDT', 'phase': 'bleed', 'note': 'bleed:bq=0.29,dir_eff=0.38'}
2026-07-12 01:07:14 | INFO | trading.strategy2_signal_filter:check:641 | S2 market phase | {'symbol': 'VELVETUSDT', 'phase': 'bleed', 'note': 'bleed:bq=0.29,dir_eff=0.38'}
2026-07-12 01:07:19 | INFO | trading.strategy2_signal_filter:check:641 | S2 market phase | {'symbol': 'VELVETUSDT', 'phase': 'bleed', 'note': 'bleed:bq=0.29,dir_eff=0.38'}
2026-07-12 01:07:19 | INFO | trading.strategy2_signal_filter:check:641 | S2 market phase | {'symbol': 'VELVETUSDT', 'phase': 'bleed', 'note': 'bleed:bq=0.29,dir_eff=0.38'}
2026-07-12 01:07:24 | INFO | trading.strategy2_signal_filter:check:641 | S2 market phase | {'symbol': 'VELVETUSDT', 'phase': 'bleed', 'note': 'bleed:bq=0.29,dir_eff=0.38'}
2026-07-12 01:07:29 | INFO | trading.strategy2_signal_filter:check:641 | S2 market phase | {'symbol': 'VELVETUSDT', 'phase': 'bleed', 'note': 'bleed:bq=0.29,dir_eff=0.39'}
2026-07-12 01:07:34 | INFO | trading.strategy2_signal_filter:check:641 | S2 market phase | {'symbol': 'VELVETUSDT', 'phase': 'bleed', 'note': 'bleed:bq=0.29,dir_eff=0.39'}
2026-07-12 01:07:34 | INFO | trading.strategy2_signal_filter:check:641 | S2 market phase | {'symbol': 'VELVETUSDT', 'phase': 'bleed', 'note': 'bleed:bq=0.29,dir_eff=0.39'}
2026-07-12 01:07:39 | INFO | trading.strategy2_signal_filter:check:641 | S2 market phase | {'symbol': 'VELVETUSDT', 'phase': 'bleed', 'note': 'bleed:bq=0.29,dir_eff=0.39'}
2026-07-12 01:07:49 | INFO | trading.strategy2_signal_filter:check:641 | S2 market phase | {'symbol': 'VELVETUSDT', 'phase': 'bleed', 'note': 'bleed:bq=0.29,dir_eff=0.40'}
2026-07-12 01:08:05 | INFO | trading.strategy2_signal_filter:check:641 | S2 market phase | {'symbol': 'VELVETUSDT', 'phase': 'bleed', 'note': 'bleed:bq=0.29,dir_eff=0.41'}
2026-07-12 01:08:15 | INFO | trading.strategy2_signal_filter:check:641 | S2 market phase | {'symbol': 'VELVETUSDT', 'phase': 'bleed', 'note': 'bleed:bq=0.29,dir_eff=0.39'}
2026-07-12 01:08:20 | INFO | trading.strategy2_signal_filter:check:641 | S2 market phase | {'symbol': 'VELVETUSDT', 'phase': 'bleed', 'note': 'bleed:bq=0.29,dir_eff=0.39'}
2026-07-12 01:08:20 | INFO | trading.strategy2_signal_filter:check:641 | S2 market phase | {'symbol': 'VELVETUSDT', 'phase': 'bleed', 'note': 'bleed:bq=0.29,dir_eff=0.39'}
2026-07-12 01:08:25 | INFO | trading.strategy2_signal_filter:check:641 | S2 market phase | {'symbol': 'VELVETUSDT', 'phase': 'bleed', 'note': 'bleed:bq=0.29,dir_eff=0.39'}
2026-07-12 01:08:30 | INFO | trading.strategy2_signal_filter:check:641 | S2 market phase | {'symbol': 'VELVETUSDT', 'phase': 'bleed', 'note': 'bleed:bq=0.29,dir_eff=0.40'}
2026-07-12 01:08:35 | INFO | trading.strategy2_signal_filter:check:641 | S2 market phase | {'symbol': 'VELVETUSDT', 'phase': 'bleed', 'note': 'bleed:bq=0.29,dir_eff=0.40'}
2026-07-12 01:08:35 | INFO | trading.strategy2_signal_filter:check:641 | S2 market phase | {'symbol': 'VELVETUSDT', 'phase': 'bleed', 'note': 'bleed:bq=0.29,dir_eff=0.40'}
2026-07-12 01:08:40 | INFO | trading.strategy2_signal_filter:check:641 | S2 market phase | {'symbol': 'VELVETUSDT', 'phase': 'bleed', 'note': 'bleed:bq=0.29,dir_eff=0.40'}
2026-07-12 01:08:45 | INFO | trading.strategy2_signal_filter:check:641 | S2 market phase | {'symbol': 'VELVETUSDT', 'phase': 'bleed', 'note': 'bleed:bq=0.29,dir_eff=0.40'}
2026-07-12 01:08:50 | INFO | trading.strategy2_signal_filter:check:641 | S2 market phase | {'symbol': 'VELVETUSDT', 'phase': 'bleed', 'note': 'bleed:bq=0.29,dir_eff=0.40'}
2026-07-12 01:08:50 | INFO | trading.strategy2_signal_filter:check:641 | S2 market phase | {'symbol': 'VELVETUSDT', 'phase': 'bleed', 'note': 'bleed:bq=0.29,dir_eff=0.40'}
2026-07-12 01:08:55 | INFO | trading.strategy2_signal_filter:check:641 | S2 market phase | {'symbol': 'VELVETUSDT', 'phase': 'bleed', 'note': 'bleed:bq=0.29,dir_eff=0.40'}
2026-07-12 01:09:01 | INFO | trading.strategy2_signal_filter:check:641 | S2 market phase | {'symbol': 'VELVETUSDT', 'phase': 'bleed', 'note': 'bleed:bq=0.29,dir_eff=0.40'}
2026-07-12 01:09:06 | INFO | trading.strategy2_signal_filter:check:641 | S2 market phase | {'symbol': 'VELVETUSDT', 'phase': 'bleed', 'note': 'bleed:bq=0.29,dir_eff=0.40'}
2026-07-12 01:09:06 | INFO | trading.strategy2_signal_filter:check:641 | S2 market phase | {'symbol': 'VELVETUSDT', 'phase': 'bleed', 'note': 'bleed:bq=0.29,dir_eff=0.40'}
2026-07-12 01:09:11 | INFO | trading.strategy2_signal_filter:check:641 | S2 market phase | {'symbol': 'VELVETUSDT', 'phase': 'bleed', 'note': 'bleed:bq=0.29,dir_eff=0.40'}
2026-07-12 01:09:16 | INFO | trading.strategy2_signal_filter:check:641 | S2 market phase | {'symbol': 'VELVETUSDT', 'phase': 'bleed', 'note': 'bleed:bq=0.29,dir_eff=0.39'}
2026-07-12 01:09:21 | INFO | trading.strategy2_signal_filter:check:641 | S2 market phase | {'symbol': 'VELVETUSDT', 'phase': 'bleed', 'note': 'bleed:bq=0.29,dir_eff=0.39'}
2026-07-12 01:09:21 | INFO | trading.strategy2_signal_filter:check:641 | S2 market phase | {'symbol': 'VELVETUSDT', 'phase': 'bleed', 'note': 'bleed:bq=0.29,dir_eff=0.39'}
2026-07-12 01:09:26 | INFO | trading.strategy2_signal_filter:check:641 | S2 market phase | {'symbol': 'VELVETUSDT', 'phase': 'bleed', 'note': 'bleed:bq=0.29,dir_eff=0.40'}
2026-07-12 01:09:31 | INFO | trading.strategy2_signal_filter:check:641 | S2 market phase | {'symbol': 'VELVETUSDT', 'phase': 'bleed', 'note': 'bleed:bq=0.29,dir_eff=0.40'}
2026-07-12 01:09:36 | INFO | trading.strategy2_signal_filter:check:641 | S2 market phase | {'symbol': 'VELVETUSDT', 'phase': 'bleed', 'note': 'bleed:bq=0.29,dir_eff=0.40'}
2026-07-12 01:09:51 | INFO | trading.strategy2_signal_filter:check:641 | S2 market phase | {'symbol': 'VELVETUSDT', 'phase': 'bleed', 'note': 'bleed:bq=0.29,dir_eff=0.40'}
2026-07-12 01:10:07 | INFO | trading.strategy2_signal_filter:check:641 | S2 market phase | {'symbol': 'VELVETUSDT', 'phase': 'bleed', 'note': 'bleed:bq=0.29,dir_eff=0.40'}
2026-07-12 01:10:22 | INFO | trading.strategy2_signal_filter:check:641 | S2 market phase | {'symbol': 'VELVETUSDT', 'phase': 'bleed', 'note': 'bleed:bq=-0.04,dir_eff=0.41'}
2026-07-12 01:10:37 | INFO | trading.strategy2_signal_filter:check:641 | S2 market phase | {'symbol': 'VELVETUSDT', 'phase': 'bleed', 'note': 'bleed:bq=-0.04,dir_eff=0.41'}
2026-07-12 01:10:52 | INFO | trading.strategy2_signal_filter:check:641 | S2 market phase | {'symbol': 'VELVETUSDT', 'phase': 'bleed', 'note': 'bleed:bq=-0.04,dir_eff=0.42'}
2026-07-12 01:11:56 | INFO | __main__:_monitored:787 | Level outcome saved | {'symbol': 'VELVETUSDT', 'level': 0.4274, 'result': 'пробой', 'outcome': 'breakout', 'duration': 448.8}
2026-07-12 01:11:56 | INFO | __main__:_start_next_level_after_breakout:933 | Next level from cache started | {'symbol': 'VELVETUSDT', 'level': 0.4146}
2026-07-12 01:13:00 | INFO | __main__:_auto_screener_loop:306 | Auto screener completed | {'total': 2, 'new': 0}
2026-07-12 01:14:27 | INFO | __main__:_proximity_arm_loop:1948 | proximity-arm activated | {'symbol': 'CLOUSDT', 'level': 0.25507, 'type': 'pump_base', 'strength': 5, 'dist_atr': 1.01}
2026-07-12 01:14:27 | INFO | __main__:_run_phase1:652 | Level monitoring started | {'symbol': 'CLOUSDT', 'level': 0.25014, 'strength': 5}
2026-07-12 01:20:28 | INFO | __main__:_proximity_loop:1258 | Proximity alert sent | {'symbol': 'CLOUSDT', 'level': 0.25014, 'distance_pct': 1.932802760026677}
2026-07-12 01:23:03 | INFO | __main__:_auto_screener_loop:306 | Auto screener completed | {'total': 2, 'new': 0}
2026-07-12 01:26:55 | INFO | __main__:_proximity_loop:1381 | Weak level touch resolved | {'symbol': 'CLOUSDT', 'level': 0.25287, 'event': 'bounce', 'fill_depth': 0.0}
2026-07-12 01:33:05 | INFO | __main__:_auto_screener_loop:306 | Auto screener completed | {'total': 1, 'new': 0}
2026-07-12 01:36:46 | INFO | __main__:_proximity_loop:1381 | Weak level touch resolved | {'symbol': 'CLOUSDT', 'level': 0.25287, 'event': 'bounce', 'fill_depth': 0.0}
2026-07-12 01:43:07 | INFO | __main__:_auto_screener_loop:306 | Auto screener completed | {'total': 1, 'new': 0}
2026-07-12 01:45:15 | INFO | __main__:_trigger_loop:357 | Trigger activated | {'symbol': 'EVAAUSDT'}
2026-07-12 01:45:15 | INFO | __main__:_run_phase1:601 | Level broken in recent candles, skipping monitor | {'symbol': 'EVAAUSDT', 'level': 0.48911, 'close_below': 14}
2026-07-12 01:47:17 | INFO | __main__:_trigger_loop:357 | Trigger activated | {'symbol': 'TUSDT'}
2026-07-12 01:47:18 | INFO | __main__:_run_phase1:575 | Replaced old monitor with closer level | {'symbol': 'TUSDT', 'old': 0.00438673, 'new': 0.00475093}
2026-07-12 01:47:18 | INFO | __main__:_monitored:798 | Monitor cancelled | {'symbol': 'TUSDT', 'level': 0.00438673}
2026-07-12 01:47:18 | INFO | __main__:_run_phase1:601 | Level broken in recent candles, skipping monitor | {'symbol': 'TUSDT', 'level': 0.00475093, 'close_below': 23}
2026-07-12 01:51:12 | INFO | trading.strategy2_signal_filter:check:641 | S2 market phase | {'symbol': 'SXTUSDT', 'phase': 'drop_tradeable', 'note': 'drop_tradeable:bq=0.93'}
2026-07-12 01:51:12 | INFO | trading.strategy2_signal_filter:check:948 | S2 signal passed all filters | {'symbol': 'SXTUSDT', 'level': 0.00852, 'level_type': 'pump_base', 'strength': 5, 'p_bounce': 0.948, 'sl': 0.00841321, 'tp1': 0.00859668, 'tp2': 0.00882107, 'rr': 0.72, 'phase': 'drop_tradeable', 'pos_struct_pct': 43.2, 'pos_local_pct': -8.4, 'struct_range': [0.007033, 0.010478], 'approach_speed_pct': -1.2202, 'red_candles_streak': 0, 'phase_streak_checks': 3, 'phase_streak_seconds': 21098.7, 'bleed_in_last_12': 0, 'seconds_since_bleed': None, 'phase_seq': 'ddd', 'hours_since_pump_peak': 6.9, 'vol_decay': 0.53, 'natr_now_pct': 2.68}
2026-07-12 01:51:12 | INFO | __main__:_proximity_loop:1258 | Proximity alert sent | {'symbol': 'SXTUSDT', 'level': 0.00852, 'distance_pct': 1.6393442622950793}
2026-07-12 01:51:13 | INFO | trading.strategy2_live:_open_grid:784 | S2Live: SL order placed | {'trade_id': '3b433b2a-ca79-48ba-ae7c-db6123607a13', 'symbol': 'SXTUSDT', 'sl_order_id': 'c51980e8-ee9e-4d5c-887c-64fc6989af1b', 'trigger': 0.008413, 'qty': 23510.0}
2026-07-12 01:51:13 | INFO | bot.telegram:send_close_with_chart:1480 | chart candles available: SXTUSDT 300 | {}
2026-07-12 01:51:13 | INFO | trading.strategy2_live:_open_grid:817 | S2Live grid opened | {'trade_id': '3b433b2a-ca79-48ba-ae7c-db6123607a13', 'symbol': 'SXTUSDT', 'orders': 2}
2026-07-12 01:53:09 | INFO | __main__:_auto_screener_loop:306 | Auto screener completed | {'total': 1, 'new': 0}
2026-07-12 01:57:39 | INFO | __main__:_trigger_loop:357 | Trigger activated | {'symbol': 'BUSDT'}
2026-07-12 01:57:39 | INFO | __main__:_run_phase1:414 | Pump degraded, skipping monitoring | {'symbol': 'BUSDT', 'health': 20, 'broken': 0, 'correction': '77%'}
2026-07-12 01:58:14 | INFO | __main__:_proximity_loop:1381 | Weak level touch resolved | {'symbol': 'CLOUSDT', 'level': 0.25287, 'event': 'zakol', 'fill_depth': 0.6090085814845517}
2026-07-12 02:00:16 | INFO | __main__:_trigger_loop:357 | Trigger activated | {'symbol': 'LABUSDT'}
2026-07-12 02:00:16 | INFO | __main__:_run_phase1:414 | Pump degraded, skipping monitoring | {'symbol': 'LABUSDT', 'health': 20, 'broken': 0, 'correction': '300%'}
2026-07-12 02:01:28 | INFO | __main__:_proximity_loop:1381 | Weak level touch resolved | {'symbol': 'CLOUSDT', 'level': 0.25287, 'event': 'bounce', 'fill_depth': 0.0}
2026-07-12 02:01:32 | INFO | bot.telegram:send_close_with_chart:1480 | chart candles available: SXTUSDT 300 | {}
2026-07-12 02:01:32 | INFO | trading.strategy2_live:_reconcile_one:1289 | S2Live reconcile: no position, no fills — closed | {'trade_id': '3b433b2a-ca79-48ba-ae7c-db6123607a13', 'symbol': 'SXTUSDT'}
2026-07-12 02:03:10 | INFO | __main__:_auto_screener_loop:306 | Auto screener completed | {'total': 1, 'new': 0}
2026-07-12 02:05:12 | INFO | __main__:_trigger_loop:357 | Trigger activated | {'symbol': 'SXTUSDT'}
2026-07-12 02:05:12 | INFO | __main__:_run_phase1:575 | Replaced old monitor with closer level | {'symbol': 'SXTUSDT', 'old': 0.00852, 'new': 0.0087995}
2026-07-12 02:05:12 | INFO | __main__:_monitored:798 | Monitor cancelled | {'symbol': 'SXTUSDT', 'level': 0.00852}
2026-07-12 02:05:12 | INFO | __main__:_run_phase1:601 | Level broken in recent candles, skipping monitor | {'symbol': 'SXTUSDT', 'level': 0.0087995, 'close_below': 19}
2026-07-12 02:05:29 | INFO | __main__:_proximity_arm_loop:1948 | proximity-arm activated | {'symbol': 'SXTUSDT', 'level': 0.0087995, 'type': 'pump_base', 'strength': 5, 'dist_atr': 2.58}
2026-07-12 02:08:10 | INFO | __main__:_proximity_loop:1381 | Weak level touch resolved | {'symbol': 'CLOUSDT', 'level': 0.25287, 'event': 'bounce', 'fill_depth': 0.2570490766006185}
2026-07-12 02:13:12 | INFO | __main__:_auto_screener_loop:306 | Auto screener completed | {'total': 1, 'new': 0}
2026-07-12 02:16:49 | INFO | __main__:_proximity_loop:1381 | Weak level touch resolved | {'symbol': 'CLOUSDT', 'level': 0.25287, 'event': 'bounce', 'fill_depth': 0.06327361885553584}
2026-07-12 02:22:05 | INFO | analysis.monitor:start_monitor:126 | monitor: skip level with non-positive p_bounce (won't pass entry filter) | {'symbol': 'CLOUSDT', 'level': 0.2521175, 'level_type': 'wick_level', 'p_bounce': 0.0, 'expected_depth': 0.0}
2026-07-12 02:22:05 | INFO | __main__:_monitored:798 | Monitor cancelled | {'symbol': 'CLOUSDT', 'level': 0.25014}
2026-07-12 02:22:05 | INFO | __main__:_start_resistance_after_bounce:1116 | Resistance monitor started | {'symbol': 'CLOUSDT', 'resistance': 0.2521175, 'from_support': 0.25014}
2026-07-12 02:22:05 | INFO | __main__:_monitored:787 | Level outcome saved | {'symbol': 'CLOUSDT', 'level': 0.2521175, 'result': 'отбой', 'outcome': None, 'duration': 0.0}
2026-07-12 02:23:14 | INFO | __main__:_auto_screener_loop:306 | Auto screener completed | {'total': 1, 'new': 0}
2026-07-12 02:30:19 | INFO | __main__:_trigger_loop:357 | Trigger activated | {'symbol': 'BEATUSDT'}
2026-07-12 02:30:19 | INFO | __main__:_run_phase1:414 | Pump degraded, skipping monitoring | {'symbol': 'BEATUSDT', 'health': 40, 'broken': 0, 'correction': '105%'}
2026-07-12 02:31:32 | INFO | trading.live_price_tracker:_save_post_exit_range:226 | live_post_exit_tracker saved | {'trade_id': '3b433b2a-ca79-48ba-ae7c-db6123607a13', 'high': 0.009329, 'low': 0.008782}
2026-07-12 02:33:16 | INFO | __main__:_auto_screener_loop:306 | Auto screener completed | {'total': 1, 'new': 0}
2026-07-12 02:42:01 | INFO | __main__:_proximity_arm_loop:1948 | proximity-arm activated | {'symbol': 'SXTUSDT', 'level': 0.008801, 'type': 'pump_base', 'strength': 5, 'dist_atr': 3.84}
2026-07-12 02:42:01 | INFO | __main__:_run_phase1:652 | Level monitoring started | {'symbol': 'SXTUSDT', 'level': 0.008801, 'strength': 5}
2026-07-12 02:42:31 | INFO | __main__:_proximity_arm_loop:1948 | proximity-arm activated | {'symbol': 'TUSDT', 'level': 0.00529, 'type': 'pump_base', 'strength': 5, 'dist_atr': 1.13}
2026-07-12 02:42:32 | INFO | __main__:_run_phase1:652 | Level monitoring started | {'symbol': 'TUSDT', 'level': 0.004916, 'strength': 5}
2026-07-12 02:43:18 | INFO | __main__:_auto_screener_loop:306 | Auto screener completed | {'total': 1, 'new': 0}
2026-07-12 02:45:31 | INFO | __main__:_trigger_loop:357 | Trigger activated | {'symbol': 'EVAAUSDT'}
2026-07-12 02:45:31 | INFO | __main__:_run_phase1:535 | No strong levels found | {'symbol': 'EVAAUSDT', 'total_levels': 6}
2026-07-12 02:48:19 | INFO | __main__:_trigger_loop:357 | Trigger activated | {'symbol': 'TUSDT'}
2026-07-12 02:53:20 | INFO | __main__:_auto_screener_loop:306 | Auto screener completed | {'total': 1, 'new': 0}
2026-07-12 03:03:22 | INFO | __main__:_auto_screener_loop:306 | Auto screener completed | {'total': 2, 'new': 0}
2026-07-12 03:05:12 | INFO | __main__:_trigger_loop:357 | Trigger activated | {'symbol': 'SXTUSDT'}
2026-07-12 03:05:13 | INFO | __main__:_run_phase1:575 | Replaced old monitor with closer level | {'symbol': 'SXTUSDT', 'old': 0.008801, 'new': 0.00923}
2026-07-12 03:05:13 | INFO | __main__:_monitored:798 | Monitor cancelled | {'symbol': 'SXTUSDT', 'level': 0.008801}
2026-07-12 03:05:13 | INFO | __main__:_run_phase1:601 | Level broken in recent candles, skipping monitor | {'symbol': 'SXTUSDT', 'level': 0.00923, 'close_below': 14}
2026-07-12 03:13:03 | INFO | __main__:_proximity_arm_loop:1948 | proximity-arm activated | {'symbol': 'SXTUSDT', 'level': 0.00923, 'type': 'pump_base', 'strength': 5, 'dist_atr': 1.0}
2026-07-12 03:13:03 | INFO | __main__:_run_phase1:535 | No strong levels found | {'symbol': 'SXTUSDT', 'total_levels': 2}
2026-07-12 03:13:24 | INFO | __main__:_auto_screener_loop:306 | Auto screener completed | {'total': 2, 'new': 0}
2026-07-12 03:16:25 | INFO | __main__:_proximity_loop:1258 | Proximity alert sent | {'symbol': 'VELVETUSDT', 'level': 0.4146, 'distance_pct': 1.9858156028368708}
2026-07-12 03:16:25 | INFO | trading.strategy2_signal_filter:check:641 | S2 market phase | {'symbol': 'VELVETUSDT', 'phase': 'bleed', 'note': 'bleed:bq=0.49,dir_eff=0.26'}
2026-07-12 03:17:11 | INFO | trading.strategy2_signal_filter:check:641 | S2 market phase | {'symbol': 'VELVETUSDT', 'phase': 'bleed', 'note': 'bleed:bq=0.49,dir_eff=0.26'}
2026-07-12 03:17:21 | INFO | trading.strategy2_signal_filter:check:641 | S2 market phase | {'symbol': 'VELVETUSDT', 'phase': 'bleed', 'note': 'bleed:bq=0.49,dir_eff=0.31'}
2026-07-12 03:17:26 | INFO | trading.strategy2_signal_filter:check:641 | S2 market phase | {'symbol': 'VELVETUSDT', 'phase': 'bleed', 'note': 'bleed:bq=0.49,dir_eff=0.31'}
2026-07-12 03:17:26 | INFO | trading.strategy2_signal_filter:check:641 | S2 market phase | {'symbol': 'VELVETUSDT', 'phase': 'bleed', 'note': 'bleed:bq=0.49,dir_eff=0.31'}
2026-07-12 03:17:31 | INFO | trading.strategy2_signal_filter:check:641 | S2 market phase | {'symbol': 'VELVETUSDT', 'phase': 'bleed', 'note': 'bleed:bq=0.49,dir_eff=0.32'}
2026-07-12 03:17:36 | INFO | trading.strategy2_signal_filter:check:641 | S2 market phase | {'symbol': 'VELVETUSDT', 'phase': 'bleed', 'note': 'bleed:bq=0.49,dir_eff=0.32'}
2026-07-12 03:17:41 | INFO | trading.strategy2_signal_filter:check:641 | S2 market phase | {'symbol': 'VELVETUSDT', 'phase': 'bleed', 'note': 'bleed:bq=0.49,dir_eff=0.32'}
2026-07-12 03:17:41 | INFO | trading.strategy2_signal_filter:check:641 | S2 market phase | {'symbol': 'VELVETUSDT', 'phase': 'bleed', 'note': 'bleed:bq=0.49,dir_eff=0.32'}
2026-07-12 03:17:46 | INFO | trading.strategy2_signal_filter:check:641 | S2 market phase | {'symbol': 'VELVETUSDT', 'phase': 'bleed', 'note': 'bleed:bq=0.49,dir_eff=0.32'}
2026-07-12 03:17:51 | INFO | trading.strategy2_signal_filter:check:641 | S2 market phase | {'symbol': 'VELVETUSDT', 'phase': 'bleed', 'note': 'bleed:bq=0.49,dir_eff=0.32'}
2026-07-12 03:17:57 | INFO | trading.strategy2_signal_filter:check:641 | S2 market phase | {'symbol': 'VELVETUSDT', 'phase': 'bleed', 'note': 'bleed:bq=0.49,dir_eff=0.32'}
2026-07-12 03:17:57 | INFO | trading.strategy2_signal_filter:check:641 | S2 market phase | {'symbol': 'VELVETUSDT', 'phase': 'bleed', 'note': 'bleed:bq=0.49,dir_eff=0.32'}
2026-07-12 03:18:02 | INFO | trading.strategy2_signal_filter:check:641 | S2 market phase | {'symbol': 'VELVETUSDT', 'phase': 'bleed', 'note': 'bleed:bq=0.49,dir_eff=0.32'}
2026-07-12 03:18:07 | INFO | trading.strategy2_signal_filter:check:641 | S2 market phase | {'symbol': 'VELVETUSDT', 'phase': 'bleed', 'note': 'bleed:bq=0.49,dir_eff=0.34'}
2026-07-12 03:18:12 | INFO | trading.strategy2_signal_filter:check:641 | S2 market phase | {'symbol': 'VELVETUSDT', 'phase': 'bleed', 'note': 'bleed:bq=0.49,dir_eff=0.34'}
2026-07-12 03:18:12 | INFO | trading.strategy2_signal_filter:check:641 | S2 market phase | {'symbol': 'VELVETUSDT', 'phase': 'bleed', 'note': 'bleed:bq=0.49,dir_eff=0.34'}
2026-07-12 03:18:17 | INFO | trading.strategy2_signal_filter:check:641 | S2 market phase | {'symbol': 'VELVETUSDT', 'phase': 'bleed', 'note': 'bleed:bq=0.49,dir_eff=0.34'}
2026-07-12 03:18:22 | INFO | trading.strategy2_signal_filter:check:641 | S2 market phase | {'symbol': 'VELVETUSDT', 'phase': 'bleed', 'note': 'bleed:bq=0.49,dir_eff=0.33'}
2026-07-12 03:18:27 | INFO | trading.strategy2_signal_filter:check:641 | S2 market phase | {'symbol': 'VELVETUSDT', 'phase': 'bleed', 'note': 'bleed:bq=0.49,dir_eff=0.33'}
2026-07-12 03:18:27 | INFO | trading.strategy2_signal_filter:check:641 | S2 market phase | {'symbol': 'VELVETUSDT', 'phase': 'bleed', 'note': 'bleed:bq=0.49,dir_eff=0.33'}
2026-07-12 03:18:32 | INFO | trading.strategy2_signal_filter:check:641 | S2 market phase | {'symbol': 'VELVETUSDT', 'phase': 'bleed', 'note': 'bleed:bq=0.49,dir_eff=0.33'}
2026-07-12 03:18:37 | INFO | trading.strategy2_signal_filter:check:641 | S2 market phase | {'symbol': 'VELVETUSDT', 'phase': 'bleed', 'note': 'bleed:bq=0.49,dir_eff=0.33'}
2026-07-12 03:18:42 | INFO | trading.strategy2_signal_filter:check:641 | S2 market phase | {'symbol': 'VELVETUSDT', 'phase': 'bleed', 'note': 'bleed:bq=0.49,dir_eff=0.33'}
2026-07-12 03:18:42 | INFO | trading.strategy2_signal_filter:check:641 | S2 market phase | {'symbol': 'VELVETUSDT', 'phase': 'bleed', 'note': 'bleed:bq=0.49,dir_eff=0.33'}
2026-07-12 03:18:48 | INFO | trading.strategy2_signal_filter:check:641 | S2 market phase | {'symbol': 'VELVETUSDT', 'phase': 'bleed', 'note': 'bleed:bq=0.49,dir_eff=0.33'}
2026-07-12 03:18:53 | INFO | trading.strategy2_signal_filter:check:641 | S2 market phase | {'symbol': 'VELVETUSDT', 'phase': 'bleed', 'note': 'bleed:bq=0.49,dir_eff=0.33'}
2026-07-12 03:18:58 | INFO | trading.strategy2_signal_filter:check:641 | S2 market phase | {'symbol': 'VELVETUSDT', 'phase': 'bleed', 'note': 'bleed:bq=0.49,dir_eff=0.33'}
2026-07-12 03:18:58 | INFO | trading.strategy2_signal_filter:check:641 | S2 market phase | {'symbol': 'VELVETUSDT', 'phase': 'bleed', 'note': 'bleed:bq=0.49,dir_eff=0.33'}
2026-07-12 03:19:03 | INFO | trading.strategy2_signal_filter:check:641 | S2 market phase | {'symbol': 'VELVETUSDT', 'phase': 'bleed', 'note': 'bleed:bq=0.49,dir_eff=0.33'}
2026-07-12 03:19:08 | INFO | trading.strategy2_signal_filter:check:641 | S2 market phase | {'symbol': 'VELVETUSDT', 'phase': 'bleed', 'note': 'bleed:bq=0.49,dir_eff=0.34'}
2026-07-12 03:19:13 | INFO | trading.strategy2_signal_filter:check:641 | S2 market phase | {'symbol': 'VELVETUSDT', 'phase': 'bleed', 'note': 'bleed:bq=0.49,dir_eff=0.34'}
2026-07-12 03:19:13 | INFO | trading.strategy2_signal_filter:check:641 | S2 market phase | {'symbol': 'VELVETUSDT', 'phase': 'bleed', 'note': 'bleed:bq=0.49,dir_eff=0.34'}
2026-07-12 03:19:18 | INFO | trading.strategy2_signal_filter:check:641 | S2 market phase | {'symbol': 'VELVETUSDT', 'phase': 'bleed', 'note': 'bleed:bq=0.49,dir_eff=0.37'}
2026-07-12 03:19:23 | INFO | trading.strategy2_signal_filter:check:641 | S2 market phase | {'symbol': 'VELVETUSDT', 'phase': 'bleed', 'note': 'bleed:bq=0.49,dir_eff=0.37'}
2026-07-12 03:19:28 | INFO | trading.strategy2_signal_filter:check:641 | S2 market phase | {'symbol': 'VELVETUSDT', 'phase': 'bleed', 'note': 'bleed:bq=0.49,dir_eff=0.37'}
2026-07-12 03:19:28 | INFO | trading.strategy2_signal_filter:check:641 | S2 market phase | {'symbol': 'VELVETUSDT', 'phase': 'bleed', 'note': 'bleed:bq=0.49,dir_eff=0.37'}
2026-07-12 03:19:33 | INFO | trading.strategy2_signal_filter:check:641 | S2 market phase | {'symbol': 'VELVETUSDT', 'phase': 'bleed', 'note': 'bleed:bq=0.49,dir_eff=0.37'}
2026-07-12 03:19:38 | INFO | trading.strategy2_signal_filter:check:641 | S2 market phase | {'symbol': 'VELVETUSDT', 'phase': 'bleed', 'note': 'bleed:bq=0.49,dir_eff=0.37'}
2026-07-12 03:19:44 | INFO | trading.strategy2_signal_filter:check:641 | S2 market phase | {'symbol': 'VELVETUSDT', 'phase': 'bleed', 'note': 'bleed:bq=0.49,dir_eff=0.37'}
2026-07-12 03:19:44 | INFO | trading.strategy2_signal_filter:check:641 | S2 market phase | {'symbol': 'VELVETUSDT', 'phase': 'bleed', 'note': 'bleed:bq=0.49,dir_eff=0.37'}
2026-07-12 03:19:49 | INFO | trading.strategy2_signal_filter:check:641 | S2 market phase | {'symbol': 'VELVETUSDT', 'phase': 'bleed', 'note': 'bleed:bq=0.49,dir_eff=0.37'}
2026-07-12 03:19:54 | INFO | trading.strategy2_signal_filter:check:641 | S2 market phase | {'symbol': 'VELVETUSDT', 'phase': 'bleed', 'note': 'bleed:bq=0.49,dir_eff=0.36'}
2026-07-12 03:19:59 | INFO | trading.strategy2_signal_filter:check:641 | S2 market phase | {'symbol': 'VELVETUSDT', 'phase': 'bleed', 'note': 'bleed:bq=0.49,dir_eff=0.36'}
2026-07-12 03:19:59 | INFO | trading.strategy2_signal_filter:check:641 | S2 market phase | {'symbol': 'VELVETUSDT', 'phase': 'bleed', 'note': 'bleed:bq=0.49,dir_eff=0.36'}
2026-07-12 03:20:04 | INFO | trading.strategy2_signal_filter:check:641 | S2 market phase | {'symbol': 'VELVETUSDT', 'phase': 'bleed', 'note': 'bleed:bq=0.49,dir_eff=0.36'}
2026-07-12 03:20:09 | INFO | trading.strategy2_signal_filter:check:641 | S2 market phase | {'symbol': 'VELVETUSDT', 'phase': 'bleed', 'note': 'bleed:bq=0.49,dir_eff=0.36'}
2026-07-12 03:20:14 | INFO | trading.strategy2_signal_filter:check:641 | S2 market phase | {'symbol': 'VELVETUSDT', 'phase': 'bleed', 'note': 'bleed:bq=0.49,dir_eff=0.36'}
2026-07-12 03:20:14 | INFO | trading.strategy2_signal_filter:check:641 | S2 market phase | {'symbol': 'VELVETUSDT', 'phase': 'bleed', 'note': 'bleed:bq=0.49,dir_eff=0.36'}
2026-07-12 03:20:19 | INFO | trading.strategy2_signal_filter:check:641 | S2 market phase | {'symbol': 'VELVETUSDT', 'phase': 'bleed', 'note': 'bleed:bq=0.49,dir_eff=0.36'}
2026-07-12 03:20:24 | INFO | trading.strategy2_signal_filter:check:641 | S2 market phase | {'symbol': 'VELVETUSDT', 'phase': 'bleed', 'note': 'bleed:bq=0.49,dir_eff=0.34'}
2026-07-12 03:20:29 | INFO | trading.strategy2_signal_filter:check:641 | S2 market phase | {'symbol': 'VELVETUSDT', 'phase': 'bleed', 'note': 'bleed:bq=0.49,dir_eff=0.34'}
2026-07-12 03:20:29 | INFO | trading.strategy2_signal_filter:check:641 | S2 market phase | {'symbol': 'VELVETUSDT', 'phase': 'bleed', 'note': 'bleed:bq=0.49,dir_eff=0.34'}
2026-07-12 03:20:34 | INFO | trading.strategy2_signal_filter:check:641 | S2 market phase | {'symbol': 'VELVETUSDT', 'phase': 'bleed', 'note': 'bleed:bq=0.49,dir_eff=0.34'}
2026-07-12 03:20:40 | INFO | trading.strategy2_signal_filter:check:641 | S2 market phase | {'symbol': 'VELVETUSDT', 'phase': 'bleed', 'note': 'bleed:bq=0.49,dir_eff=0.34'}
2026-07-12 03:20:45 | INFO | trading.strategy2_signal_filter:check:641 | S2 market phase | {'symbol': 'VELVETUSDT', 'phase': 'bleed', 'note': 'bleed:bq=0.49,dir_eff=0.34'}
2026-07-12 03:20:45 | INFO | trading.strategy2_signal_filter:check:641 | S2 market phase | {'symbol': 'VELVETUSDT', 'phase': 'bleed', 'note': 'bleed:bq=0.49,dir_eff=0.34'}
2026-07-12 03:20:50 | INFO | trading.strategy2_signal_filter:check:641 | S2 market phase | {'symbol': 'VELVETUSDT', 'phase': 'bleed', 'note': 'bleed:bq=0.49,dir_eff=0.36'}
2026-07-12 03:20:55 | INFO | trading.strategy2_signal_filter:check:641 | S2 market phase | {'symbol': 'VELVETUSDT', 'phase': 'bleed', 'note': 'bleed:bq=0.49,dir_eff=0.36'}
2026-07-12 03:21:00 | INFO | trading.strategy2_signal_filter:check:641 | S2 market phase | {'symbol': 'VELVETUSDT', 'phase': 'bleed', 'note': 'bleed:bq=0.49,dir_eff=0.34'}
2026-07-12 03:21:00 | INFO | trading.strategy2_signal_filter:check:641 | S2 market phase | {'symbol': 'VELVETUSDT', 'phase': 'bleed', 'note': 'bleed:bq=0.49,dir_eff=0.34'}
2026-07-12 03:21:05 | INFO | trading.strategy2_signal_filter:check:641 | S2 market phase | {'symbol': 'VELVETUSDT', 'phase': 'bleed', 'note': 'bleed:bq=0.49,dir_eff=0.34'}
2026-07-12 03:21:10 | INFO | trading.strategy2_signal_filter:check:641 | S2 market phase | {'symbol': 'VELVETUSDT', 'phase': 'bleed', 'note': 'bleed:bq=0.49,dir_eff=0.33'}
2026-07-12 03:21:15 | INFO | trading.strategy2_signal_filter:check:641 | S2 market phase | {'symbol': 'VELVETUSDT', 'phase': 'bleed', 'note': 'bleed:bq=0.49,dir_eff=0.33'}
2026-07-12 03:21:15 | INFO | trading.strategy2_signal_filter:check:641 | S2 market phase | {'symbol': 'VELVETUSDT', 'phase': 'bleed', 'note': 'bleed:bq=0.49,dir_eff=0.33'}
2026-07-12 03:21:20 | INFO | trading.strategy2_signal_filter:check:641 | S2 market phase | {'symbol': 'VELVETUSDT', 'phase': 'bleed', 'note': 'bleed:bq=0.49,dir_eff=0.33'}
2026-07-12 03:21:25 | INFO | trading.strategy2_signal_filter:check:641 | S2 market phase | {'symbol': 'VELVETUSDT', 'phase': 'bleed', 'note': 'bleed:bq=0.49,dir_eff=0.32'}
2026-07-12 03:21:31 | INFO | trading.strategy2_signal_filter:check:641 | S2 market phase | {'symbol': 'VELVETUSDT', 'phase': 'bleed', 'note': 'bleed:bq=0.49,dir_eff=0.32'}
2026-07-12 03:21:31 | INFO | trading.strategy2_signal_filter:check:641 | S2 market phase | {'symbol': 'VELVETUSDT', 'phase': 'bleed', 'note': 'bleed:bq=0.49,dir_eff=0.32'}
2026-07-12 03:21:36 | INFO | trading.strategy2_signal_filter:check:641 | S2 market phase | {'symbol': 'VELVETUSDT', 'phase': 'bleed', 'note': 'bleed:bq=0.49,dir_eff=0.32'}
2026-07-12 03:21:41 | INFO | trading.strategy2_signal_filter:check:641 | S2 market phase | {'symbol': 'VELVETUSDT', 'phase': 'bleed', 'note': 'bleed:bq=0.49,dir_eff=0.32'}
2026-07-12 03:21:46 | INFO | trading.strategy2_signal_filter:check:641 | S2 market phase | {'symbol': 'VELVETUSDT', 'phase': 'bleed', 'note': 'bleed:bq=0.49,dir_eff=0.30'}
2026-07-12 03:21:46 | INFO | trading.strategy2_signal_filter:check:641 | S2 market phase | {'symbol': 'VELVETUSDT', 'phase': 'bleed', 'note': 'bleed:bq=0.49,dir_eff=0.30'}
2026-07-12 03:21:51 | INFO | trading.strategy2_signal_filter:check:641 | S2 market phase | {'symbol': 'VELVETUSDT', 'phase': 'bleed', 'note': 'bleed:bq=0.49,dir_eff=0.30'}
2026-07-12 03:21:56 | INFO | trading.strategy2_signal_filter:check:641 | S2 market phase | {'symbol': 'VELVETUSDT', 'phase': 'bleed', 'note': 'bleed:bq=0.49,dir_eff=0.30'}
2026-07-12 03:22:01 | INFO | trading.strategy2_signal_filter:check:641 | S2 market phase | {'symbol': 'VELVETUSDT', 'phase': 'bleed', 'note': 'bleed:bq=0.49,dir_eff=0.30'}
2026-07-12 03:22:01 | INFO | trading.strategy2_signal_filter:check:641 | S2 market phase | {'symbol': 'VELVETUSDT', 'phase': 'bleed', 'note': 'bleed:bq=0.49,dir_eff=0.30'}
2026-07-12 03:22:06 | INFO | trading.strategy2_signal_filter:check:641 | S2 market phase | {'symbol': 'VELVETUSDT', 'phase': 'bleed', 'note': 'bleed:bq=0.49,dir_eff=0.30'}
2026-07-12 03:22:11 | INFO | trading.strategy2_signal_filter:check:641 | S2 market phase | {'symbol': 'VELVETUSDT', 'phase': 'bleed', 'note': 'bleed:bq=0.49,dir_eff=0.27'}
2026-07-12 03:22:16 | INFO | trading.strategy2_signal_filter:check:641 | S2 market phase | {'symbol': 'VELVETUSDT', 'phase': 'bleed', 'note': 'bleed:bq=0.49,dir_eff=0.27'}
2026-07-12 03:22:16 | INFO | trading.strategy2_signal_filter:check:641 | S2 market phase | {'symbol': 'VELVETUSDT', 'phase': 'bleed', 'note': 'bleed:bq=0.49,dir_eff=0.27'}
2026-07-12 03:22:21 | INFO | trading.strategy2_signal_filter:check:641 | S2 market phase | {'symbol': 'VELVETUSDT', 'phase': 'bleed', 'note': 'bleed:bq=0.49,dir_eff=0.27'}
2026-07-12 03:22:26 | INFO | __main__:_stale_monitor_loop:1179 | Stale monitor cancelled — rebuilding | {'symbol': 'TUSDT', 'level': 0.004916, 'current': 0.005475, 'distance_pct': 10.2}
2026-07-12 03:22:26 | INFO | __main__:_monitored:798 | Monitor cancelled | {'symbol': 'TUSDT', 'level': 0.004916}
2026-07-12 03:22:27 | INFO | __main__:_run_phase1:601 | Level broken in recent candles, skipping monitor | {'symbol': 'TUSDT', 'level': 0.0052875, 'close_below': 24}
2026-07-12 03:22:27 | INFO | trading.strategy2_signal_filter:check:641 | S2 market phase | {'symbol': 'VELVETUSDT', 'phase': 'bleed', 'note': 'bleed:bq=0.49,dir_eff=0.27'}
2026-07-12 03:22:32 | INFO | trading.strategy2_signal_filter:check:641 | S2 market phase | {'symbol': 'VELVETUSDT', 'phase': 'bleed', 'note': 'bleed:bq=0.49,dir_eff=0.27'}
2026-07-12 03:22:32 | INFO | trading.strategy2_signal_filter:check:641 | S2 market phase | {'symbol': 'VELVETUSDT', 'phase': 'bleed', 'note': 'bleed:bq=0.49,dir_eff=0.27'}
2026-07-12 03:22:33 | INFO | __main__:_proximity_arm_loop:1948 | proximity-arm activated | {'symbol': 'TUSDT', 'level': 0.0052875, 'type': 'pump_base', 'strength': 5, 'dist_atr': 3.03}
2026-07-12 03:22:37 | INFO | trading.strategy2_signal_filter:check:641 | S2 market phase | {'symbol': 'VELVETUSDT', 'phase': 'bleed', 'note': 'bleed:bq=0.49,dir_eff=0.27'}
2026-07-12 03:22:42 | INFO | trading.strategy2_signal_filter:check:641 | S2 market phase | {'symbol': 'VELVETUSDT', 'phase': 'bleed', 'note': 'bleed:bq=0.49,dir_eff=0.28'}
2026-07-12 03:22:47 | INFO | trading.strategy2_signal_filter:check:641 | S2 market phase | {'symbol': 'VELVETUSDT', 'phase': 'bleed', 'note': 'bleed:bq=0.49,dir_eff=0.28'}
2026-07-12 03:22:47 | INFO | trading.strategy2_signal_filter:check:641 | S2 market phase | {'symbol': 'VELVETUSDT', 'phase': 'bleed', 'note': 'bleed:bq=0.49,dir_eff=0.28'}
2026-07-12 03:22:52 | INFO | trading.strategy2_signal_filter:check:641 | S2 market phase | {'symbol': 'VELVETUSDT', 'phase': 'bleed', 'note': 'bleed:bq=0.49,dir_eff=0.28'}
2026-07-12 03:22:58 | INFO | trading.strategy2_signal_filter:check:641 | S2 market phase | {'symbol': 'VELVETUSDT', 'phase': 'bleed', 'note': 'bleed:bq=0.49,dir_eff=0.28'}
2026-07-12 03:23:03 | INFO | trading.strategy2_signal_filter:check:641 | S2 market phase | {'symbol': 'VELVETUSDT', 'phase': 'bleed', 'note': 'bleed:bq=0.49,dir_eff=0.28'}
2026-07-12 03:23:03 | INFO | trading.strategy2_signal_filter:check:641 | S2 market phase | {'symbol': 'VELVETUSDT', 'phase': 'bleed', 'note': 'bleed:bq=0.49,dir_eff=0.28'}
2026-07-12 03:23:08 | INFO | trading.strategy2_signal_filter:check:641 | S2 market phase | {'symbol': 'VELVETUSDT', 'phase': 'bleed', 'note': 'bleed:bq=0.49,dir_eff=0.31'}
2026-07-12 03:23:13 | INFO | trading.strategy2_signal_filter:check:641 | S2 market phase | {'symbol': 'VELVETUSDT', 'phase': 'bleed', 'note': 'bleed:bq=0.49,dir_eff=0.31'}
2026-07-12 03:23:18 | INFO | trading.strategy2_signal_filter:check:641 | S2 market phase | {'symbol': 'VELVETUSDT', 'phase': 'bleed', 'note': 'bleed:bq=0.49,dir_eff=0.31'}
2026-07-12 03:23:18 | INFO | trading.strategy2_signal_filter:check:641 | S2 market phase | {'symbol': 'VELVETUSDT', 'phase': 'bleed', 'note': 'bleed:bq=0.49,dir_eff=0.31'}
2026-07-12 03:23:23 | INFO | trading.strategy2_signal_filter:check:641 | S2 market phase | {'symbol': 'VELVETUSDT', 'phase': 'bleed', 'note': 'bleed:bq=0.49,dir_eff=0.31'}
2026-07-12 03:23:26 | INFO | __main__:_auto_screener_loop:306 | Auto screener completed | {'total': 2, 'new': 0}
2026-07-12 03:23:28 | INFO | trading.strategy2_signal_filter:check:641 | S2 market phase | {'symbol': 'VELVETUSDT', 'phase': 'bleed', 'note': 'bleed:bq=0.49,dir_eff=0.31'}
2026-07-12 03:23:33 | INFO | trading.strategy2_signal_filter:check:641 | S2 market phase | {'symbol': 'VELVETUSDT', 'phase': 'bleed', 'note': 'bleed:bq=0.49,dir_eff=0.31'}
2026-07-12 03:23:33 | INFO | trading.strategy2_signal_filter:check:641 | S2 market phase | {'symbol': 'VELVETUSDT', 'phase': 'bleed', 'note': 'bleed:bq=0.49,dir_eff=0.31'}
2026-07-12 03:23:38 | INFO | trading.strategy2_signal_filter:check:641 | S2 market phase | {'symbol': 'VELVETUSDT', 'phase': 'bleed', 'note': 'bleed:bq=0.49,dir_eff=0.31'}
2026-07-12 03:23:43 | INFO | trading.strategy2_signal_filter:check:641 | S2 market phase | {'symbol': 'VELVETUSDT', 'phase': 'bleed', 'note': 'bleed:bq=0.49,dir_eff=0.32'}
2026-07-12 03:23:48 | INFO | trading.strategy2_signal_filter:check:641 | S2 market phase | {'symbol': 'VELVETUSDT', 'phase': 'bleed', 'note': 'bleed:bq=0.49,dir_eff=0.32'}
2026-07-12 03:23:49 | INFO | trading.strategy2_signal_filter:check:641 | S2 market phase | {'symbol': 'VELVETUSDT', 'phase': 'bleed', 'note': 'bleed:bq=0.49,dir_eff=0.32'}
2026-07-12 03:23:54 | INFO | trading.strategy2_signal_filter:check:641 | S2 market phase | {'symbol': 'VELVETUSDT', 'phase': 'bleed', 'note': 'bleed:bq=0.49,dir_eff=0.33'}
2026-07-12 03:23:59 | INFO | trading.strategy2_signal_filter:check:641 | S2 market phase | {'symbol': 'VELVETUSDT', 'phase': 'bleed', 'note': 'bleed:bq=0.49,dir_eff=0.33'}
2026-07-12 03:24:04 | INFO | trading.strategy2_signal_filter:check:641 | S2 market phase | {'symbol': 'VELVETUSDT', 'phase': 'bleed', 'note': 'bleed:bq=0.49,dir_eff=0.33'}
2026-07-12 03:24:04 | INFO | trading.strategy2_signal_filter:check:641 | S2 market phase | {'symbol': 'VELVETUSDT', 'phase': 'bleed', 'note': 'bleed:bq=0.49,dir_eff=0.33'}
2026-07-12 03:24:09 | INFO | trading.strategy2_signal_filter:check:641 | S2 market phase | {'symbol': 'VELVETUSDT', 'phase': 'bleed', 'note': 'bleed:bq=0.49,dir_eff=0.33'}
2026-07-12 03:24:14 | INFO | trading.strategy2_signal_filter:check:641 | S2 market phase | {'symbol': 'VELVETUSDT', 'phase': 'bleed', 'note': 'bleed:bq=0.49,dir_eff=0.33'}
2026-07-12 03:24:19 | INFO | trading.strategy2_signal_filter:check:641 | S2 market phase | {'symbol': 'VELVETUSDT', 'phase': 'bleed', 'note': 'bleed:bq=0.49,dir_eff=0.30'}
2026-07-12 03:24:19 | INFO | trading.strategy2_signal_filter:check:641 | S2 market phase | {'symbol': 'VELVETUSDT', 'phase': 'bleed', 'note': 'bleed:bq=0.49,dir_eff=0.30'}
2026-07-12 03:24:24 | INFO | trading.strategy2_signal_filter:check:641 | S2 market phase | {'symbol': 'VELVETUSDT', 'phase': 'bleed', 'note': 'bleed:bq=0.49,dir_eff=0.30'}
2026-07-12 03:24:29 | INFO | trading.strategy2_signal_filter:check:641 | S2 market phase | {'symbol': 'VELVETUSDT', 'phase': 'bleed', 'note': 'bleed:bq=0.49,dir_eff=0.30'}
2026-07-12 03:24:34 | INFO | trading.strategy2_signal_filter:check:641 | S2 market phase | {'symbol': 'VELVETUSDT', 'phase': 'bleed', 'note': 'bleed:bq=0.49,dir_eff=0.30'}
2026-07-12 03:24:34 | INFO | trading.strategy2_signal_filter:check:641 | S2 market phase | {'symbol': 'VELVETUSDT', 'phase': 'bleed', 'note': 'bleed:bq=0.49,dir_eff=0.30'}
2026-07-12 03:24:39 | INFO | trading.strategy2_signal_filter:check:641 | S2 market phase | {'symbol': 'VELVETUSDT', 'phase': 'bleed', 'note': 'bleed:bq=0.49,dir_eff=0.30'}
2026-07-12 03:24:45 | INFO | trading.strategy2_signal_filter:check:641 | S2 market phase | {'symbol': 'VELVETUSDT', 'phase': 'bleed', 'note': 'bleed:bq=0.49,dir_eff=0.30'}
2026-07-12 03:24:50 | INFO | trading.strategy2_signal_filter:check:641 | S2 market phase | {'symbol': 'VELVETUSDT', 'phase': 'bleed', 'note': 'bleed:bq=0.49,dir_eff=0.30'}
2026-07-12 03:24:50 | INFO | trading.strategy2_signal_filter:check:641 | S2 market phase | {'symbol': 'VELVETUSDT', 'phase': 'bleed', 'note': 'bleed:bq=0.49,dir_eff=0.30'}
2026-07-12 03:24:55 | INFO | trading.strategy2_signal_filter:check:641 | S2 market phase | {'symbol': 'VELVETUSDT', 'phase': 'bleed', 'note': 'bleed:bq=0.49,dir_eff=0.30'}
2026-07-12 03:25:00 | INFO | trading.strategy2_signal_filter:check:641 | S2 market phase | {'symbol': 'VELVETUSDT', 'phase': 'bleed', 'note': 'bleed:bq=0.49,dir_eff=0.30'}
2026-07-12 03:25:05 | INFO | trading.strategy2_signal_filter:check:641 | S2 market phase | {'symbol': 'VELVETUSDT', 'phase': 'bleed', 'note': 'bleed:bq=0.49,dir_eff=0.30'}
2026-07-12 03:25:05 | INFO | trading.strategy2_signal_filter:check:641 | S2 market phase | {'symbol': 'VELVETUSDT', 'phase': 'bleed', 'note': 'bleed:bq=0.49,dir_eff=0.30'}
2026-07-12 03:25:10 | INFO | trading.strategy2_signal_filter:check:641 | S2 market phase | {'symbol': 'VELVETUSDT', 'phase': 'bleed', 'note': 'bleed:bq=0.49,dir_eff=0.30'}
2026-07-12 03:25:15 | INFO | trading.strategy2_signal_filter:check:641 | S2 market phase | {'symbol': 'VELVETUSDT', 'phase': 'bleed', 'note': 'bleed:bq=0.49,dir_eff=0.31'}
2026-07-12 03:25:20 | INFO | trading.strategy2_signal_filter:check:641 | S2 market phase | {'symbol': 'VELVETUSDT', 'phase': 'bleed', 'note': 'bleed:bq=0.49,dir_eff=0.31'}
2026-07-12 03:25:20 | INFO | trading.strategy2_signal_filter:check:641 | S2 market phase | {'symbol': 'VELVETUSDT', 'phase': 'bleed', 'note': 'bleed:bq=0.49,dir_eff=0.31'}
2026-07-12 03:25:25 | INFO | trading.strategy2_signal_filter:check:641 | S2 market phase | {'symbol': 'VELVETUSDT', 'phase': 'bleed', 'note': 'bleed:bq=0.49,dir_eff=0.29'}
2026-07-12 03:25:30 | INFO | trading.strategy2_signal_filter:check:641 | S2 market phase | {'symbol': 'VELVETUSDT', 'phase': 'bleed', 'note': 'bleed:bq=0.49,dir_eff=0.29'}
2026-07-12 03:25:35 | INFO | trading.strategy2_signal_filter:check:641 | S2 market phase | {'symbol': 'VELVETUSDT', 'phase': 'bleed', 'note': 'bleed:bq=0.49,dir_eff=0.29'}
2026-07-12 03:25:35 | INFO | trading.strategy2_signal_filter:check:641 | S2 market phase | {'symbol': 'VELVETUSDT', 'phase': 'bleed', 'note': 'bleed:bq=0.49,dir_eff=0.29'}
2026-07-12 03:25:41 | INFO | trading.strategy2_signal_filter:check:641 | S2 market phase | {'symbol': 'VELVETUSDT', 'phase': 'bleed', 'note': 'bleed:bq=0.49,dir_eff=0.27'}
2026-07-12 03:25:46 | INFO | trading.strategy2_signal_filter:check:641 | S2 market phase | {'symbol': 'VELVETUSDT', 'phase': 'bleed', 'note': 'bleed:bq=0.49,dir_eff=0.27'}
2026-07-12 03:25:51 | INFO | trading.strategy2_signal_filter:check:641 | S2 market phase | {'symbol': 'VELVETUSDT', 'phase': 'bleed', 'note': 'bleed:bq=0.49,dir_eff=0.26'}
2026-07-12 03:26:06 | INFO | trading.strategy2_signal_filter:check:641 | S2 market phase | {'symbol': 'VELVETUSDT', 'phase': 'bleed', 'note': 'bleed:bq=0.49,dir_eff=0.26'}
2026-07-12 03:26:16 | INFO | trading.strategy2_signal_filter:check:641 | S2 market phase | {'symbol': 'VELVETUSDT', 'phase': 'bleed', 'note': 'bleed:bq=0.49,dir_eff=0.28'}
2026-07-12 03:26:21 | INFO | trading.strategy2_signal_filter:check:641 | S2 market phase | {'symbol': 'VELVETUSDT', 'phase': 'bleed', 'note': 'bleed:bq=0.49,dir_eff=0.28'}
2026-07-12 03:26:21 | INFO | trading.strategy2_signal_filter:check:641 | S2 market phase | {'symbol': 'VELVETUSDT', 'phase': 'bleed', 'note': 'bleed:bq=0.49,dir_eff=0.28'}
2026-07-12 03:26:26 | INFO | trading.strategy2_signal_filter:check:641 | S2 market phase | {'symbol': 'VELVETUSDT', 'phase': 'bleed', 'note': 'bleed:bq=0.49,dir_eff=0.28'}
2026-07-12 03:26:31 | INFO | trading.strategy2_signal_filter:check:641 | S2 market phase | {'symbol': 'VELVETUSDT', 'phase': 'bleed', 'note': 'bleed:bq=0.49,dir_eff=0.28'}
2026-07-12 03:26:37 | INFO | trading.strategy2_signal_filter:check:641 | S2 market phase | {'symbol': 'VELVETUSDT', 'phase': 'bleed', 'note': 'bleed:bq=0.49,dir_eff=0.28'}
2026-07-12 03:26:37 | INFO | trading.strategy2_signal_filter:check:641 | S2 market phase | {'symbol': 'VELVETUSDT', 'phase': 'bleed', 'note': 'bleed:bq=0.49,dir_eff=0.28'}
2026-07-12 03:26:42 | INFO | trading.strategy2_signal_filter:check:641 | S2 market phase | {'symbol': 'VELVETUSDT', 'phase': 'bleed', 'note': 'bleed:bq=0.49,dir_eff=0.28'}
2026-07-12 03:26:47 | INFO | trading.strategy2_signal_filter:check:641 | S2 market phase | {'symbol': 'VELVETUSDT', 'phase': 'bleed', 'note': 'bleed:bq=0.49,dir_eff=0.28'}
2026-07-12 03:26:52 | INFO | trading.strategy2_signal_filter:check:641 | S2 market phase | {'symbol': 'VELVETUSDT', 'phase': 'bleed', 'note': 'bleed:bq=0.49,dir_eff=0.29'}
2026-07-12 03:26:52 | INFO | trading.strategy2_signal_filter:check:641 | S2 market phase | {'symbol': 'VELVETUSDT', 'phase': 'bleed', 'note': 'bleed:bq=0.49,dir_eff=0.29'}
2026-07-12 03:26:57 | INFO | trading.strategy2_signal_filter:check:641 | S2 market phase | {'symbol': 'VELVETUSDT', 'phase': 'bleed', 'note': 'bleed:bq=0.49,dir_eff=0.29'}
2026-07-12 03:27:02 | INFO | trading.strategy2_signal_filter:check:641 | S2 market phase | {'symbol': 'VELVETUSDT', 'phase': 'bleed', 'note': 'bleed:bq=0.49,dir_eff=0.28'}
2026-07-12 03:27:07 | INFO | trading.strategy2_signal_filter:check:641 | S2 market phase | {'symbol': 'VELVETUSDT', 'phase': 'bleed', 'note': 'bleed:bq=0.49,dir_eff=0.28'}
2026-07-12 03:27:07 | INFO | trading.strategy2_signal_filter:check:641 | S2 market phase | {'symbol': 'VELVETUSDT', 'phase': 'bleed', 'note': 'bleed:bq=0.49,dir_eff=0.28'}
2026-07-12 03:27:12 | INFO | trading.strategy2_signal_filter:check:641 | S2 market phase | {'symbol': 'VELVETUSDT', 'phase': 'bleed', 'note': 'bleed:bq=0.49,dir_eff=0.29'}
2026-07-12 03:27:17 | INFO | trading.strategy2_signal_filter:check:641 | S2 market phase | {'symbol': 'VELVETUSDT', 'phase': 'bleed', 'note': 'bleed:bq=0.49,dir_eff=0.29'}
2026-07-12 03:27:22 | INFO | trading.strategy2_signal_filter:check:641 | S2 market phase | {'symbol': 'VELVETUSDT', 'phase': 'bleed', 'note': 'bleed:bq=0.49,dir_eff=0.29'}
2026-07-12 03:27:22 | INFO | trading.strategy2_signal_filter:check:641 | S2 market phase | {'symbol': 'VELVETUSDT', 'phase': 'bleed', 'note': 'bleed:bq=0.49,dir_eff=0.29'}
2026-07-12 03:27:28 | INFO | trading.strategy2_signal_filter:check:641 | S2 market phase | {'symbol': 'VELVETUSDT', 'phase': 'bleed', 'note': 'bleed:bq=0.49,dir_eff=0.29'}
2026-07-12 03:27:33 | INFO | trading.strategy2_signal_filter:check:641 | S2 market phase | {'symbol': 'VELVETUSDT', 'phase': 'bleed', 'note': 'bleed:bq=0.49,dir_eff=0.29'}
2026-07-12 03:27:38 | INFO | trading.strategy2_signal_filter:check:641 | S2 market phase | {'symbol': 'VELVETUSDT', 'phase': 'bleed', 'note': 'bleed:bq=0.49,dir_eff=0.26'}
2026-07-12 03:27:38 | INFO | trading.strategy2_signal_filter:check:641 | S2 market phase | {'symbol': 'VELVETUSDT', 'phase': 'bleed', 'note': 'bleed:bq=0.49,dir_eff=0.26'}
2026-07-12 03:27:43 | INFO | trading.strategy2_signal_filter:check:641 | S2 market phase | {'symbol': 'VELVETUSDT', 'phase': 'bleed', 'note': 'bleed:bq=0.49,dir_eff=0.26'}
2026-07-12 03:27:48 | INFO | trading.strategy2_signal_filter:check:641 | S2 market phase | {'symbol': 'VELVETUSDT', 'phase': 'bleed', 'note': 'bleed:bq=0.49,dir_eff=0.26'}
2026-07-12 03:27:53 | INFO | trading.strategy2_signal_filter:check:641 | S2 market phase | {'symbol': 'VELVETUSDT', 'phase': 'bleed', 'note': 'bleed:bq=0.49,dir_eff=0.26'}
2026-07-12 03:27:53 | INFO | trading.strategy2_signal_filter:check:641 | S2 market phase | {'symbol': 'VELVETUSDT', 'phase': 'bleed', 'note': 'bleed:bq=0.49,dir_eff=0.26'}
2026-07-12 03:27:58 | INFO | trading.strategy2_signal_filter:check:641 | S2 market phase | {'symbol': 'VELVETUSDT', 'phase': 'bleed', 'note': 'bleed:bq=0.49,dir_eff=0.26'}
2026-07-12 03:28:03 | INFO | trading.strategy2_signal_filter:check:641 | S2 market phase | {'symbol': 'VELVETUSDT', 'phase': 'bleed', 'note': 'bleed:bq=0.49,dir_eff=0.26'}
2026-07-12 03:28:08 | INFO | trading.strategy2_signal_filter:check:641 | S2 market phase | {'symbol': 'VELVETUSDT', 'phase': 'bleed', 'note': 'bleed:bq=0.49,dir_eff=0.26'}
2026-07-12 03:28:08 | INFO | trading.strategy2_signal_filter:check:641 | S2 market phase | {'symbol': 'VELVETUSDT', 'phase': 'bleed', 'note': 'bleed:bq=0.49,dir_eff=0.26'}
2026-07-12 03:28:13 | INFO | trading.strategy2_signal_filter:check:641 | S2 market phase | {'symbol': 'VELVETUSDT', 'phase': 'bleed', 'note': 'bleed:bq=0.49,dir_eff=0.26'}
2026-07-12 03:28:18 | INFO | trading.strategy2_signal_filter:check:641 | S2 market phase | {'symbol': 'VELVETUSDT', 'phase': 'bleed', 'note': 'bleed:bq=0.49,dir_eff=0.26'}
2026-07-12 03:28:24 | INFO | trading.strategy2_signal_filter:check:641 | S2 market phase | {'symbol': 'VELVETUSDT', 'phase': 'bleed', 'note': 'bleed:bq=0.49,dir_eff=0.28'}
2026-07-12 03:28:24 | INFO | trading.strategy2_signal_filter:check:641 | S2 market phase | {'symbol': 'VELVETUSDT', 'phase': 'bleed', 'note': 'bleed:bq=0.49,dir_eff=0.28'}
2026-07-12 03:28:29 | INFO | trading.strategy2_signal_filter:check:641 | S2 market phase | {'symbol': 'VELVETUSDT', 'phase': 'bleed', 'note': 'bleed:bq=0.49,dir_eff=0.28'}
2026-07-12 03:28:34 | INFO | trading.strategy2_signal_filter:check:641 | S2 market phase | {'symbol': 'VELVETUSDT', 'phase': 'bleed', 'note': 'bleed:bq=0.49,dir_eff=0.28'}
2026-07-12 03:28:39 | INFO | trading.strategy2_signal_filter:check:641 | S2 market phase | {'symbol': 'VELVETUSDT', 'phase': 'bleed', 'note': 'bleed:bq=0.49,dir_eff=0.28'}
2026-07-12 03:28:39 | INFO | trading.strategy2_signal_filter:check:641 | S2 market phase | {'symbol': 'VELVETUSDT', 'phase': 'bleed', 'note': 'bleed:bq=0.49,dir_eff=0.28'}
2026-07-12 03:28:44 | INFO | trading.strategy2_signal_filter:check:641 | S2 market phase | {'symbol': 'VELVETUSDT', 'phase': 'bleed', 'note': 'bleed:bq=0.49,dir_eff=0.28'}
2026-07-12 03:28:49 | INFO | trading.strategy2_signal_filter:check:641 | S2 market phase | {'symbol': 'VELVETUSDT', 'phase': 'bleed', 'note': 'bleed:bq=0.49,dir_eff=0.28'}
2026-07-12 03:28:54 | INFO | trading.strategy2_signal_filter:check:641 | S2 market phase | {'symbol': 'VELVETUSDT', 'phase': 'bleed', 'note': 'bleed:bq=0.49,dir_eff=0.27'}
2026-07-12 03:28:54 | INFO | trading.strategy2_signal_filter:check:641 | S2 market phase | {'symbol': 'VELVETUSDT', 'phase': 'bleed', 'note': 'bleed:bq=0.49,dir_eff=0.27'}
2026-07-12 03:28:59 | INFO | trading.strategy2_signal_filter:check:641 | S2 market phase | {'symbol': 'VELVETUSDT', 'phase': 'bleed', 'note': 'bleed:bq=0.49,dir_eff=0.27'}
2026-07-12 03:29:04 | INFO | trading.strategy2_signal_filter:check:641 | S2 market phase | {'symbol': 'VELVETUSDT', 'phase': 'bleed', 'note': 'bleed:bq=0.49,dir_eff=0.27'}
2026-07-12 03:29:09 | INFO | trading.strategy2_signal_filter:check:641 | S2 market phase | {'symbol': 'VELVETUSDT', 'phase': 'bleed', 'note': 'bleed:bq=0.49,dir_eff=0.26'}
2026-07-12 03:29:09 | INFO | trading.strategy2_signal_filter:check:641 | S2 market phase | {'symbol': 'VELVETUSDT', 'phase': 'bleed', 'note': 'bleed:bq=0.49,dir_eff=0.26'}
2026-07-12 03:29:14 | INFO | trading.strategy2_signal_filter:check:641 | S2 market phase | {'symbol': 'VELVETUSDT', 'phase': 'bleed', 'note': 'bleed:bq=0.49,dir_eff=0.26'}
2026-07-12 03:29:20 | INFO | trading.strategy2_signal_filter:check:641 | S2 market phase | {'symbol': 'VELVETUSDT', 'phase': 'bleed', 'note': 'bleed:bq=0.49,dir_eff=0.26'}
2026-07-12 03:29:25 | INFO | trading.strategy2_signal_filter:check:641 | S2 market phase | {'symbol': 'VELVETUSDT', 'phase': 'bleed', 'note': 'bleed:bq=0.49,dir_eff=0.26'}
2026-07-12 03:29:25 | INFO | trading.strategy2_signal_filter:check:641 | S2 market phase | {'symbol': 'VELVETUSDT', 'phase': 'bleed', 'note': 'bleed:bq=0.49,dir_eff=0.26'}
2026-07-12 03:29:30 | INFO | trading.strategy2_signal_filter:check:641 | S2 market phase | {'symbol': 'VELVETUSDT', 'phase': 'bleed', 'note': 'bleed:bq=0.49,dir_eff=0.26'}
2026-07-12 03:29:35 | INFO | trading.strategy2_signal_filter:check:641 | S2 market phase | {'symbol': 'VELVETUSDT', 'phase': 'bleed', 'note': 'bleed:bq=0.49,dir_eff=0.26'}
2026-07-12 03:29:40 | INFO | trading.strategy2_signal_filter:check:641 | S2 market phase | {'symbol': 'VELVETUSDT', 'phase': 'bleed', 'note': 'bleed:bq=0.49,dir_eff=0.26'}
2026-07-12 03:29:40 | INFO | trading.strategy2_signal_filter:check:641 | S2 market phase | {'symbol': 'VELVETUSDT', 'phase': 'bleed', 'note': 'bleed:bq=0.49,dir_eff=0.26'}
2026-07-12 03:29:45 | INFO | trading.strategy2_signal_filter:check:641 | S2 market phase | {'symbol': 'VELVETUSDT', 'phase': 'bleed', 'note': 'bleed:bq=0.49,dir_eff=0.26'}
2026-07-12 03:29:50 | INFO | trading.strategy2_signal_filter:check:641 | S2 market phase | {'symbol': 'VELVETUSDT', 'phase': 'bleed', 'note': 'bleed:bq=0.49,dir_eff=0.26'}
2026-07-12 03:29:55 | INFO | trading.strategy2_signal_filter:check:641 | S2 market phase | {'symbol': 'VELVETUSDT', 'phase': 'bleed', 'note': 'bleed:bq=0.49,dir_eff=0.26'}
2026-07-12 03:29:55 | INFO | trading.strategy2_signal_filter:check:641 | S2 market phase | {'symbol': 'VELVETUSDT', 'phase': 'bleed', 'note': 'bleed:bq=0.49,dir_eff=0.26'}
2026-07-12 03:30:00 | INFO | trading.strategy2_signal_filter:check:641 | S2 market phase | {'symbol': 'VELVETUSDT', 'phase': 'bleed', 'note': 'bleed:bq=0.49,dir_eff=0.26'}
2026-07-12 03:30:05 | INFO | trading.strategy2_signal_filter:check:641 | S2 market phase | {'symbol': 'VELVETUSDT', 'phase': 'bleed', 'note': 'bleed:bq=0.45,dir_eff=0.25'}
2026-07-12 03:30:10 | INFO | trading.strategy2_signal_filter:check:641 | S2 market phase | {'symbol': 'VELVETUSDT', 'phase': 'bleed', 'note': 'bleed:bq=0.45,dir_eff=0.25'}
2026-07-12 03:30:10 | INFO | trading.strategy2_signal_filter:check:641 | S2 market phase | {'symbol': 'VELVETUSDT', 'phase': 'bleed', 'note': 'bleed:bq=0.45,dir_eff=0.25'}
2026-07-12 03:30:16 | INFO | trading.strategy2_signal_filter:check:641 | S2 market phase | {'symbol': 'VELVETUSDT', 'phase': 'flat', 'note': 'flat:range=3.4%,dir_eff=0.22'}
2026-07-12 03:30:16 | INFO | trading.strategy2_signal_filter:check:856 | S2: SL adjusted to minimum distance | {'symbol': 'VELVETUSDT', 'min_dist_pct': 0.273, 'stop_loss': 0.41346857}
2026-07-12 03:30:16 | INFO | trading.strategy2_signal_filter:check:872 | S2: SL moved below grid_bottom (was inside grid) | {'symbol': 'VELVETUSDT', 'grid_bottom': 0.41272269, 'stop_loss': 0.41201554}
2026-07-12 03:30:16 | INFO | trading.strategy2_signal_filter:check:948 | S2 signal passed all filters | {'symbol': 'VELVETUSDT', 'level': 0.4146, 'level_type': 'consolidation_base', 'strength': 3, 'p_bounce': 0.929, 'sl': 0.41201554, 'tp1': 0.41647731, 'tp2': 0.42167143, 'rr': 0.73, 'phase': 'flat', 'pos_struct_pct': 6.6, 'pos_local_pct': -29.5, 'struct_range': [0.4115, 0.4587], 'approach_speed_pct': 0.0, 'red_candles_streak': 0, 'phase_streak_checks': 1, 'phase_streak_seconds': 0.0, 'bleed_in_last_12': 11, 'seconds_since_bleed': 5.1, 'phase_seq': 'bbbbbbbbbbbf', 'hours_since_pump_peak': 17.3, 'vol_decay': 0.27, 'natr_now_pct': 0.92}
2026-07-12 03:30:16 | INFO | trading.strategy2_live:_open_grid:592 | S2Live: leverage clamped to symbol max | {'symbol': 'VELVETUSDT', 'requested': 10, 'effective': 5}
2026-07-12 03:30:17 | INFO | trading.strategy2_live:_open_grid:784 | S2Live: SL order placed | {'trade_id': '83f92e43-38f0-484e-990f-161918eef23f', 'symbol': 'VELVETUSDT', 'sl_order_id': '6e007f6c-6432-4035-a5cc-5443b7722ccf', 'trigger': 0.41202, 'qty': 480.0}
2026-07-12 03:30:17 | INFO | bot.telegram:send_close_with_chart:1480 | chart candles available: VELVETUSDT 300 | {}
2026-07-12 03:30:17 | INFO | trading.strategy2_live:_open_grid:817 | S2Live grid opened | {'trade_id': '83f92e43-38f0-484e-990f-161918eef23f', 'symbol': 'VELVETUSDT', 'orders': 2}
2026-07-12 03:33:28 | INFO | __main__:_auto_screener_loop:306 | Auto screener completed | {'total': 2, 'new': 0}
2026-07-12 03:35:25 | INFO | config:remove:75 | Token removed | {'symbol': 'VELVETUSDT'}
2026-07-12 03:35:25 | INFO | __main__:_monitored:798 | Monitor cancelled | {'symbol': 'VELVETUSDT', 'level': 0.4146}
2026-07-12 03:35:25 | INFO | __main__:_monitor_health_loop:1767 | Symbol removed by monitor health check | {'symbol': 'VELVETUSDT', 'natr_5m': 0.68, 'trades_1m': 108}
2026-07-12 03:40:35 | INFO | bot.telegram:send_close_with_chart:1480 | chart candles available: VELVETUSDT 300 | {}
2026-07-12 03:40:35 | INFO | trading.strategy2_live:_reconcile_one:1289 | S2Live reconcile: no position, no fills — closed | {'trade_id': '83f92e43-38f0-484e-990f-161918eef23f', 'symbol': 'VELVETUSDT'}
2026-07-12 03:43:30 | INFO | __main__:_auto_screener_loop:306 | Auto screener completed | {'total': 2, 'new': 0}
2026-07-12 03:44:12 | INFO | __main__:_trigger_loop:357 | Trigger activated | {'symbol': 'LABUSDT'}
2026-07-12 03:44:12 | INFO | __main__:_run_phase1:414 | Pump degraded, skipping monitoring | {'symbol': 'LABUSDT', 'health': 25, 'broken': 0, 'correction': '357%'}
2026-07-12 03:45:33 | INFO | __main__:_trigger_loop:357 | Trigger activated | {'symbol': 'EVAAUSDT'}
2026-07-12 03:45:33 | INFO | __main__:_run_phase1:601 | Level broken in recent candles, skipping monitor | {'symbol': 'EVAAUSDT', 'level': 0.92724, 'close_below': 2}
2026-07-12 03:48:26 | INFO | __main__:_trigger_loop:357 | Trigger activated | {'symbol': 'TUSDT'}
2026-07-12 03:48:27 | INFO | __main__:_run_phase1:652 | Level monitoring started | {'symbol': 'TUSDT', 'level': 0.00461844, 'strength': 5}
2026-07-12 03:50:14 | INFO | __main__:_proximity_loop:1381 | Weak level touch resolved | {'symbol': 'CLOUSDT', 'level': 0.25287, 'event': 'zakol', 'fill_depth': 0.6366907897338555}
2026-07-12 03:52:26 | INFO | __main__:_stale_monitor_loop:1179 | Stale monitor cancelled — rebuilding | {'symbol': 'TUSDT', 'level': 0.00461844, 'current': 0.005224, 'distance_pct': 11.6}
2026-07-12 03:52:26 | INFO | __main__:_monitored:798 | Monitor cancelled | {'symbol': 'TUSDT', 'level': 0.00461844}
2026-07-12 03:52:27 | INFO | __main__:_run_phase1:652 | Level monitoring started | {'symbol': 'TUSDT', 'level': 0.00461727, 'strength': 5}
2026-07-12 03:53:32 | INFO | __main__:_auto_screener_loop:306 | Auto screener completed | {'total': 2, 'new': 0}
2026-07-12 03:54:35 | INFO | __main__:_proximity_arm_loop:1948 | proximity-arm activated | {'symbol': 'SXTUSDT', 'level': 0.00923, 'type': 'pump_base', 'strength': 5, 'dist_atr': 1.01}
2026-07-12 03:54:35 | INFO | __main__:_run_phase1:535 | No strong levels found | {'symbol': 'SXTUSDT', 'total_levels': 2}
2026-07-12 03:57:27 | INFO | __main__:_stale_monitor_loop:1179 | Stale monitor cancelled — rebuilding | {'symbol': 'TUSDT', 'level': 0.00461727, 'current': 0.005205, 'distance_pct': 11.3}
2026-07-12 03:57:27 | INFO | __main__:_monitored:798 | Monitor cancelled | {'symbol': 'TUSDT', 'level': 0.00461727}
2026-07-12 03:57:27 | INFO | __main__:_run_phase1:652 | Level monitoring started | {'symbol': 'TUSDT', 'level': 0.00461707, 'strength': 5}
2026-07-12 03:59:05 | INFO | __main__:_proximity_arm_loop:1948 | proximity-arm activated | {'symbol': 'CLOUSDT', 'level': 0.25507, 'type': 'pump_base', 'strength': 5, 'dist_atr': 1.74}
2026-07-12 03:59:05 | INFO | __main__:_run_phase1:535 | No strong levels found | {'symbol': 'CLOUSDT', 'total_levels': 1}
2026-07-12 04:00:20 | INFO | __main__:_trigger_loop:357 | Trigger activated | {'symbol': 'CLOUSDT'}
2026-07-12 04:00:20 | INFO | __main__:_run_phase1:652 | Level monitoring started | {'symbol': 'CLOUSDT', 'level': 0.20519, 'strength': 5}
2026-07-12 04:01:11 | INFO | __main__:_trigger_loop:357 | Trigger activated | {'symbol': 'BUSDT'}
2026-07-12 04:01:11 | INFO | __main__:_run_phase1:601 | Level broken in recent candles, skipping monitor | {'symbol': 'BUSDT', 'level': 0.11265, 'close_below': 27}
2026-07-12 04:02:27 | INFO | __main__:_stale_monitor_loop:1179 | Stale monitor cancelled — rebuilding | {'symbol': 'CLOUSDT', 'level': 0.20519, 'current': 0.25956, 'distance_pct': 20.9}
2026-07-12 04:02:27 | INFO | __main__:_stale_monitor_loop:1179 | Stale monitor cancelled — rebuilding | {'symbol': 'TUSDT', 'level': 0.00461707, 'current': 0.005165, 'distance_pct': 10.6}
2026-07-12 04:02:27 | INFO | __main__:_monitored:798 | Monitor cancelled | {'symbol': 'CLOUSDT', 'level': 0.20519}
2026-07-12 04:02:27 | INFO | __main__:_monitored:798 | Monitor cancelled | {'symbol': 'TUSDT', 'level': 0.00461707}
2026-07-12 04:02:27 | INFO | __main__:_run_phase1:535 | No strong levels found | {'symbol': 'CLOUSDT', 'total_levels': 1}
2026-07-12 04:02:28 | INFO | __main__:_run_phase1:652 | Level monitoring started | {'symbol': 'TUSDT', 'level': 0.00461664, 'strength': 4}
2026-07-12 04:03:34 | INFO | __main__:_auto_screener_loop:306 | Auto screener completed | {'total': 2, 'new': 0}
2026-07-12 04:07:28 | INFO | __main__:_stale_monitor_loop:1179 | Stale monitor cancelled — rebuilding | {'symbol': 'TUSDT', 'level': 0.00461664, 'current': 0.00522, 'distance_pct': 11.6}
2026-07-12 04:07:28 | INFO | __main__:_monitored:798 | Monitor cancelled | {'symbol': 'TUSDT', 'level': 0.00461664}
2026-07-12 04:13:36 | INFO | __main__:_auto_screener_loop:306 | Auto screener completed | {'total': 1, 'new': 0}
2026-07-12 04:23:38 | INFO | __main__:_auto_screener_loop:306 | Auto screener completed | {'total': 1, 'new': 0}
2026-07-12 04:26:36 | INFO | __main__:_proximity_arm_loop:1948 | proximity-arm activated | {'symbol': 'SXTUSDT', 'level': 0.00923, 'type': 'pump_base', 'strength': 5, 'dist_atr': 2.08}
2026-07-12 04:26:36 | INFO | __main__:_run_phase1:535 | No strong levels found | {'symbol': 'SXTUSDT', 'total_levels': 2}
2026-07-12 04:29:36 | INFO | __main__:_proximity_arm_loop:1948 | proximity-arm activated | {'symbol': 'CLOUSDT', 'level': 0.25507, 'type': 'pump_base', 'strength': 5, 'dist_atr': 1.91}
2026-07-12 04:29:37 | INFO | __main__:_run_phase1:535 | No strong levels found | {'symbol': 'CLOUSDT', 'total_levels': 1}
2026-07-12 04:30:36 | INFO | __main__:_proximity_arm_loop:1948 | proximity-arm activated | {'symbol': 'TUSDT', 'level': 0.005285, 'type': 'pump_base', 'strength': 5, 'dist_atr': 1.39}
2026-07-12 04:30:37 | INFO | __main__:_run_phase1:652 | Level monitoring started | {'symbol': 'TUSDT', 'level': 0.00465929, 'strength': 3}
2026-07-12 04:31:15 | INFO | __main__:_trigger_loop:357 | Trigger activated | {'symbol': 'SXTUSDT'}
2026-07-12 04:31:15 | INFO | __main__:_run_phase1:535 | No strong levels found | {'symbol': 'SXTUSDT', 'total_levels': 2}
2026-07-12 04:32:28 | INFO | __main__:_stale_monitor_loop:1179 | Stale monitor cancelled — rebuilding | {'symbol': 'TUSDT', 'level': 0.00465929, 'current': 0.00533, 'distance_pct': 12.6}
2026-07-12 04:32:28 | INFO | __main__:_monitored:798 | Monitor cancelled | {'symbol': 'TUSDT', 'level': 0.00465929}
2026-07-12 04:32:29 | INFO | __main__:_run_phase1:652 | Level monitoring started | {'symbol': 'TUSDT', 'level': 0.00465978, 'strength': 3}
2026-07-12 04:33:37 | INFO | __main__:_proximity_loop:1381 | Weak level touch resolved | {'symbol': 'TUSDT', 'level': 0.00517936, 'event': 'bounce', 'fill_depth': 0.1614099039263498}
2026-07-12 04:33:41 | INFO | __main__:_auto_screener_loop:306 | Auto screener completed | {'total': 1, 'new': 0}
2026-07-12 04:43:43 | INFO | __main__:_auto_screener_loop:306 | Auto screener completed | {'total': 1, 'new': 0}
2026-07-12 04:44:15 | INFO | __main__:_trigger_loop:357 | Trigger activated | {'symbol': 'LABUSDT'}
2026-07-12 04:44:15 | INFO | __main__:_run_phase1:414 | Pump degraded, skipping monitoring | {'symbol': 'LABUSDT', 'health': 40, 'broken': 0, 'correction': '336%'}
2026-07-12 04:45:36 | INFO | __main__:_trigger_loop:357 | Trigger activated | {'symbol': 'EVAAUSDT'}
2026-07-12 04:45:36 | INFO | __main__:_run_phase1:414 | Pump degraded, skipping monitoring | {'symbol': 'EVAAUSDT', 'health': 40, 'broken': 0, 'correction': '236%'}
2026-07-12 04:47:28 | INFO | __main__:_stale_monitor_loop:1179 | Stale monitor cancelled — rebuilding | {'symbol': 'TUSDT', 'level': 0.00465978, 'current': 0.005189, 'distance_pct': 10.2}
2026-07-12 04:47:28 | INFO | __main__:_monitored:798 | Monitor cancelled | {'symbol': 'TUSDT', 'level': 0.00465978}
2026-07-12 04:47:29 | INFO | __main__:_run_phase1:652 | Level monitoring started | {'symbol': 'TUSDT', 'level': 0.00465468, 'strength': 5}
2026-07-12 04:50:22 | INFO | __main__:_trigger_loop:357 | Trigger activated | {'symbol': 'TUSDT'}
2026-07-12 04:50:22 | INFO | __main__:_run_phase1:575 | Replaced old monitor with closer level | {'symbol': 'TUSDT', 'old': 0.00465468, 'new': 0.004916}
2026-07-12 04:50:22 | INFO | __main__:_monitored:798 | Monitor cancelled | {'symbol': 'TUSDT', 'level': 0.00465468}
2026-07-12 04:50:22 | INFO | __main__:_run_phase1:652 | Level monitoring started | {'symbol': 'TUSDT', 'level': 0.004916, 'strength': 5}
2026-07-12 04:52:50 | INFO | trading.strategy5_continuation:_open_trade:363 | S5 trade opened | {'trade_id': 'b32dd4b7-a000-4022-8f1d-132866a5596a', 'symbol': 'TUSDT', 'entry': 0.005234, 'sl': 0.0051892045, 'tp1': 0.0052787955, 'tp2': 0.005323591, 'growth': 16.0, 'hours_since_peak': 1.6, 'trig_vol_ratio': 1.25}
2026-07-12 04:52:55 | INFO | trading.strategy5_live:_open_live:200 | S5Live OPEN | {'trade_id': '7726afaa-1a7b-442b-b48b-7b0af7cb1a19', 'symbol': 'TUSDT', 'entry': 0.005479, 'qty': 19100.0, 'sl': 0.005189204500000001, 'tp1': 0.0057687955, 'tp2': 0.0060585909999999995, 'basis': 'pump+16.0% 1.6h retr0.7%/2c trigvol1.2x phase=drop_tradeable vdecay=0.77'}
2026-07-12 04:53:44 | INFO | __main__:_auto_screener_loop:306 | Auto screener completed | {'total': 1, 'new': 0}
2026-07-12 04:55:58 | INFO | trading.strategy5_continuation:_check_exit:414 | S5 TP1 hit, stop → breakeven | {'trade_id': 'b32dd4b7-a000-4022-8f1d-132866a5596a'}
2026-07-12 04:56:37 | INFO | __main__:_proximity_arm_loop:1948 | proximity-arm activated | {'symbol': 'SXTUSDT', 'level': 0.00923, 'type': 'pump_base', 'strength': 5, 'dist_atr': 1.42}
2026-07-12 04:56:38 | INFO | __main__:_run_phase1:535 | No strong levels found | {'symbol': 'SXTUSDT', 'total_levels': 3}
2026-07-12 05:01:20 | INFO | __main__:_trigger_loop:357 | Trigger activated | {'symbol': 'BUSDT'}
2026-07-12 05:01:20 | INFO | __main__:_run_phase1:652 | Level monitoring started | {'symbol': 'BUSDT', 'level': 0.10993, 'strength': 3}
2026-07-12 05:02:29 | INFO | __main__:_stale_monitor_loop:1179 | Stale monitor cancelled — rebuilding | {'symbol': 'BUSDT', 'level': 0.10993, 'current': 0.1302, 'distance_pct': 15.6}
2026-07-12 05:02:29 | INFO | __main__:_monitored:798 | Monitor cancelled | {'symbol': 'BUSDT', 'level': 0.10993}
2026-07-12 05:03:46 | INFO | __main__:_auto_screener_loop:306 | Auto screener completed | {'total': 1, 'new': 0}
2026-07-12 05:13:49 | INFO | __main__:_auto_screener_loop:306 | Auto screener completed | {'total': 1, 'new': 0}
2026-07-12 05:15:10 | INFO | __main__:_trigger_loop:357 | Trigger activated | {'symbol': 'BEATUSDT'}
2026-07-12 05:15:10 | INFO | __main__:_run_phase1:414 | Pump degraded, skipping monitoring | {'symbol': 'BEATUSDT', 'health': 5, 'broken': 0, 'correction': '84%'}
2026-07-12 05:28:21 | INFO | trading.price_tracker:_save_post_exit_range:187 | post_exit_tracker saved | {'trade_id': 'b32dd4b7-a000-4022-8f1d-132866a5596a', 'high': 0.005316, 'low': 0.005136}
2026-07-12 05:28:39 | INFO | __main__:_proximity_arm_loop:1948 | proximity-arm activated | {'symbol': 'BUSDT', 'level': 0.13335, 'type': 'pump_base', 'strength': 5, 'dist_atr': 1.04}
2026-07-12 05:28:39 | INFO | __main__:_run_phase1:652 | Level monitoring started | {'symbol': 'BUSDT', 'level': 0.1108, 'strength': 5}
2026-07-12 05:30:39 | INFO | __main__:_proximity_arm_loop:1948 | proximity-arm activated | {'symbol': 'CLOUSDT', 'level': 0.25507, 'type': 'pump_base', 'strength': 5, 'dist_atr': 1.06}
2026-07-12 05:30:40 | INFO | __main__:_run_phase1:652 | Level monitoring started | {'symbol': 'CLOUSDT', 'level': 0.20544, 'strength': 5}
2026-07-12 05:32:29 | INFO | __main__:_stale_monitor_loop:1179 | Stale monitor cancelled — rebuilding | {'symbol': 'BUSDT', 'level': 0.1108, 'current': 0.1369, 'distance_pct': 19.1}
2026-07-12 05:32:29 | INFO | __main__:_stale_monitor_loop:1179 | Stale monitor cancelled — rebuilding | {'symbol': 'CLOUSDT', 'level': 0.20544, 'current': 0.25538, 'distance_pct': 19.6}
2026-07-12 05:32:29 | INFO | __main__:_monitored:798 | Monitor cancelled | {'symbol': 'BUSDT', 'level': 0.1108}
2026-07-12 05:32:29 | INFO | __main__:_monitored:798 | Monitor cancelled | {'symbol': 'CLOUSDT', 'level': 0.20544}
2026-07-12 05:32:29 | INFO | __main__:_run_phase1:535 | No strong levels found | {'symbol': 'CLOUSDT', 'total_levels': 1}
2026-07-12 05:32:30 | INFO | __main__:_run_phase1:601 | Level broken in recent candles, skipping monitor | {'symbol': 'BUSDT', 'level': 0.1337, 'close_below': 6}
2026-07-12 05:35:39 | INFO | __main__:_proximity_arm_loop:1948 | proximity-arm activated | {'symbol': 'SXTUSDT', 'level': 0.008892, 'type': 'pump_base', 'strength': 5, 'dist_atr': 1.23}
2026-07-12 05:35:40 | INFO | __main__:_run_phase1:652 | Level monitoring started | {'symbol': 'SXTUSDT', 'level': 0.007374, 'strength': 5}
2026-07-12 05:37:29 | INFO | __main__:_stale_monitor_loop:1179 | Stale monitor cancelled — rebuilding | {'symbol': 'SXTUSDT', 'level': 0.007374, 'current': 0.00891, 'distance_pct': 17.2}
2026-07-12 05:37:29 | INFO | __main__:_monitored:798 | Monitor cancelled | {'symbol': 'SXTUSDT', 'level': 0.007374}
2026-07-12 05:37:30 | INFO | __main__:_run_phase1:535 | No strong levels found | {'symbol': 'SXTUSDT', 'total_levels': 1}
2026-07-12 05:45:40 | INFO | __main__:_trigger_loop:357 | Trigger activated | {'symbol': 'EVAAUSDT'}
2026-07-12 05:45:40 | INFO | __main__:_run_phase1:414 | Pump degraded, skipping monitoring | {'symbol': 'EVAAUSDT', 'health': 40, 'broken': 0, 'correction': '193%'}
2026-07-12 05:58:40 | INFO | __main__:_proximity_arm_loop:1948 | proximity-arm activated | {'symbol': 'BUSDT', 'level': 0.1261, 'type': 'pump_base', 'strength': 5, 'dist_atr': 2.45}
2026-07-12 05:58:41 | INFO | __main__:_run_phase1:652 | Level monitoring started | {'symbol': 'BUSDT', 'level': 0.1261, 'strength': 5}
2026-07-12 06:00:40 | INFO | __main__:_proximity_arm_loop:1948 | proximity-arm activated | {'symbol': 'CLOUSDT', 'level': 0.25507, 'type': 'pump_base', 'strength': 5, 'dist_atr': 1.02}
2026-07-12 06:00:40 | INFO | __main__:_run_phase1:535 | No strong levels found | {'symbol': 'CLOUSDT', 'total_levels': 1}
2026-07-12 06:01:04 | WARNING | trading.strategy5_live:_finalize_closed:320 | S5Live: no executions, PnL estimated | {'trade_id': '7726afaa-1a7b-442b-b48b-7b0af7cb1a19'}
2026-07-12 06:01:19 | INFO | trading.strategy2_signal_filter:check:641 | S2 market phase | {'symbol': 'TUSDT', 'phase': 'drop_tradeable', 'note': 'drop_tradeable:bq=0.93'}
2026-07-12 06:01:19 | INFO | trading.strategy2_signal_filter:check:856 | S2: SL adjusted to minimum distance | {'symbol': 'TUSDT', 'min_dist_pct': 0.517, 'stop_loss': 0.00489057}
2026-07-12 06:01:19 | INFO | __main__:_proximity_loop:1258 | Proximity alert sent | {'symbol': 'TUSDT', 'level': 0.004916, 'distance_pct': 0.9070751864543418}
2026-07-12 06:01:19 | INFO | trading.strategy2_signal_filter:check:641 | S2 market phase | {'symbol': 'TUSDT', 'phase': 'drop_tradeable', 'note': 'drop_tradeable:bq=0.93'}
2026-07-12 06:01:19 | INFO | trading.strategy2_signal_filter:check:856 | S2: SL adjusted to minimum distance | {'symbol': 'TUSDT', 'min_dist_pct': 0.824, 'stop_loss': 0.00487549}
2026-07-12 06:01:24 | INFO | trading.strategy2_signal_filter:check:641 | S2 market phase | {'symbol': 'TUSDT', 'phase': 'drop_tradeable', 'note': 'drop_tradeable:bq=0.93'}
2026-07-12 06:01:24 | INFO | trading.strategy2_signal_filter:check:856 | S2: SL adjusted to minimum distance | {'symbol': 'TUSDT', 'min_dist_pct': 0.517, 'stop_loss': 0.00489057}
2026-07-12 06:01:29 | INFO | __main__:_trigger_loop:357 | Trigger activated | {'symbol': 'BUSDT'}
2026-07-12 06:01:34 | INFO | trading.strategy2_signal_filter:check:641 | S2 market phase | {'symbol': 'TUSDT', 'phase': 'drop_tradeable', 'note': 'drop_tradeable:bq=0.93'}
2026-07-12 06:01:34 | INFO | trading.strategy2_signal_filter:check:856 | S2: SL adjusted to minimum distance | {'symbol': 'TUSDT', 'min_dist_pct': 0.825, 'stop_loss': 0.00487543}
2026-07-12 06:02:30 | INFO | trading.strategy2_signal_filter:check:493 | S2 skip: approach>=block (G3, level exhausted) | {'symbol': 'BUSDT', 'level': 0.1261, 'approach_count': 5, 'block_threshold': 4}
2026-07-12 06:02:30 | INFO | trading.strategy2_signal_filter:check:505 | S2: level marked dead, monitor will stop sending proximity | {'symbol': 'BUSDT', 'level': 0.1261, 'approach_count': 5}
2026-07-12 06:02:30 | INFO | __main__:_proximity_loop:1258 | Proximity alert sent | {'symbol': 'BUSDT', 'level': 0.1261, 'distance_pct': 1.8677042801556525}
2026-07-12 06:02:30 | INFO | trading.strategy2_signal_filter:check:493 | S2 skip: approach>=block (G3, level exhausted) | {'symbol': 'BUSDT', 'level': 0.1261, 'approach_count': 6, 'block_threshold': 4}
2026-07-12 06:03:06 | INFO | analysis.monitor:start_monitor:126 | monitor: skip level with non-positive p_bounce (won't pass entry filter) | {'symbol': 'TUSDT', 'level': 0.005016523809523809, 'level_type': 'wick_level', 'p_bounce': 0.0, 'expected_depth': 0.0}
2026-07-12 06:03:06 | INFO | __main__:_monitored:798 | Monitor cancelled | {'symbol': 'TUSDT', 'level': 0.004916}
2026-07-12 06:03:06 | INFO | trading.strategy2_signal_filter:check:641 | S2 market phase | {'symbol': 'TUSDT', 'phase': 'drop_tradeable', 'note': 'drop_tradeable:bq=0.93'}
2026-07-12 06:03:06 | INFO | __main__:_start_resistance_after_bounce:1116 | Resistance monitor started | {'symbol': 'TUSDT', 'resistance': 0.005016523809523809, 'from_support': 0.004916}
2026-07-12 06:03:06 | INFO | __main__:_monitored:787 | Level outcome saved | {'symbol': 'TUSDT', 'level': 0.005016523809523809, 'result': 'отбой', 'outcome': None, 'duration': 0.0}
2026-07-12 06:03:58 | INFO | __main__:_auto_screener_loop:306 | Auto screener completed | {'total': 1, 'new': 0}
